python,django,react,rest_api,mysql,docker,aws,git,javascript,html,css,experience,projects,certifications,education,ats_score,label
0,0,1,0,0,0,0,0,1,0,0,1,3,1,2,97,Needs Improvement
0,1,0,1,1,0,0,1,1,1,0,3,5,0,0,68,Suitable
1,1,1,0,1,0,1,0,1,1,0,1,0,5,0,57,Suitable
0,0,1,1,1,1,0,1,1,0,1,1,2,4,2,51,Suitable
1,1,1,0,1,0,0,0,1,1,1,1,3,4,2,60,Highly Suitable
1,1,1,0,1,0,0,1,1,1,1,3,2,4,1,31,Suitable
0,0,0,1,0,1,1,1,1,0,0,8,4,5,1,34,Highly Suitable
1,0,1,0,1,0,0,1,0,0,1,2,8,4,0,96,Highly Suitable
1,0,0,1,1,0,0,0,0,0,1,1,8,1,0,80,Highly Suitable
0,1,1,0,0,1,1,1,1,1,0,3,3,0,1,22,Highly Suitable
0,0,0,0,0,0,0,0,1,0,0,4,7,1,2,36,Suitable
1,0,1,1,0,0,0,1,1,1,1,7,0,5,2,32,Highly Suitable
1,1,0,0,0,0,1,0,1,0,1,7,3,0,1,90,Highly Suitable
0,0,0,0,0,1,1,1,0,1,0,2,6,0,1,53,Suitable
1,1,1,0,0,1,0,0,0,1,0,0,7,4,2,40,Suitable
0,0,0,0,0,1,0,0,0,0,1,8,5,2,0,60,Suitable
1,1,0,1,1,1,0,0,1,0,0,8,3,4,1,36,Highly Suitable
0,0,1,1,0,1,1,0,1,0,0,4,1,0,2,90,Highly Suitable
1,1,0,1,0,1,1,1,0,0,1,4,0,0,1,36,Highly Suitable
1,0,1,1,0,0,0,0,0,1,0,6,2,0,1,66,Suitable
1,0,0,0,1,1,0,0,0,0,1,0,2,5,1,72,Suitable
1,0,0,1,0,1,0,0,1,1,1,3,3,0,2,44,Suitable
1,1,0,1,1,1,1,0,0,1,0,4,0,0,2,75,Highly Suitable
1,1,0,1,0,1,0,1,0,0,1,6,1,5,1,99,Highly Suitable
0,1,1,1,1,1,1,0,0,1,1,2,4,3,2,20,Highly Suitable
1,0,1,1,1,1,1,0,1,0,0,4,8,5,2,99,Highly Suitable
0,0,1,0,0,0,0,0,0,1,0,7,6,5,2,44,Highly Suitable
1,1,0,0,0,0,1,0,0,1,0,8,3,0,1,37,Highly Suitable
1,1,1,1,0,1,1,1,0,1,1,3,4,3,0,56,Highly Suitable
1,1,1,0,0,0,0,1,0,0,0,6,6,2,2,79,Highly Suitable
0,0,1,1,0,1,1,0,1,1,1,6,8,5,2,89,Highly Suitable
0,1,0,1,1,1,0,1,1,1,0,7,2,4,2,23,Highly Suitable
0,0,1,0,1,0,0,1,1,1,0,7,5,2,1,55,Highly Suitable
1,0,1,0,0,1,0,0,0,0,0,3,0,4,0,50,Needs Improvement
1,0,0,1,1,1,0,0,0,1,0,0,4,4,2,68,Highly Suitable
0,0,0,0,1,0,0,1,1,1,0,8,5,0,1,82,Suitable
1,1,1,0,1,0,1,1,1,1,1,5,3,0,1,77,Highly Suitable
1,1,1,0,1,1,0,1,0,1,1,5,4,4,2,55,Highly Suitable
0,0,0,0,1,1,0,1,1,1,0,1,4,1,1,51,Needs Improvement
1,1,1,1,1,1,1,1,1,1,0,1,3,2,0,88,Highly Suitable
0,0,1,1,1,0,0,1,0,1,0,4,0,5,2,36,Suitable
0,0,1,0,1,0,0,1,1,1,1,5,2,0,1,81,Suitable
0,1,1,0,0,0,0,1,0,0,0,8,6,4,2,99,Highly Suitable
1,1,1,1,1,1,0,0,0,0,1,1,2,1,0,90,Highly Suitable
0,0,1,1,1,1,0,0,1,1,1,1,3,2,2,95,Highly Suitable
1,0,0,0,1,0,0,0,0,1,1,7,1,3,2,58,Highly Suitable
1,1,1,0,0,1,1,1,0,0,0,0,4,4,0,42,Highly Suitable
1,1,0,1,1,0,1,1,1,1,1,1,2,2,1,83,Highly Suitable
1,0,1,0,1,1,1,0,1,0,1,6,0,1,2,66,Highly Suitable
1,1,0,0,1,0,1,1,1,0,0,3,2,2,2,21,Highly Suitable
1,0,0,0,1,0,0,1,1,1,1,7,7,1,1,90,Highly Suitable
1,0,0,0,1,1,1,1,0,1,1,7,2,3,2,81,Highly Suitable
1,1,1,1,0,0,1,0,1,0,1,7,6,3,2,39,Highly Suitable
0,0,1,0,1,0,1,0,0,1,0,1,7,2,1,99,Highly Suitable
0,1,1,1,1,0,0,0,1,0,0,6,1,5,2,32,Highly Suitable
0,1,0,0,1,0,1,1,1,1,0,3,8,3,2,43,Highly Suitable
0,0,1,0,1,0,0,1,1,1,1,0,7,2,2,89,Suitable
0,1,1,1,1,1,1,1,0,1,1,1,3,3,2,65,Highly Suitable
1,1,0,1,1,0,0,1,1,0,1,3,3,4,1,37,Highly Suitable
0,0,1,1,0,1,0,0,1,1,1,2,3,1,2,66,Highly Suitable
1,0,1,1,1,1,0,1,0,0,0,6,8,2,0,70,Highly Suitable
1,0,1,1,1,1,1,0,0,1,0,8,5,4,0,28,Highly Suitable
1,1,1,0,0,0,0,1,1,0,0,3,8,1,1,78,Highly Suitable
1,0,1,0,1,1,1,0,1,0,1,7,3,2,0,67,Highly Suitable
1,0,1,1,0,0,1,0,0,0,0,5,3,1,2,46,Suitable
0,0,0,1,0,0,1,0,0,1,0,1,0,1,0,65,Not Suitable
1,0,0,1,0,0,1,0,0,1,1,5,8,4,0,77,Highly Suitable
0,0,1,1,0,0,1,1,1,0,1,7,1,0,1,97,Highly Suitable
0,0,1,1,1,1,1,1,0,0,0,6,7,1,1,63,Highly Suitable
1,1,0,1,1,1,1,1,0,1,0,1,1,0,1,32,Highly Suitable
0,0,1,0,1,1,1,0,1,1,1,1,8,1,0,81,Highly Suitable
0,1,1,0,1,0,1,0,1,0,0,4,4,2,1,20,Suitable
0,1,0,0,0,0,0,1,1,1,1,2,5,2,2,61,Highly Suitable
0,0,0,0,0,0,1,1,1,1,1,6,4,1,2,34,Suitable
1,0,1,1,1,0,0,1,0,0,0,4,3,1,1,57,Suitable
0,0,1,1,0,0,1,0,1,0,1,0,6,0,1,29,Needs Improvement
1,1,1,1,0,1,0,1,0,1,1,1,6,0,0,75,Highly Suitable
1,0,1,1,1,0,1,0,0,0,0,5,5,5,2,38,Highly Suitable
0,0,1,0,0,0,0,0,1,1,1,5,5,1,1,28,Suitable
1,1,1,0,1,0,1,1,1,0,0,5,4,0,2,31,Highly Suitable
1,1,0,1,0,1,1,0,0,1,0,5,1,4,2,42,Highly Suitable
0,1,1,0,1,1,1,1,1,1,0,5,1,2,0,91,Highly Suitable
1,1,0,1,0,0,1,1,1,0,0,4,8,3,2,62,Highly Suitable
0,1,1,0,1,1,0,0,1,1,0,3,2,1,0,57,Suitable
0,1,0,1,0,0,0,0,1,0,1,5,3,3,2,56,Highly Suitable
0,0,1,1,0,1,1,1,1,1,1,2,3,4,0,52,Suitable
1,1,0,0,1,0,0,1,1,0,1,1,3,3,1,23,Suitable
0,1,1,0,1,0,1,0,0,1,0,5,2,1,0,56,Highly Suitable
0,1,1,0,0,0,1,0,0,1,0,4,3,2,0,26,Needs Improvement
1,1,0,0,1,0,0,0,1,1,0,5,3,4,1,43,Suitable
1,0,0,1,1,0,1,1,1,0,1,1,5,1,2,100,Highly Suitable
1,0,0,1,1,0,1,1,0,0,0,7,0,2,0,25,Suitable
0,1,1,1,1,1,0,0,1,1,0,5,4,0,1,75,Highly Suitable
1,1,1,0,1,1,1,1,0,1,0,6,2,4,1,61,Highly Suitable
0,1,1,1,1,1,0,1,1,1,0,5,6,2,2,27,Highly Suitable
1,1,0,0,0,1,0,0,0,0,1,5,6,4,0,97,Highly Suitable
1,1,1,1,0,0,1,1,1,1,0,1,0,5,0,83,Highly Suitable
1,0,1,1,1,0,1,1,0,0,0,1,7,1,2,76,Highly Suitable
1,1,0,1,1,0,0,1,0,0,0,2,3,3,0,66,Highly Suitable
1,1,0,0,0,1,1,1,1,1,0,2,5,5,0,77,Highly Suitable
1,0,0,0,1,0,0,0,1,0,0,5,3,2,2,56,Suitable
1,0,1,0,1,0,0,0,0,1,0,0,1,0,2,93,Suitable
0,1,0,1,1,1,1,0,1,1,1,1,0,1,1,73,Highly Suitable
1,0,1,0,1,1,1,1,0,1,0,5,3,3,0,54,Highly Suitable
0,0,0,0,1,1,1,0,0,1,1,3,2,3,2,79,Highly Suitable
1,1,0,0,1,1,0,0,1,0,0,4,7,4,2,80,Highly Suitable
0,0,1,0,1,1,1,1,0,1,0,8,3,2,2,56,Highly Suitable
1,1,1,0,0,0,1,1,1,1,0,3,8,3,2,25,Highly Suitable
0,0,1,1,1,0,0,1,1,0,1,4,5,4,2,88,Highly Suitable
1,1,0,1,1,0,1,1,0,1,1,3,0,4,1,41,Highly Suitable
1,0,0,0,0,0,0,1,1,1,0,6,3,3,2,98,Highly Suitable
0,0,0,1,1,1,1,0,1,1,1,4,7,1,0,55,Highly Suitable
1,0,1,1,0,1,1,1,1,1,1,1,8,3,1,64,Highly Suitable
1,0,1,0,1,1,1,1,0,0,1,8,4,1,0,98,Highly Suitable
0,0,0,0,0,0,0,1,1,1,0,2,0,4,0,72,Needs Improvement
1,1,0,1,1,1,0,0,0,0,0,6,2,0,1,83,Highly Suitable
1,0,0,1,0,1,1,1,1,0,1,4,3,0,1,40,Highly Suitable
1,0,0,1,1,0,0,1,1,1,0,6,1,1,0,81,Highly Suitable
0,0,1,1,0,1,1,1,1,0,1,5,3,0,2,35,Highly Suitable
1,0,1,1,0,1,1,0,0,0,1,2,7,5,2,67,Highly Suitable
1,0,0,0,1,1,0,0,0,0,0,2,5,4,1,34,Needs Improvement
1,0,1,0,1,0,1,1,0,1,1,0,6,2,0,47,Highly Suitable
0,0,1,1,0,0,0,1,0,1,1,2,2,5,2,73,Suitable
1,1,1,1,0,0,1,0,0,1,0,3,0,0,1,79,Highly Suitable
1,1,0,0,1,1,0,1,0,0,0,6,0,1,0,28,Suitable
0,1,0,0,0,1,1,0,0,0,0,8,4,1,2,93,Highly Suitable
1,0,1,0,0,1,1,1,0,0,1,8,7,0,1,68,Highly Suitable
1,1,1,0,1,1,0,1,0,0,1,2,7,0,2,72,Highly Suitable
0,1,0,1,0,1,0,1,1,0,0,0,4,3,2,97,Highly Suitable
0,0,0,0,1,0,1,1,0,0,0,1,7,1,2,97,Suitable
1,0,1,1,1,1,1,1,1,1,1,7,1,5,1,60,Highly Suitable
1,1,1,0,0,0,0,1,1,1,0,3,5,1,1,92,Highly Suitable
1,1,1,1,1,1,0,1,0,0,1,2,8,5,0,87,Highly Suitable
0,0,0,1,0,0,0,0,0,0,1,5,0,4,2,98,Suitable
1,0,0,1,0,0,1,1,0,1,0,1,1,4,0,50,Needs Improvement
1,1,1,1,0,1,1,1,0,0,1,1,0,0,1,68,Highly Suitable
1,0,0,0,0,1,1,1,0,0,0,3,7,2,0,29,Suitable
0,0,1,0,0,0,1,0,1,0,0,6,8,2,1,37,Suitable
1,0,0,1,0,0,1,1,1,0,1,7,7,1,1,90,Highly Suitable
1,0,1,0,1,0,0,0,1,0,1,2,6,2,1,33,Suitable
0,1,1,1,1,0,0,0,0,1,1,8,8,4,1,33,Highly Suitable
0,1,0,1,1,0,1,1,1,0,0,8,2,5,1,41,Highly Suitable
1,1,1,1,0,0,0,1,1,1,1,7,1,2,1,51,Highly Suitable
1,0,1,0,0,1,0,1,1,1,1,7,5,3,2,96,Highly Suitable
1,1,0,1,1,0,1,1,1,1,0,5,6,2,1,66,Highly Suitable
0,0,0,1,0,1,1,0,1,1,0,4,3,2,2,39,Suitable
1,0,1,1,1,1,0,1,0,0,0,5,2,5,2,25,Highly Suitable
1,1,1,0,0,0,1,0,0,1,1,6,7,5,2,84,Highly Suitable
1,0,1,0,1,1,0,0,0,1,1,5,7,1,2,81,Highly Suitable
1,0,1,1,1,0,1,0,0,0,1,1,2,5,0,86,Highly Suitable
0,1,1,1,0,1,0,0,1,1,0,3,7,4,1,69,Highly Suitable
0,0,1,0,0,0,1,1,0,1,0,4,7,4,2,60,Highly Suitable
1,1,0,1,1,1,0,1,0,0,1,1,3,2,0,43,Suitable
0,1,1,0,1,1,0,1,0,0,1,4,2,1,1,77,Highly Suitable
0,1,0,1,0,0,1,1,1,1,1,7,7,1,0,92,Highly Suitable
0,1,0,1,0,1,0,1,1,0,0,4,8,2,2,25,Highly Suitable
0,1,0,0,1,0,1,1,1,0,1,1,3,1,2,95,Highly Suitable
1,0,0,0,0,0,1,1,0,1,1,4,4,4,2,32,Suitable
1,0,1,0,0,0,0,1,0,1,1,2,4,5,1,68,Highly Suitable
0,0,1,1,1,1,1,1,0,0,1,5,1,4,1,47,Highly Suitable
0,1,1,1,1,1,0,1,1,0,0,1,7,0,0,40,Highly Suitable
1,0,1,0,0,1,0,1,0,1,1,1,5,5,2,41,Suitable
1,1,0,1,0,0,0,0,1,0,0,3,8,5,1,21,Suitable
1,0,1,0,1,0,0,1,0,0,0,5,5,2,0,68,Suitable
0,0,0,0,1,1,0,0,1,1,0,1,1,1,0,95,Needs Improvement
1,1,1,0,0,1,0,0,1,0,1,3,8,4,2,44,Highly Suitable
1,0,0,1,1,0,0,1,0,0,1,5,2,3,2,73,Highly Suitable
0,1,0,0,0,0,1,0,0,0,1,8,4,5,2,84,Highly Suitable
1,1,0,0,1,0,1,0,0,0,1,6,1,2,2,75,Highly Suitable
0,0,0,1,0,1,0,1,0,0,0,2,0,1,1,64,Needs Improvement
1,0,1,0,1,0,0,1,1,1,0,4,1,3,1,85,Highly Suitable
0,1,0,1,0,1,0,0,0,0,0,0,3,0,1,66,Needs Improvement
0,0,0,1,0,1,0,1,1,1,0,5,1,4,2,26,Suitable
0,0,1,0,1,1,1,1,0,1,0,5,3,2,2,58,Highly Suitable
0,1,1,1,0,0,0,0,1,0,0,8,5,5,2,21,Highly Suitable
0,1,1,0,0,0,1,1,0,0,1,1,0,1,2,72,Suitable
1,0,0,0,1,0,0,1,0,0,1,4,5,3,2,61,Suitable
1,1,0,0,0,0,0,0,0,0,1,7,5,3,0,88,Highly Suitable
0,1,1,1,1,0,0,0,1,0,0,5,2,0,2,51,Highly Suitable
1,0,1,1,0,0,1,1,0,0,1,1,2,0,0,27,Needs Improvement
0,0,1,1,0,1,0,0,0,0,1,2,1,2,0,25,Needs Improvement
0,0,1,1,1,0,1,1,0,1,0,2,4,2,1,39,Suitable
0,1,1,1,1,0,0,1,1,0,1,3,8,1,2,89,Highly Suitable
1,1,1,1,1,1,1,1,0,0,1,3,0,2,0,80,Highly Suitable
1,0,0,0,0,0,1,0,0,1,1,2,2,1,2,60,Suitable
0,1,0,0,1,1,0,1,0,0,0,3,3,0,2,81,Suitable
1,0,0,1,0,1,0,0,0,0,0,8,5,0,1,70,Highly Suitable
0,1,1,1,0,0,1,1,1,0,1,3,2,3,1,57,Highly Suitable
0,0,1,0,0,1,0,0,1,0,1,1,3,2,1,41,Suitable
0,1,1,0,1,0,0,0,1,1,0,0,0,3,1,73,Needs Improvement
1,1,1,1,1,0,1,0,0,1,0,0,4,0,1,53,Suitable
0,1,0,1,0,0,0,1,1,0,1,2,6,1,0,32,Suitable
0,0,1,1,1,1,0,0,0,1,1,2,0,2,0,74,Needs Improvement
1,1,0,0,0,0,0,1,0,1,0,4,6,3,1,53,Suitable
1,0,1,1,1,0,1,0,1,1,1,4,3,2,2,27,Highly Suitable
0,0,1,1,0,0,1,1,1,0,1,4,1,3,2,24,Highly Suitable
0,0,1,0,0,0,0,0,0,1,0,6,3,5,0,96,Suitable
1,0,0,1,1,1,1,1,0,1,0,6,2,1,2,95,Highly Suitable
0,0,0,1,1,1,1,1,1,1,0,2,4,3,0,99,Highly Suitable
1,0,1,1,0,0,1,1,1,0,1,4,4,2,1,32,Highly Suitable
0,1,1,1,1,1,0,0,1,0,1,7,8,2,0,85,Highly Suitable
0,1,1,0,0,0,0,0,0,0,0,7,0,2,2,45,Suitable
1,1,1,0,0,0,1,1,1,0,1,8,5,2,0,53,Highly Suitable
1,0,1,0,0,0,0,0,0,1,1,8,0,5,0,80,Suitable
0,0,0,1,1,1,1,1,1,1,1,3,7,2,2,86,Highly Suitable
1,0,0,1,1,1,0,1,0,1,1,5,4,2,2,58,Highly Suitable
0,0,0,1,1,0,0,1,1,1,1,6,6,5,0,94,Highly Suitable
0,1,0,1,1,1,0,0,1,0,1,2,4,5,2,43,Highly Suitable
0,0,1,0,1,1,1,1,1,1,1,1,7,0,2,94,Highly Suitable
0,1,0,0,1,1,1,0,0,0,0,5,6,4,1,38,Highly Suitable
0,0,1,1,0,1,0,0,1,1,0,2,2,3,0,36,Suitable
1,1,1,1,1,1,0,0,0,1,0,5,8,1,0,20,Highly Suitable
0,0,1,1,0,0,1,1,0,0,0,4,4,3,2,86,Highly Suitable
1,1,0,1,1,1,0,0,1,0,0,3,2,1,2,22,Highly Suitable
0,0,1,0,1,1,0,0,0,0,0,1,6,3,1,35,Suitable
1,1,0,0,0,1,1,0,1,0,1,1,8,5,2,35,Highly Suitable
0,0,1,0,0,1,0,1,1,1,0,0,8,3,0,81,Suitable
0,0,0,0,0,1,0,0,0,0,1,3,7,2,1,79,Needs Improvement
0,0,0,1,1,1,1,0,0,0,0,2,2,2,1,76,Highly Suitable
1,0,1,1,0,0,1,1,1,1,1,7,6,5,0,34,Highly Suitable
0,0,0,1,1,1,0,1,1,0,0,7,7,0,1,76,Highly Suitable
0,1,1,0,0,1,0,1,0,1,1,6,2,4,2,26,Suitable
0,1,1,0,0,1,1,0,1,1,0,8,3,4,2,68,Highly Suitable
0,0,1,1,1,0,1,1,1,0,1,0,1,3,1,24,Suitable
0,0,1,0,1,1,1,0,0,1,1,8,7,5,2,66,Highly Suitable
0,0,0,0,1,1,1,1,0,0,0,7,2,5,2,72,Highly Suitable
1,0,0,0,1,0,1,0,1,0,1,0,1,3,1,95,Suitable
0,1,0,0,1,1,0,0,0,0,1,5,8,3,1,97,Highly Suitable
1,1,1,1,1,0,0,1,1,1,0,3,3,4,2,57,Highly Suitable
0,0,1,0,1,1,1,1,1,0,0,0,6,1,0,27,Needs Improvement
1,0,1,1,0,0,1,0,0,1,1,1,8,1,2,91,Highly Suitable
0,1,0,1,1,1,1,0,0,1,0,7,3,5,2,67,Highly Suitable
0,0,1,1,0,0,0,0,0,1,0,6,4,4,1,36,Suitable
1,0,1,1,0,0,0,1,0,1,1,8,5,0,2,60,Highly Suitable
0,0,0,0,1,1,0,1,0,0,1,5,5,2,0,99,Highly Suitable
1,0,0,1,1,0,0,0,1,1,0,6,4,4,2,56,Highly Suitable
1,1,1,0,1,0,1,0,0,0,0,1,3,5,2,47,Highly Suitable
0,0,1,0,0,0,1,1,0,0,0,0,2,2,2,29,Needs Improvement
0,1,1,1,1,1,1,1,0,1,0,8,0,5,2,99,Highly Suitable
0,0,1,0,1,1,0,1,1,1,1,0,7,1,2,48,Suitable
1,1,0,1,1,0,0,0,0,0,1,8,8,0,1,46,Highly Suitable
0,1,0,0,0,0,1,0,0,0,0,8,7,5,2,29,Highly Suitable
0,1,0,0,1,1,1,0,0,0,1,1,3,2,1,77,Suitable
1,0,1,1,1,0,0,1,0,0,1,4,5,1,2,62,Highly Suitable
1,1,1,1,1,0,0,0,1,0,0,4,1,5,0,22,Highly Suitable
0,1,0,0,1,1,0,1,1,0,1,2,7,4,2,31,Highly Suitable
1,0,0,0,0,1,0,0,0,1,1,0,3,3,0,28,Not Suitable
1,0,0,0,1,1,1,1,0,0,1,1,8,5,1,53,Highly Suitable
0,1,1,1,0,1,1,0,1,1,1,7,7,4,0,84,Highly Suitable
1,0,0,0,1,0,0,0,0,1,0,3,6,2,2,34,Suitable
1,1,0,0,1,0,0,0,0,0,0,8,0,4,0,27,Suitable
1,0,1,0,1,0,0,1,1,1,0,3,6,4,0,94,Highly Suitable
1,0,1,1,0,0,1,1,0,0,0,3,8,4,2,73,Highly Suitable
0,0,1,0,0,0,1,0,0,1,1,5,0,5,2,74,Suitable
1,1,1,0,1,0,1,1,0,0,1,8,6,2,0,20,Highly Suitable
0,0,1,0,1,1,1,0,0,1,1,4,8,3,2,66,Highly Suitable
1,1,0,1,1,0,1,1,1,1,1,6,2,5,0,49,Highly Suitable
0,0,0,1,1,0,0,1,0,0,0,7,6,0,0,53,Suitable
1,0,0,1,1,1,0,0,1,1,0,3,8,2,0,24,Highly Suitable
0,0,0,1,0,0,0,0,1,1,1,6,6,4,0,86,Suitable
0,0,1,1,1,1,0,0,1,1,0,4,2,3,2,33,Highly Suitable
0,1,1,0,1,1,1,1,1,0,1,7,7,4,0,81,Highly Suitable
1,0,1,0,0,1,1,1,0,1,0,4,1,3,2,63,Highly Suitable
0,1,1,1,0,1,0,0,1,0,0,3,4,1,0,45,Suitable
1,0,0,0,0,1,0,0,1,1,1,7,4,3,0,85,Highly Suitable
1,0,0,0,1,1,0,1,1,0,1,1,8,3,1,21,Suitable
0,1,0,1,1,1,0,1,0,1,1,5,5,1,1,74,Highly Suitable
1,1,1,1,1,1,0,0,0,0,1,3,8,3,1,45,Highly Suitable
0,1,0,0,1,1,0,1,1,1,1,8,0,3,0,40,Suitable
0,1,1,0,1,1,1,1,1,1,1,0,6,0,1,97,Highly Suitable
0,1,1,1,1,1,0,1,1,1,0,2,5,3,2,98,Highly Suitable
1,0,0,0,1,0,1,1,1,1,1,4,7,2,2,95,Highly Suitable
1,1,0,0,0,0,0,1,0,0,0,6,1,0,0,80,Suitable
0,0,1,0,0,1,0,0,1,1,0,3,4,3,2,36,Suitable
0,0,0,1,1,1,1,1,1,0,0,7,6,4,2,88,Highly Suitable
1,1,0,0,1,1,1,1,1,0,1,0,0,4,0,64,Highly Suitable
1,0,1,1,1,0,1,1,0,0,1,3,6,4,1,70,Highly Suitable
0,1,1,0,1,0,1,0,1,1,1,6,3,0,0,37,Highly Suitable
0,1,1,1,1,0,1,0,0,0,0,2,1,2,1,36,Suitable
0,0,0,0,0,1,0,1,1,1,1,5,7,5,0,62,Suitable
0,0,1,1,0,1,0,0,1,1,0,1,3,3,1,51,Needs Improvement
0,1,0,0,1,1,1,1,0,0,0,4,7,5,1,45,Highly Suitable
0,0,0,0,1,1,0,0,1,0,1,3,0,0,2,80,Suitable
0,1,0,0,0,1,0,1,0,0,1,2,8,0,0,82,Suitable
1,1,1,0,0,1,1,0,1,0,1,7,8,2,2,82,Highly Suitable
0,1,1,1,1,0,0,0,1,1,1,8,5,3,0,84,Highly Suitable
0,0,1,0,1,0,1,0,1,0,1,5,6,5,1,34,Suitable
0,0,0,0,0,0,0,1,0,0,0,6,7,4,2,95,Suitable
0,1,0,0,0,0,1,0,1,0,1,8,6,2,2,27,Highly Suitable
1,0,0,1,0,0,0,0,0,1,0,3,8,5,0,92,Highly Suitable
0,1,0,1,1,1,0,0,0,1,1,2,8,4,1,65,Highly Suitable
1,1,1,1,1,0,0,1,1,1,1,7,6,0,2,24,Highly Suitable
0,0,1,0,1,0,0,1,0,1,0,1,0,3,1,39,Not Suitable
1,1,0,0,1,1,0,1,0,0,1,7,2,3,2,93,Highly Suitable
1,0,1,0,0,1,1,1,1,0,0,0,6,0,1,87,Suitable
1,0,1,0,0,0,1,1,0,0,1,4,6,1,0,63,Suitable
1,0,1,1,0,1,1,0,0,1,0,7,6,5,2,45,Highly Suitable
0,0,0,1,1,1,0,0,1,1,1,5,3,2,1,96,Highly Suitable
0,1,0,1,1,0,1,0,0,0,1,2,1,0,2,26,Needs Improvement
0,1,0,1,0,1,1,1,0,1,0,8,3,1,2,86,Highly Suitable
1,0,0,1,0,1,0,0,1,0,1,0,7,5,0,28,Suitable
1,1,0,0,1,1,0,1,0,1,1,8,1,1,0,84,Highly Suitable
0,0,0,1,1,1,1,0,0,1,1,5,4,1,2,55,Suitable
1,1,0,1,0,0,1,1,0,0,1,8,3,3,0,93,Highly Suitable
1,1,1,1,0,0,0,0,0,1,0,6,2,5,2,40,Highly Suitable
0,0,0,1,0,0,1,1,1,1,1,4,2,1,0,36,Needs Improvement
0,1,0,0,0,0,1,0,1,0,1,5,2,3,1,80,Suitable
0,0,0,0,1,0,1,1,0,0,0,1,2,3,2,82,Suitable
1,0,1,1,0,1,1,1,0,0,1,7,0,1,2,88,Highly Suitable
0,1,0,0,1,1,1,1,1,1,0,6,4,4,0,86,Highly Suitable
1,1,0,0,0,0,1,1,1,1,0,2,7,4,2,45,Highly Suitable
0,1,1,0,0,0,0,1,1,0,1,8,2,3,2,68,Highly Suitable
0,1,0,0,0,0,0,1,1,1,1,4,2,0,0,45,Needs Improvement
1,0,1,1,1,0,1,0,0,1,1,6,7,0,2,96,Highly Suitable
0,1,0,0,0,0,0,1,0,0,0,4,5,0,0,33,Needs Improvement
0,0,1,0,1,1,0,0,1,1,1,6,1,3,2,28,Suitable
1,0,0,1,1,1,0,0,0,0,0,7,4,3,2,60,Highly Suitable
1,0,1,1,1,0,0,1,0,0,0,0,7,5,0,46,Highly Suitable
1,1,0,1,1,0,0,0,1,1,0,4,4,4,2,61,Highly Suitable
0,1,1,1,0,0,0,1,1,1,1,0,2,3,0,100,Highly Suitable
1,1,1,0,1,1,0,0,1,1,0,2,4,0,1,68,Highly Suitable
0,1,0,0,1,1,0,1,1,0,1,3,5,3,1,47,Highly Suitable
1,0,0,1,0,0,0,1,0,1,0,3,5,3,2,87,Highly Suitable
1,0,0,0,0,0,1,1,0,0,1,0,1,2,1,25,Not Suitable
1,0,1,0,1,0,0,1,1,1,1,1,4,1,0,55,Suitable
0,0,0,1,1,1,0,1,0,0,0,4,5,4,1,26,Suitable
0,1,0,0,1,0,0,1,1,0,1,5,4,2,0,88,Suitable
1,0,0,1,0,1,1,1,1,0,0,2,4,2,1,43,Highly Suitable
1,1,1,0,0,1,0,1,1,1,0,4,5,4,2,36,Highly Suitable
0,1,0,1,0,1,1,1,1,0,0,8,2,3,1,28,Highly Suitable
0,1,1,1,0,0,0,1,0,1,1,8,1,3,0,59,Highly Suitable
0,0,1,1,1,0,0,0,0,0,0,2,7,4,1,69,Highly Suitable
1,0,0,1,1,1,1,1,0,0,1,2,4,0,1,90,Highly Suitable
0,1,0,1,0,0,1,1,1,1,1,6,6,4,0,42,Highly Suitable
0,0,1,1,1,0,1,0,0,0,0,0,2,5,1,75,Suitable
0,0,1,1,1,0,1,1,1,1,1,3,2,3,2,20,Highly Suitable
1,0,1,1,1,0,0,1,1,0,1,1,2,5,2,87,Highly Suitable
1,0,0,0,1,0,1,0,1,0,1,7,8,3,2,62,Highly Suitable
1,1,1,0,0,1,1,0,1,0,0,4,0,2,1,30,Suitable
0,1,1,0,1,1,1,0,0,0,0,7,5,1,1,50,Highly Suitable
0,0,1,0,0,0,1,1,1,0,1,2,3,4,2,64,Suitable
1,0,0,0,1,1,1,1,1,0,1,6,7,2,0,87,Highly Suitable
0,1,1,1,1,0,0,1,1,1,1,4,4,0,1,94,Highly Suitable
1,0,0,1,0,1,0,0,0,0,1,1,8,0,2,77,Highly Suitable
0,1,1,0,0,0,0,0,0,0,0,1,2,3,2,92,Needs Improvement
0,0,1,1,1,0,1,1,1,1,1,2,1,2,0,68,Highly Suitable
1,0,1,1,0,1,0,1,0,1,0,7,1,1,2,75,Highly Suitable
0,1,1,0,0,0,0,1,1,0,1,2,0,0,2,69,Suitable
0,1,1,0,1,1,1,1,0,0,0,6,7,0,2,88,Highly Suitable
1,1,1,0,0,1,1,0,1,1,0,2,8,0,1,44,Highly Suitable
1,0,1,1,0,1,0,0,0,0,0,3,7,3,0,89,Highly Suitable
1,1,1,0,0,1,0,1,0,1,0,3,8,3,2,88,Highly Suitable
0,0,0,0,1,0,1,0,0,0,0,2,0,2,0,78,Needs Improvement
0,0,0,0,1,0,0,0,1,1,1,5,1,5,2,89,Suitable
1,0,0,0,1,0,0,1,0,1,0,5,8,1,1,51,Highly Suitable
0,0,0,1,0,0,1,0,0,0,0,1,4,3,2,80,Needs Improvement
0,0,1,1,1,0,0,0,0,1,0,4,5,3,0,91,Suitable
0,0,0,1,0,1,0,1,0,0,0,2,7,3,0,40,Needs Improvement
0,1,1,0,1,1,1,1,0,0,0,8,2,1,0,82,Highly Suitable
0,0,0,1,1,1,0,1,0,0,1,3,1,1,2,72,Suitable
1,0,0,1,1,0,1,0,0,1,0,6,5,1,1,44,Highly Suitable
1,1,0,1,0,0,0,1,0,0,1,7,6,1,1,48,Highly Suitable
0,0,0,0,1,1,0,1,1,1,0,6,3,1,1,75,Highly Suitable
0,0,0,1,0,0,1,0,1,1,1,1,7,3,0,30,Suitable
0,1,0,0,1,1,0,0,0,1,1,2,7,4,2,94,Highly Suitable
1,1,0,1,0,1,1,0,0,1,1,8,0,2,1,54,Highly Suitable
0,0,1,0,1,0,0,1,1,1,0,5,5,1,2,91,Highly Suitable
0,0,1,0,0,1,0,0,1,1,1,8,6,2,0,28,Highly Suitable
1,1,1,0,1,1,1,1,0,0,1,1,1,3,0,56,Suitable
0,0,1,0,0,1,0,0,0,1,1,8,2,3,1,73,Highly Suitable
0,1,0,0,0,0,1,1,1,1,1,8,8,3,1,58,Highly Suitable
0,1,0,1,0,1,1,1,0,0,1,4,7,1,2,40,Highly Suitable
1,0,0,0,0,0,0,0,1,0,1,4,5,1,0,91,Needs Improvement
1,1,0,1,1,0,1,0,0,1,1,2,7,2,0,20,Highly Suitable
1,1,1,1,0,1,1,0,1,0,0,8,1,2,0,71,Highly Suitable
0,1,1,0,1,0,0,0,1,0,0,1,8,3,2,31,Highly Suitable
1,0,1,1,0,1,1,0,1,1,1,5,0,2,1,64,Highly Suitable
1,0,0,1,1,1,1,0,1,1,0,1,2,1,1,80,Highly Suitable
1,0,1,0,0,1,1,1,0,1,0,3,2,3,1,90,Highly Suitable
0,1,1,1,1,0,0,0,0,1,1,7,1,5,2,56,Highly Suitable
0,1,0,0,0,1,1,0,1,1,1,4,7,5,0,67,Highly Suitable
0,1,0,0,0,1,1,0,1,0,0,4,5,3,2,65,Suitable
1,1,0,0,0,0,0,1,1,1,1,5,1,4,2,65,Highly Suitable
0,0,1,1,1,1,1,0,0,0,0,8,3,1,2,98,Highly Suitable
0,1,1,0,0,0,0,1,1,1,1,2,7,4,2,63,Highly Suitable
1,0,0,0,0,0,0,1,0,0,0,1,6,5,0,29,Not Suitable
1,1,0,0,0,0,0,1,0,1,0,1,4,5,0,32,Needs Improvement
0,0,0,1,0,0,0,1,1,1,0,8,3,4,2,28,Suitable
0,0,0,1,0,0,0,0,1,1,0,7,1,1,1,68,Suitable
0,0,1,0,1,0,1,0,0,1,1,4,8,5,0,30,Suitable
1,0,1,1,1,1,1,0,1,1,1,3,1,3,2,67,Highly Suitable
0,1,0,1,1,0,0,0,1,1,0,2,1,2,0,63,Needs Improvement
1,0,0,1,1,1,1,1,1,1,1,7,8,2,0,78,Highly Suitable
0,1,1,1,0,0,0,0,0,0,1,0,2,3,2,61,Needs Improvement
1,0,0,1,1,0,1,1,1,1,1,8,8,0,0,75,Highly Suitable
1,1,1,1,1,1,0,0,0,1,0,7,6,1,1,69,Highly Suitable
0,1,1,1,0,0,1,1,1,1,1,4,5,0,0,95,Highly Suitable
0,1,1,0,1,1,0,1,1,1,1,5,0,5,0,51,Highly Suitable
1,0,0,1,0,1,0,0,1,0,1,6,8,3,1,22,Highly Suitable
0,1,1,1,1,0,1,0,0,1,1,8,5,1,2,58,Highly Suitable
1,0,1,0,0,1,1,0,1,1,0,1,1,4,1,54,Suitable
1,1,0,1,0,1,1,1,1,0,1,6,4,4,2,78,Highly Suitable
0,0,0,1,0,1,1,1,0,0,1,7,2,1,0,58,Highly Suitable
1,1,0,0,1,1,1,0,1,0,1,3,1,1,0,23,Suitable
1,1,1,1,1,0,0,0,1,0,0,4,4,5,2,42,Highly Suitable
0,1,0,0,0,1,1,0,1,1,0,6,2,1,0,93,Highly Suitable
0,1,1,0,0,0,1,1,1,0,1,3,2,0,0,47,Suitable
1,1,1,0,1,1,0,1,1,1,0,4,2,2,1,67,Highly Suitable
0,0,0,0,1,1,1,1,0,0,1,6,0,3,1,58,Suitable
0,1,0,0,1,1,1,0,1,0,1,7,6,2,2,74,Highly Suitable
0,1,0,1,1,1,1,0,0,0,1,2,0,3,0,100,Highly Suitable
1,0,0,0,0,0,1,1,1,1,0,4,2,5,2,61,Highly Suitable
0,0,1,1,0,1,1,0,0,0,0,1,7,1,1,41,Needs Improvement
1,1,1,0,0,1,0,0,0,1,1,7,1,1,2,46,Highly Suitable
1,1,1,1,0,1,0,0,1,0,1,2,6,1,0,57,Highly Suitable
0,1,0,1,1,0,0,1,0,1,1,3,6,5,1,96,Highly Suitable
0,0,0,0,1,0,1,1,0,0,1,8,6,2,1,67,Highly Suitable
0,0,1,0,1,1,1,0,0,1,1,2,4,0,1,25,Needs Improvement
1,1,1,1,1,1,1,1,1,0,1,7,2,4,2,76,Highly Suitable
0,0,0,0,0,0,1,1,0,1,1,1,7,0,1,65,Suitable
1,1,1,0,0,0,1,0,0,1,0,2,8,2,2,94,Highly Suitable
0,0,1,0,0,1,0,1,0,1,0,6,5,4,0,61,Suitable
0,0,1,1,1,1,0,1,0,1,1,2,3,0,2,56,Suitable
0,0,1,0,1,1,0,0,1,0,0,3,2,3,1,56,Suitable
0,0,1,1,1,1,0,1,0,1,0,7,7,3,1,54,Highly Suitable
1,0,1,1,0,1,1,0,0,1,1,3,2,3,2,100,Highly Suitable
0,1,1,1,0,1,1,0,0,1,0,8,6,2,2,26,Highly Suitable
0,0,0,1,1,0,1,1,1,1,0,8,0,0,2,79,Highly Suitable
0,1,0,0,1,1,1,1,1,1,1,2,3,1,0,97,Highly Suitable
0,1,0,0,1,0,0,0,1,1,1,7,4,4,2,66,Highly Suitable
1,0,0,0,0,0,0,0,0,0,0,7,2,5,0,75,Suitable
0,0,1,1,0,1,1,0,0,0,0,7,7,3,0,77,Highly Suitable
0,0,1,1,0,1,0,0,1,1,1,8,4,0,1,71,Highly Suitable
1,0,0,0,1,1,0,1,1,1,0,7,5,3,2,75,Highly Suitable
0,1,0,1,1,1,0,0,1,1,0,4,6,3,2,66,Highly Suitable
0,0,1,0,1,0,0,0,0,1,0,6,7,2,0,46,Suitable
0,0,1,1,1,0,0,0,0,1,1,1,3,0,2,48,Suitable
1,1,1,0,1,0,0,0,1,1,0,1,1,4,0,84,Suitable
0,0,0,1,0,1,1,1,0,0,1,5,2,0,0,76,Suitable
0,0,1,1,1,0,0,1,1,1,1,3,2,4,1,49,Suitable
1,1,1,1,1,0,1,0,0,0,0,5,5,3,0,75,Highly Suitable
1,0,0,0,1,1,1,1,1,1,0,4,8,4,0,71,Highly Suitable
0,1,1,1,0,1,0,0,1,1,0,8,8,2,0,31,Highly Suitable
1,1,0,0,0,1,0,1,1,0,0,5,4,5,2,65,Highly Suitable
0,0,1,1,0,1,1,0,0,1,1,4,2,5,1,86,Highly Suitable
0,1,0,1,1,0,0,1,1,0,0,0,6,1,1,47,Suitable
0,1,1,1,1,1,1,1,1,1,0,2,8,1,1,78,Highly Suitable
0,0,1,1,0,0,1,0,1,0,0,5,4,0,2,39,Suitable
1,1,1,1,1,1,0,0,0,1,0,4,4,1,0,82,Highly Suitable
0,1,0,0,1,1,1,1,1,1,1,2,2,4,2,78,Highly Suitable
1,0,1,0,1,1,0,1,1,0,1,4,1,1,2,23,Highly Suitable
1,0,0,0,0,0,1,0,0,0,0,4,3,1,2,94,Suitable
0,1,1,0,1,0,1,1,0,1,0,8,5,3,1,31,Highly Suitable
0,0,1,0,0,1,0,0,1,1,0,0,5,1,0,27,Not Suitable
1,0,1,0,1,1,1,1,0,0,0,3,3,3,2,84,Highly Suitable
0,1,0,1,1,1,0,1,0,1,0,0,4,4,2,32,Suitable
0,1,1,1,0,0,0,1,0,0,1,8,7,0,0,79,Highly Suitable
1,0,0,0,1,1,1,1,1,0,1,0,2,5,2,92,Highly Suitable
1,0,1,0,0,1,1,0,1,1,1,7,4,1,2,61,Highly Suitable
0,1,1,0,0,0,1,0,0,0,1,8,7,3,2,30,Highly Suitable
0,0,1,0,1,1,1,1,0,0,0,7,5,1,1,21,Suitable
0,1,1,0,0,1,0,0,1,1,0,4,7,5,2,97,Highly Suitable
0,0,1,0,1,1,0,0,0,0,0,1,2,2,2,49,Suitable
1,0,0,1,1,0,1,0,1,1,1,4,1,5,2,79,Highly Suitable
1,0,0,0,1,1,1,1,0,1,0,5,1,4,0,48,Highly Suitable
0,0,0,0,1,1,0,0,0,1,1,0,5,2,0,33,Needs Improvement
0,1,0,1,0,0,1,0,1,0,0,0,0,3,1,28,Needs Improvement
0,1,0,1,1,0,0,0,0,1,1,6,1,4,1,49,Highly Suitable
0,1,1,1,1,0,1,0,1,1,0,1,1,0,2,28,Highly Suitable
0,0,1,1,1,1,1,0,0,0,0,0,2,2,2,75,Highly Suitable
1,1,0,0,1,1,1,1,1,0,0,0,3,4,2,26,Highly Suitable
1,0,0,0,0,1,0,1,1,1,1,4,6,2,0,33,Suitable
0,1,0,0,0,0,1,0,0,1,1,6,3,3,0,20,Suitable
0,0,1,0,0,0,1,1,0,1,0,0,3,1,1,42,Needs Improvement
1,0,1,0,0,0,0,0,1,0,0,2,6,5,0,63,Suitable
1,1,0,1,1,0,1,0,0,0,0,3,3,4,1,67,Highly Suitable
1,0,0,0,1,0,1,0,0,1,0,8,7,1,2,30,Highly Suitable
0,0,1,1,1,1,0,1,1,1,1,7,4,4,1,94,Highly Suitable
0,0,0,0,1,0,1,0,1,1,1,2,5,2,2,30,Needs Improvement
0,1,1,1,0,0,1,1,1,1,1,6,6,2,1,60,Highly Suitable
1,0,0,1,0,1,0,1,0,1,0,4,3,0,0,29,Suitable
0,0,1,0,1,1,1,1,0,0,1,0,4,2,1,71,Suitable
0,1,0,1,0,0,0,1,0,1,1,5,1,2,0,74,Suitable
0,1,1,0,1,0,0,1,0,1,1,5,3,3,1,71,Highly Suitable
1,1,0,0,0,0,1,1,1,0,1,1,8,3,0,80,Highly Suitable
1,1,1,0,0,0,0,0,1,0,0,3,1,3,1,46,Suitable
1,0,1,0,1,0,0,1,1,1,0,1,2,4,1,81,Suitable
1,0,0,0,1,1,1,0,1,0,1,4,3,0,0,77,Suitable
1,0,1,1,1,1,0,0,1,1,1,4,6,4,0,73,Highly Suitable
0,1,1,1,0,0,1,0,0,0,1,8,4,5,0,47,Highly Suitable
1,0,1,0,0,1,1,1,0,1,0,8,0,3,0,29,Highly Suitable
1,1,1,1,0,1,0,0,1,0,0,5,7,3,1,28,Highly Suitable
0,1,0,1,1,0,0,0,0,0,1,1,8,5,1,41,Suitable
0,1,0,1,1,0,0,0,0,1,0,8,1,3,2,59,Highly Suitable
0,0,0,1,0,0,1,0,0,0,0,6,0,0,1,44,Not Suitable
0,0,0,0,0,1,0,1,1,0,0,8,6,3,0,49,Suitable
0,1,1,0,0,1,1,0,1,0,1,3,1,5,1,99,Highly Suitable
0,0,0,1,1,1,0,0,1,0,1,6,2,2,0,60,Highly Suitable
0,1,0,1,1,0,0,0,0,0,1,3,6,1,2,30,Needs Improvement
0,1,1,1,0,0,1,0,0,0,1,5,2,2,1,25,Highly Suitable
1,1,0,0,1,1,0,0,0,0,0,6,8,2,0,76,Highly Suitable
0,0,1,0,0,0,0,0,0,0,0,8,3,1,2,30,Suitable
1,1,0,0,0,1,0,0,1,1,1,3,4,3,0,66,Highly Suitable
1,0,1,1,1,1,0,1,0,1,1,1,4,4,2,39,Highly Suitable
0,1,1,1,1,1,1,1,1,0,1,2,7,1,0,44,Highly Suitable
0,1,1,1,1,1,1,1,1,1,0,6,0,0,1,92,Highly Suitable
0,1,1,1,1,1,0,1,1,0,0,7,0,2,2,23,Highly Suitable
0,1,1,0,1,0,0,0,0,0,1,6,1,4,0,74,Suitable
1,1,1,1,1,1,0,0,1,0,1,3,6,5,1,20,Highly Suitable
1,0,0,0,1,1,1,1,0,0,1,2,2,1,1,43,Suitable
0,1,0,0,0,0,0,0,1,1,1,1,2,0,1,30,Not Suitable
0,1,0,1,0,0,1,1,0,0,0,4,0,5,2,25,Suitable
0,0,1,1,1,1,1,1,1,1,1,5,3,2,2,71,Highly Suitable
0,1,1,0,0,1,1,0,0,0,1,3,5,3,2,80,Highly Suitable
1,0,0,1,0,1,0,1,1,0,1,6,1,2,1,80,Highly Suitable
1,1,0,0,0,0,1,0,1,1,0,7,1,3,2,89,Highly Suitable
0,0,0,0,0,1,0,0,1,1,1,3,4,5,1,35,Needs Improvement
1,0,1,0,0,1,1,1,1,0,0,4,1,2,0,34,Suitable
1,0,0,1,0,1,1,0,1,0,0,6,6,2,1,36,Highly Suitable
0,0,1,0,1,1,0,1,0,1,1,2,4,1,2,24,Suitable
1,1,0,1,1,0,1,1,1,0,1,2,3,5,0,26,Highly Suitable
1,1,1,0,0,1,1,1,1,1,1,6,1,4,2,56,Highly Suitable
0,1,0,0,1,0,1,1,0,0,1,7,4,1,0,47,Suitable
0,1,0,0,1,1,0,0,0,1,1,2,0,0,2,63,Suitable
1,0,1,0,0,0,0,1,1,1,0,6,1,3,2,68,Highly Suitable
1,1,0,0,0,0,0,1,0,0,1,4,1,4,0,69,Suitable
1,1,0,0,1,0,0,1,0,1,1,1,8,4,2,35,Highly Suitable
0,0,0,0,1,1,0,0,0,0,0,1,8,2,0,30,Not Suitable
1,1,0,1,0,0,1,0,1,1,0,7,5,4,1,97,Highly Suitable
0,0,0,0,0,0,0,1,0,0,0,5,4,1,2,99,Suitable
0,1,1,1,0,1,1,0,1,1,0,8,3,0,2,54,Highly Suitable
0,1,0,1,0,1,1,1,0,0,0,4,1,4,0,90,Highly Suitable
0,1,0,1,1,1,0,0,1,0,0,6,3,3,0,35,Suitable
1,1,0,1,1,1,0,0,0,1,1,2,5,5,2,88,Highly Suitable
1,1,0,1,0,0,0,0,1,1,0,5,3,5,2,73,Highly Suitable
0,1,1,1,1,1,1,0,1,0,1,6,5,0,2,30,Highly Suitable
0,0,0,0,0,1,1,0,1,0,1,7,8,5,2,88,Highly Suitable
1,0,0,0,1,1,0,0,1,0,0,2,1,2,0,85,Suitable
0,1,1,1,0,1,0,1,0,0,1,4,7,2,1,47,Highly Suitable
1,0,1,0,1,1,0,1,0,1,1,4,5,0,0,64,Highly Suitable
1,1,0,0,1,1,0,0,0,1,0,7,0,1,2,52,Highly Suitable
1,1,1,1,1,1,0,1,0,1,1,2,2,2,2,75,Highly Suitable
1,0,0,0,1,0,0,1,1,1,0,2,3,3,2,54,Suitable
1,1,1,0,1,1,1,0,0,0,0,2,2,2,2,21,Suitable
0,1,1,0,1,1,1,1,1,0,1,3,2,5,2,43,Highly Suitable
1,0,1,0,1,0,1,0,0,0,0,3,1,1,1,24,Needs Improvement
0,0,1,0,0,0,0,1,1,1,0,3,5,3,1,27,Suitable
1,0,1,0,1,1,1,1,1,0,1,0,2,0,0,26,Suitable
0,1,1,1,0,1,0,1,1,1,1,4,1,0,2,21,Highly Suitable
0,1,1,1,1,0,1,0,1,0,0,2,1,0,2,44,Suitable
1,0,0,1,1,1,0,0,0,0,0,6,8,5,1,91,Highly Suitable
1,1,0,1,0,1,1,0,0,1,0,4,0,4,0,44,Highly Suitable
1,0,0,1,1,1,1,1,0,0,0,2,3,4,2,21,Highly Suitable
1,1,1,0,1,1,0,0,0,0,0,4,0,5,0,55,Suitable
1,0,0,0,0,0,1,1,1,0,1,2,6,4,1,61,Suitable
0,1,0,1,0,1,0,0,1,1,0,7,3,2,1,46,Highly Suitable
1,0,1,0,1,1,0,1,0,1,0,7,2,1,0,92,Highly Suitable
0,1,0,1,0,0,1,0,0,0,0,6,3,3,2,71,Suitable
0,0,0,1,1,0,0,0,0,0,0,1,4,1,2,96,Needs Improvement
0,0,1,0,0,0,1,1,0,1,1,7,2,1,0,89,Suitable
0,0,0,0,1,0,1,0,0,0,0,3,6,3,0,65,Suitable
1,0,1,0,1,0,0,0,0,1,1,1,5,0,1,30,Needs Improvement
0,0,1,1,0,1,0,1,1,1,0,4,7,5,1,53,Highly Suitable
0,0,0,1,0,1,1,1,0,0,1,4,2,0,1,36,Needs Improvement
1,1,1,1,1,1,1,1,0,0,1,6,8,3,2,88,Highly Suitable
0,1,0,1,0,0,0,1,0,0,0,5,8,3,0,34,Suitable
1,1,0,1,1,0,1,0,0,0,0,2,1,5,2,38,Highly Suitable
0,1,1,0,0,0,1,0,0,0,1,2,1,1,0,21,Needs Improvement
1,0,0,1,0,1,1,1,1,1,0,4,1,1,0,24,Highly Suitable
0,0,0,1,1,1,1,1,0,1,0,4,1,4,1,36,Suitable
1,0,0,1,0,0,1,1,1,1,1,2,0,2,2,74,Suitable
1,0,0,0,1,1,0,0,1,0,0,1,3,4,0,59,Needs Improvement
0,0,0,1,0,0,1,0,0,1,0,4,0,2,1,70,Suitable
0,1,1,1,0,0,1,1,0,0,0,6,7,4,0,57,Highly Suitable
0,1,0,0,0,0,0,0,1,1,0,5,4,2,2,75,Suitable
1,0,0,0,0,1,0,0,0,1,0,7,1,3,1,41,Suitable
0,0,1,1,1,0,0,0,1,1,1,4,7,5,0,35,Highly Suitable
1,0,1,1,1,1,0,1,1,1,1,1,6,4,1,53,Highly Suitable
0,0,0,0,0,1,1,0,1,0,0,6,7,5,0,64,Highly Suitable
1,1,0,0,0,0,1,1,0,1,1,1,5,2,2,82,Highly Suitable
1,0,1,1,0,0,1,0,0,1,0,6,0,2,1,80,Highly Suitable
0,0,0,1,1,1,0,0,0,0,1,6,1,2,2,77,Highly Suitable
0,1,0,0,0,1,1,1,0,0,1,6,7,3,2,40,Highly Suitable
1,1,0,0,0,0,1,1,0,0,1,2,7,2,0,72,Highly Suitable
0,1,0,1,0,0,0,0,1,0,1,3,5,1,0,93,Suitable
1,1,0,1,1,0,1,1,1,1,1,5,8,3,2,62,Highly Suitable
0,1,1,1,0,0,1,1,1,1,1,1,1,0,0,22,Suitable
1,0,1,0,1,0,1,1,0,0,1,8,6,0,0,80,Highly Suitable
1,1,1,1,0,1,0,1,1,1,1,6,3,0,1,24,Highly Suitable
0,0,1,1,1,0,1,0,1,0,1,0,6,1,2,69,Suitable
1,1,0,1,0,0,0,0,1,1,0,5,3,0,0,23,Suitable
0,0,0,0,1,0,0,1,1,0,0,3,4,1,2,51,Needs Improvement
1,0,1,0,0,0,0,0,1,0,0,2,4,2,0,31,Not Suitable
1,1,0,1,0,1,0,1,0,1,0,3,6,3,1,77,Highly Suitable
0,1,0,0,0,0,1,1,1,0,0,8,4,0,0,97,Suitable
0,0,0,1,0,0,0,1,0,0,0,2,4,2,1,45,Not Suitable
1,1,1,1,1,1,0,1,0,0,1,6,1,4,2,59,Highly Suitable
0,1,1,1,1,1,1,0,1,1,0,5,5,5,0,77,Highly Suitable
0,1,1,1,1,1,0,0,0,1,1,2,5,1,0,47,Highly Suitable
1,0,1,0,0,1,0,1,0,1,1,3,8,0,1,56,Highly Suitable
0,0,0,1,0,1,1,1,1,0,0,0,7,3,0,55,Suitable
0,0,1,0,1,1,0,0,1,0,0,7,4,1,1,24,Highly Suitable
0,1,0,0,1,0,1,1,1,1,1,6,1,4,1,83,Highly Suitable
0,1,1,1,1,0,1,0,0,0,0,0,2,0,1,75,Suitable
0,0,0,1,0,0,1,0,0,0,1,1,4,2,2,98,Suitable
1,0,0,1,0,0,1,0,1,1,0,8,8,1,2,81,Highly Suitable
1,1,1,0,0,1,1,0,1,0,0,1,1,3,0,47,Suitable
0,1,1,0,1,0,1,0,1,1,1,2,8,0,0,48,Highly Suitable
1,1,0,1,0,0,1,1,0,1,0,2,7,0,2,34,Highly Suitable
0,1,0,1,0,1,1,1,1,0,0,5,6,1,0,70,Highly Suitable
1,1,0,1,1,1,0,0,1,1,0,4,3,3,0,96,Highly Suitable
1,1,0,0,0,0,0,0,0,0,1,3,1,4,0,55,Needs Improvement
1,1,1,0,0,1,1,0,0,0,1,4,4,5,0,32,Highly Suitable
1,1,0,0,1,0,0,0,1,1,0,0,7,3,1,22,Suitable
1,0,0,0,1,1,0,1,0,1,0,0,0,4,2,57,Suitable
0,0,0,0,1,1,1,1,1,1,1,4,5,3,0,65,Highly Suitable
1,1,0,1,0,0,1,0,0,1,1,0,3,4,2,75,Highly Suitable
0,0,0,1,0,1,1,0,1,1,1,6,6,2,1,44,Highly Suitable
1,0,1,1,1,1,0,0,1,0,1,2,8,2,2,91,Highly Suitable
1,1,1,0,1,0,1,0,0,1,0,0,7,2,0,75,Highly Suitable
0,0,1,0,1,1,0,0,1,0,0,6,1,2,0,24,Suitable
1,0,1,1,1,0,1,1,1,0,1,5,2,5,0,52,Highly Suitable
1,0,1,1,0,1,1,0,1,1,0,2,8,3,2,60,Highly Suitable
1,1,1,1,1,1,1,1,0,0,1,1,2,4,1,51,Highly Suitable
1,0,1,0,1,0,1,0,1,1,0,1,0,2,2,33,Suitable
0,1,1,1,0,0,0,0,0,1,0,3,2,2,2,59,Suitable
1,0,0,0,0,0,0,0,0,0,0,7,0,4,1,70,Needs Improvement
0,1,1,1,0,0,1,1,0,1,0,0,2,1,2,50,Suitable
0,1,1,1,1,0,1,1,1,1,1,1,7,3,1,38,Highly Suitable
1,1,0,1,0,1,0,1,0,1,0,7,7,2,0,40,Highly Suitable
0,1,1,0,0,0,1,1,1,0,1,4,6,0,2,81,Highly Suitable
1,0,1,0,1,1,1,0,0,0,0,3,1,5,0,83,Highly Suitable
1,0,0,0,0,1,1,0,0,1,0,0,1,3,1,97,Highly Suitable
0,0,1,0,1,1,0,0,0,1,1,7,4,1,0,40,Suitable
0,0,0,0,0,0,0,0,1,1,0,5,2,5,2,87,Suitable
0,0,1,1,1,0,0,1,1,1,0,1,2,4,1,32,Needs Improvement
1,0,0,1,0,0,1,1,1,1,0,2,4,0,2,93,Highly Suitable
1,1,0,0,1,1,0,0,1,1,1,3,5,0,0,46,Highly Suitable
1,0,0,1,0,0,1,0,1,0,1,2,4,5,0,33,Needs Improvement
1,0,1,1,1,1,0,0,0,0,0,8,6,5,2,22,Highly Suitable
1,0,1,1,0,1,1,0,0,1,0,5,5,1,1,75,Highly Suitable
0,0,0,0,0,1,0,0,0,0,0,0,2,3,0,56,Not Suitable
1,1,0,1,0,1,1,0,0,0,1,8,3,3,2,65,Highly Suitable
1,1,1,1,0,1,1,0,0,1,1,7,4,0,0,37,Highly Suitable
0,1,0,0,1,0,0,0,1,1,0,0,7,0,1,55,Suitable
1,1,0,0,1,1,1,0,1,1,1,0,3,1,1,43,Highly Suitable
0,1,0,1,0,1,1,0,0,1,1,6,0,0,2,69,Highly Suitable
1,1,1,0,1,1,0,0,0,1,1,1,3,4,1,63,Highly Suitable
1,0,1,1,1,1,0,0,1,1,1,2,7,3,0,76,Highly Suitable
1,0,1,1,0,1,0,0,1,1,0,7,2,2,1,53,Highly Suitable
0,0,0,0,0,0,0,0,0,1,1,0,8,5,0,27,Not Suitable
1,0,1,0,0,1,0,0,1,0,0,3,3,2,2,67,Highly Suitable
0,1,1,0,0,1,1,1,1,1,1,4,0,1,1,25,Suitable
0,0,0,0,1,1,0,1,0,0,1,1,1,1,2,84,Suitable
1,0,0,1,1,1,1,0,1,0,1,3,5,1,1,60,Highly Suitable
0,1,1,1,0,1,0,1,1,0,1,6,3,4,0,88,Highly Suitable
1,0,1,1,1,1,0,0,1,1,0,7,3,1,1,21,Highly Suitable
0,1,1,1,0,0,0,1,0,0,0,2,8,4,1,74,Highly Suitable
0,1,0,1,0,1,1,0,0,0,1,7,6,5,1,75,Highly Suitable
1,0,0,0,0,0,1,1,1,1,1,2,8,5,2,55,Highly Suitable
0,1,1,1,0,1,1,1,1,1,0,2,0,5,2,46,Highly Suitable
1,1,0,1,1,0,0,1,1,1,1,3,2,2,1,97,Highly Suitable
0,1,0,0,0,0,0,0,0,0,1,0,5,1,1,93,Needs Improvement
1,0,1,1,0,0,1,1,1,1,0,2,4,5,2,34,Highly Suitable
0,0,0,1,0,1,1,1,0,1,0,6,1,5,2,60,Highly Suitable
0,0,0,0,1,0,0,1,1,0,1,2,7,2,0,45,Suitable
0,0,0,1,0,1,0,0,0,1,1,6,3,5,1,81,Highly Suitable
0,1,0,1,1,1,1,1,1,1,0,3,1,2,1,77,Highly Suitable
0,1,0,0,1,1,0,1,1,0,1,7,6,5,0,23,Highly Suitable
1,0,1,0,1,1,1,1,1,1,1,6,4,0,1,82,Highly Suitable
1,0,1,1,1,0,0,0,0,1,0,8,0,5,0,68,Highly Suitable
1,1,0,0,0,1,0,0,1,0,1,2,5,2,1,47,Highly Suitable
0,0,0,0,0,1,1,0,0,1,1,0,3,5,2,51,Needs Improvement
1,0,1,1,0,1,0,0,0,1,0,0,8,4,0,32,Highly Suitable
1,0,1,1,1,0,1,1,1,0,0,4,7,3,1,74,Highly Suitable
0,1,1,1,1,0,1,0,1,1,1,8,1,3,0,93,Highly Suitable
1,0,1,1,1,0,1,1,0,0,0,8,2,1,1,95,Highly Suitable
0,0,1,1,0,0,1,1,1,1,1,2,0,2,2,92,Highly Suitable
1,0,1,0,1,1,1,0,1,1,1,8,8,5,2,30,Highly Suitable
1,0,1,0,0,0,0,0,0,1,0,0,6,3,0,100,Suitable
1,0,1,1,0,1,0,1,1,1,1,5,2,1,1,86,Highly Suitable
1,1,1,1,0,1,0,0,1,0,1,6,2,1,1,28,Highly Suitable
1,0,0,0,1,1,0,0,1,0,0,5,8,1,1,100,Highly Suitable
0,1,1,1,1,1,1,1,0,0,0,1,3,2,0,53,Highly Suitable
0,0,1,1,1,1,0,0,0,0,0,1,2,1,0,80,Needs Improvement
1,0,0,0,1,1,1,1,1,0,0,8,6,3,1,80,Highly Suitable
1,1,0,0,0,1,0,1,1,1,1,1,8,3,2,64,Highly Suitable
0,1,1,1,1,0,0,1,1,0,0,3,7,2,2,44,Highly Suitable
1,1,0,1,1,0,1,0,1,1,1,0,4,2,2,27,Highly Suitable
0,1,1,1,0,1,0,0,1,0,0,2,2,0,1,35,Needs Improvement
1,0,1,0,1,0,0,1,1,0,1,8,0,5,1,73,Highly Suitable
0,0,0,1,0,0,1,0,1,0,1,2,0,2,1,91,Suitable
0,1,1,0,1,0,0,0,0,0,0,5,0,1,0,47,Suitable
1,1,0,0,1,0,0,1,0,1,1,2,4,1,2,60,Highly Suitable
0,0,1,0,0,1,1,1,1,0,1,5,5,2,2,86,Highly Suitable
0,0,1,0,0,1,1,1,0,1,1,1,8,1,1,47,Suitable
1,0,0,0,1,0,1,1,1,1,0,5,1,5,1,21,Suitable
1,1,1,1,0,0,1,1,0,1,0,0,7,4,1,95,Highly Suitable
1,1,1,0,1,1,1,1,1,1,0,3,8,0,1,74,Highly Suitable
1,0,0,0,1,0,0,0,1,0,0,4,2,2,1,70,Needs Improvement
1,0,0,0,0,1,1,0,0,0,0,6,1,5,0,39,Suitable
1,0,1,0,1,0,1,1,0,1,1,7,3,0,1,36,Highly Suitable
0,1,1,1,1,1,0,1,1,0,0,2,3,2,1,63,Highly Suitable
0,1,0,0,0,1,0,0,0,1,1,1,5,3,2,43,Suitable
0,1,1,1,1,0,1,1,0,0,1,8,1,3,0,64,Highly Suitable
1,0,0,1,0,1,1,0,1,1,1,0,4,3,1,34,Highly Suitable
1,1,1,1,1,0,0,1,1,0,0,0,5,5,2,53,Highly Suitable
1,1,0,1,1,0,0,1,1,1,0,5,4,3,1,57,Highly Suitable
1,0,1,1,1,0,1,1,1,0,0,5,0,4,2,70,Highly Suitable
0,0,0,0,0,1,1,1,1,1,0,8,7,0,0,61,Highly Suitable
0,0,0,1,0,1,1,1,1,0,0,4,1,3,0,44,Suitable
1,1,0,0,1,1,0,1,1,0,1,8,0,4,1,43,Highly Suitable
1,0,1,0,0,1,0,1,1,1,1,1,3,1,0,61,Suitable
0,1,1,1,1,1,1,0,1,1,1,5,7,1,1,83,Highly Suitable
0,1,1,1,0,0,1,1,0,0,1,4,4,2,1,79,Highly Suitable
0,0,1,1,1,0,1,1,0,1,0,6,1,0,1,47,Suitable
0,1,0,0,1,1,1,0,1,1,1,5,1,5,2,60,Highly Suitable
1,0,1,1,1,1,1,0,0,1,1,0,8,2,1,42,Highly Suitable
1,1,1,1,0,0,0,0,0,1,0,5,3,1,2,100,Highly Suitable
0,1,0,1,0,0,1,1,0,0,1,3,5,1,1,28,Needs Improvement
0,1,1,0,1,0,0,1,0,1,0,3,7,5,0,20,Suitable
1,1,1,0,1,1,0,0,1,1,0,4,6,5,0,66,Highly Suitable
1,1,0,0,0,1,0,0,1,1,1,2,3,3,0,53,Suitable
1,0,1,1,0,1,1,1,1,1,1,4,4,4,0,37,Highly Suitable
1,0,0,1,1,1,1,0,1,1,1,4,2,5,2,36,Highly Suitable
1,1,1,0,0,0,1,0,0,1,1,8,8,3,1,99,Highly Suitable
1,0,1,1,1,1,0,1,0,1,1,0,1,2,0,59,Suitable
0,0,1,0,0,1,1,1,0,0,0,5,0,3,2,32,Suitable
0,1,0,0,1,0,0,1,0,0,0,7,2,0,2,54,Suitable
1,0,0,0,0,1,0,0,0,0,1,7,1,4,0,60,Highly Suitable
0,0,1,0,1,0,1,0,0,0,1,4,0,4,1,34,Suitable
0,1,0,1,1,1,1,0,1,1,1,4,4,4,0,63,Highly Suitable
1,1,0,0,1,0,1,1,1,0,0,1,6,5,1,32,Highly Suitable
1,0,0,0,0,0,1,1,1,1,0,4,3,4,2,39,Suitable
0,0,1,0,0,0,1,1,1,1,0,4,7,2,1,38,Suitable
1,1,1,1,1,1,1,1,0,1,0,6,5,5,0,78,Highly Suitable
0,0,0,1,1,1,0,1,1,1,1,8,8,5,0,47,Highly Suitable
1,1,0,0,0,0,1,1,1,0,1,7,3,2,2,95,Highly Suitable
0,0,0,1,1,1,1,1,0,1,0,1,5,5,1,39,Suitable
1,0,0,1,0,1,1,1,0,0,0,5,5,3,2,47,Highly Suitable
1,1,0,1,1,1,0,1,1,0,0,1,6,3,1,82,Highly Suitable
0,1,0,1,0,1,1,1,1,0,0,1,8,0,2,40,Highly Suitable
0,1,0,0,1,1,1,1,0,1,0,2,5,3,2,75,Highly Suitable
1,1,0,1,0,0,0,1,1,0,1,3,5,4,1,45,Highly Suitable
1,0,0,0,0,1,0,0,0,0,0,8,5,0,1,60,Suitable
0,0,1,0,1,1,0,0,1,0,0,7,1,3,0,76,Suitable
1,0,1,1,1,0,0,1,0,0,0,8,8,0,0,46,Highly Suitable
1,1,1,1,0,0,0,1,1,1,0,7,0,0,1,73,Highly Suitable
0,1,1,1,0,1,1,0,0,1,1,0,4,5,2,61,Highly Suitable
0,0,0,0,0,0,0,1,0,0,0,4,5,4,1,40,Needs Improvement
0,0,0,0,1,0,0,0,1,0,1,6,5,2,2,61,Suitable
0,1,0,1,0,0,1,0,1,0,0,1,0,2,0,31,Needs Improvement
0,0,1,1,1,1,0,0,1,1,1,4,2,2,2,89,Highly Suitable
0,1,1,0,0,0,0,0,0,0,0,6,4,4,0,51,Suitable
1,0,1,1,1,1,0,1,1,1,0,0,6,5,0,45,Highly Suitable
0,0,0,0,0,1,1,0,1,1,1,3,6,3,0,78,Highly Suitable
1,1,0,1,1,1,0,1,1,1,1,1,5,4,1,28,Highly Suitable
1,0,0,0,0,1,0,0,1,0,1,4,7,3,2,30,Highly Suitable
0,1,0,0,0,0,0,1,0,0,1,8,3,5,2,41,Highly Suitable
0,0,0,0,0,1,0,1,0,1,1,6,8,3,1,79,Highly Suitable
0,1,0,0,1,1,0,0,0,1,0,2,7,1,0,70,Suitable
1,1,0,0,1,0,0,1,0,1,0,2,3,3,0,55,Suitable
0,0,1,0,1,0,1,1,0,1,0,1,5,2,0,68,Suitable
0,1,1,0,1,1,0,0,0,1,0,7,6,3,0,33,Highly Suitable
1,1,1,1,1,1,0,0,0,1,0,7,3,4,1,54,Highly Suitable
1,1,1,0,0,0,0,0,0,1,1,6,0,2,2,76,Highly Suitable
0,1,1,0,0,0,0,1,0,1,1,0,7,2,1,64,Suitable
0,1,1,0,1,1,1,0,0,1,1,5,2,3,0,62,Highly Suitable
0,1,1,0,0,1,1,1,0,1,0,4,7,2,1,76,Highly Suitable
0,0,1,0,0,0,1,1,0,1,0,3,1,0,2,96,Suitable
1,0,1,1,1,0,1,0,1,0,1,3,7,0,0,90,Highly Suitable
1,0,1,0,0,0,0,1,0,0,0,4,3,0,2,81,Suitable
1,0,1,0,1,1,1,1,1,1,1,5,3,2,2,65,Highly Suitable
0,1,0,0,0,1,1,0,0,1,0,7,4,4,0,78,Highly Suitable
1,1,1,0,0,0,1,0,1,1,0,1,5,0,2,55,Highly Suitable
1,0,1,1,0,1,0,1,1,1,1,3,8,3,0,89,Highly Suitable
1,0,0,1,0,0,0,1,0,0,0,2,2,0,2,83,Needs Improvement
1,0,0,1,1,1,1,1,0,1,0,1,4,2,0,75,Highly Suitable
1,0,0,1,1,0,0,1,0,1,1,1,8,2,0,97,Suitable
0,1,0,0,0,0,0,1,1,1,0,5,1,1,0,99,Suitable
0,0,1,0,0,1,0,1,0,0,1,0,0,4,0,59,Needs Improvement
0,1,0,0,0,1,0,0,1,1,1,7,1,5,2,28,Highly Suitable
0,1,0,0,1,0,1,0,1,0,1,1,8,0,2,61,Highly Suitable
1,0,1,1,0,1,0,1,1,1,1,6,1,3,0,82,Highly Suitable
1,1,1,1,1,1,0,0,0,0,1,8,2,5,1,26,Highly Suitable
0,0,1,1,0,1,0,1,0,1,0,3,1,3,0,48,Suitable
0,0,1,0,0,0,1,0,0,1,0,3,5,1,1,49,Needs Improvement
1,0,0,0,0,1,1,1,0,1,1,0,6,3,1,55,Suitable
1,1,0,1,0,1,0,0,0,0,0,2,7,0,0,88,Highly Suitable
0,1,1,1,1,1,1,0,0,1,0,1,8,3,0,36,Highly Suitable
0,1,1,0,0,0,0,1,0,0,0,3,6,4,1,76,Suitable
1,0,0,0,1,0,0,0,1,1,0,5,7,1,2,27,Suitable
1,0,1,0,0,0,0,1,1,0,1,1,3,4,2,56,Highly Suitable
0,0,1,0,0,0,1,0,0,1,1,0,2,0,2,49,Not Suitable
1,0,0,1,0,0,0,0,0,1,1,4,6,3,2,50,Highly Suitable
1,1,1,1,0,1,1,0,0,1,0,6,4,1,1,22,Highly Suitable
1,0,0,1,1,0,1,0,1,0,1,6,6,3,2,77,Highly Suitable
1,1,1,1,1,1,0,0,0,0,0,3,5,3,2,72,Highly Suitable
1,0,1,0,1,0,1,1,1,0,0,3,5,4,0,69,Highly Suitable
1,0,1,0,0,1,0,1,0,1,0,2,6,2,1,51,Suitable
1,1,0,0,0,0,0,0,0,1,0,5,5,1,2,39,Suitable
1,0,1,1,1,1,1,0,1,1,0,8,2,1,0,73,Highly Suitable
1,0,1,1,0,0,0,1,0,0,0,6,7,3,1,41,Suitable
1,1,0,1,0,1,1,1,0,1,0,2,2,4,1,70,Highly Suitable
0,0,1,1,0,1,1,0,1,0,1,4,3,4,1,86,Highly Suitable
1,1,0,0,0,1,1,1,1,1,0,4,7,5,0,62,Highly Suitable
0,0,0,0,1,1,0,1,1,1,0,4,6,2,1,85,Highly Suitable
1,1,0,1,1,0,1,1,1,0,1,1,5,4,0,22,Suitable
0,0,0,0,1,0,0,0,0,0,0,0,5,4,0,39,Not Suitable
1,1,0,0,0,0,0,0,0,0,0,0,6,5,0,46,Needs Improvement
0,1,1,0,1,0,1,0,1,1,0,7,2,4,0,30,Highly Suitable
0,1,0,0,0,0,0,0,1,0,0,6,4,4,1,84,Highly Suitable
1,0,1,1,1,0,0,1,1,0,0,0,1,3,1,27,Suitable
1,0,1,0,0,1,1,0,1,1,1,5,7,2,1,58,Highly Suitable
1,0,0,0,0,1,1,1,1,1,1,7,7,3,0,38,Highly Suitable
1,0,0,1,1,0,1,1,0,1,0,2,2,1,0,22,Suitable
1,0,1,1,0,0,1,1,0,1,1,3,3,3,2,83,Highly Suitable
1,0,1,0,1,0,0,1,1,1,0,3,8,3,0,73,Highly Suitable
0,1,0,1,1,1,0,0,1,1,1,2,5,4,1,28,Suitable
1,1,1,0,0,1,0,1,1,1,1,5,3,1,1,100,Highly Suitable
0,0,0,1,1,0,1,0,1,0,1,1,8,3,1,97,Highly Suitable
0,1,1,0,1,0,1,0,1,0,0,0,5,2,2,81,Highly Suitable
0,1,1,1,1,0,0,0,1,0,0,8,8,2,0,68,Highly Suitable
0,1,1,0,0,1,0,0,1,0,1,7,2,3,2,68,Highly Suitable
0,1,1,0,1,1,1,0,1,1,0,2,5,0,0,26,Suitable
1,1,0,1,1,0,1,1,1,0,1,0,4,2,2,92,Highly Suitable
0,0,1,0,0,0,0,0,0,0,0,5,5,2,0,72,Needs Improvement
0,1,1,0,1,1,0,0,0,1,0,1,4,1,0,27,Suitable
0,0,0,1,0,0,0,0,0,0,1,5,6,5,2,70,Suitable
1,1,0,1,0,0,0,0,0,0,1,0,5,5,0,94,Highly Suitable
0,1,0,0,0,1,1,1,1,0,0,4,5,1,1,53,Highly Suitable
0,1,1,0,1,1,0,0,0,0,1,1,3,1,2,58,Suitable
1,1,1,0,0,1,0,0,1,0,0,2,5,1,1,69,Highly Suitable
1,1,0,1,1,1,0,0,0,0,0,0,0,2,0,58,Suitable
1,0,0,0,1,0,0,1,1,0,1,6,0,2,0,35,Needs Improvement
0,1,1,0,0,0,1,0,0,0,0,3,7,4,2,91,Highly Suitable
1,0,1,0,0,0,0,1,1,0,0,7,6,3,1,42,Suitable
0,0,1,1,1,0,1,0,1,0,0,7,0,5,0,92,Highly Suitable
1,0,0,1,1,0,1,1,1,0,1,5,8,4,0,61,Highly Suitable
1,1,0,1,1,1,1,1,0,1,1,5,6,0,2,52,Highly Suitable
1,1,1,1,0,0,1,0,1,0,0,3,6,0,1,34,Highly Suitable
0,0,0,1,0,0,1,1,0,1,1,8,6,4,2,70,Highly Suitable
1,1,0,0,1,0,0,0,0,1,0,1,4,1,1,58,Needs Improvement
0,0,0,0,0,1,0,0,0,0,0,4,7,0,1,65,Needs Improvement
0,1,1,1,1,0,1,1,1,0,1,0,7,2,1,23,Highly Suitable
1,1,0,1,1,1,0,1,0,1,0,7,4,4,0,30,Highly Suitable
0,1,1,1,0,1,0,1,1,1,0,6,1,0,2,36,Highly Suitable
0,1,0,0,1,1,1,0,1,0,1,2,7,2,0,25,Suitable
1,1,0,0,0,0,1,1,0,0,1,2,6,0,1,43,Suitable
1,1,0,1,0,0,0,0,0,0,1,7,5,5,1,22,Highly Suitable
1,0,1,1,0,1,1,1,0,0,0,4,5,3,1,84,Highly Suitable
0,0,0,0,0,0,0,1,1,1,1,1,2,4,1,34,Needs Improvement
0,0,0,0,1,0,1,0,1,0,0,1,8,5,1,94,Highly Suitable
0,1,0,1,0,1,0,0,1,1,1,3,1,1,1,90,Highly Suitable
0,0,0,0,0,1,0,0,0,1,1,3,4,3,0,75,Needs Improvement
1,1,0,0,1,1,1,0,0,1,1,2,3,4,2,56,Highly Suitable
0,1,0,1,0,0,0,0,1,1,1,4,7,5,1,58,Highly Suitable
1,1,1,1,1,0,1,1,0,1,1,8,8,4,2,28,Highly Suitable
1,1,1,0,1,1,0,0,1,1,0,5,8,5,1,55,Highly Suitable
1,0,0,1,0,1,1,0,1,0,0,4,3,1,2,63,Highly Suitable
1,1,0,1,1,1,1,1,0,1,0,4,1,3,2,70,Highly Suitable
0,0,1,1,1,1,1,0,1,0,1,7,1,3,1,69,Highly Suitable
0,0,0,0,1,0,0,0,1,0,1,2,1,5,2,74,Needs Improvement
0,0,0,0,1,1,1,1,0,0,0,4,8,2,0,39,Needs Improvement
1,0,0,1,0,0,0,0,1,1,0,1,3,3,0,50,Needs Improvement
0,0,0,1,0,0,0,1,1,1,1,3,3,0,0,72,Suitable
1,0,1,1,0,1,0,1,1,1,1,0,7,4,2,69,Highly Suitable
0,1,0,0,1,0,1,0,0,1,1,6,4,1,2,57,Highly Suitable
1,1,0,0,0,1,0,1,1,1,1,0,7,3,2,77,Highly Suitable
0,1,1,1,0,1,1,1,1,0,0,3,8,4,2,45,Highly Suitable
1,1,0,0,0,0,0,0,1,0,1,7,2,2,0,75,Suitable
0,0,1,1,0,0,0,0,0,0,1,8,7,3,0,50,Suitable
0,0,0,0,1,0,0,1,1,0,0,8,2,1,0,61,Needs Improvement
1,0,0,1,0,0,0,1,0,0,0,5,4,3,0,78,Suitable
0,0,0,0,0,1,0,0,1,1,1,6,8,4,2,71,Highly Suitable
1,1,1,1,1,0,1,0,0,0,0,5,4,0,2,72,Highly Suitable
1,1,1,0,1,1,0,0,0,1,0,7,2,5,1,70,Highly Suitable
0,0,0,1,1,1,1,1,1,1,0,7,2,3,0,51,Highly Suitable
0,1,1,0,1,1,1,1,0,1,1,8,8,3,0,81,Highly Suitable
1,1,0,1,0,0,0,0,1,0,0,8,3,5,2,67,Highly Suitable
1,1,1,1,1,1,1,1,0,0,1,7,6,4,0,90,Highly Suitable
0,0,1,1,1,1,0,0,0,0,1,4,6,1,0,25,Suitable
0,0,0,1,0,1,0,1,1,0,0,1,2,0,1,81,Needs Improvement
0,1,0,1,0,0,1,1,1,1,1,8,8,5,1,100,Highly Suitable
0,1,0,0,0,1,1,1,1,1,1,6,0,4,1,52,Highly Suitable
0,0,0,0,1,0,0,1,1,1,1,5,4,0,0,40,Suitable
1,0,1,0,1,1,1,0,1,1,0,5,5,0,1,50,Highly Suitable
1,1,0,1,1,0,1,0,0,1,0,5,6,0,0,30,Suitable
0,0,1,1,0,0,0,0,1,0,0,2,4,2,2,65,Suitable
0,0,0,1,1,0,0,0,0,0,0,2,6,3,0,54,Suitable
1,0,1,0,0,1,1,0,0,1,0,4,0,3,1,40,Suitable
1,1,1,1,1,1,0,1,1,0,0,7,2,5,0,24,Highly Suitable
0,0,0,0,1,0,0,0,1,1,1,3,7,3,1,35,Suitable
1,0,1,0,1,0,1,0,1,0,0,0,4,3,0,83,Highly Suitable
1,1,1,0,1,1,1,0,0,0,1,6,1,3,1,38,Highly Suitable
0,0,1,1,0,0,1,0,0,1,1,5,5,0,0,81,Highly Suitable
0,0,0,1,1,1,0,1,0,1,1,8,7,0,1,62,Highly Suitable
1,0,1,1,1,0,1,0,1,1,1,0,3,5,2,52,Highly Suitable
1,0,0,0,0,1,0,1,0,1,0,1,4,4,2,73,Suitable
1,0,1,0,1,0,0,1,1,0,0,0,6,0,1,51,Suitable
0,0,0,1,0,1,1,1,0,1,0,2,5,0,1,59,Suitable
0,0,0,0,0,0,0,1,0,0,1,5,1,4,2,79,Suitable
0,1,1,0,1,0,1,0,1,0,1,0,1,0,0,38,Needs Improvement
0,0,1,1,0,1,1,1,0,1,0,2,3,4,2,81,Highly Suitable
0,0,1,1,1,1,1,0,0,0,1,3,0,4,1,22,Suitable
1,1,0,1,1,0,0,0,0,0,1,7,8,4,2,63,Highly Suitable
0,1,0,1,1,1,0,0,0,1,0,4,6,1,1,63,Highly Suitable
0,1,0,1,1,1,1,0,0,1,1,2,1,1,2,97,Highly Suitable
0,1,0,0,1,1,1,0,0,0,0,3,0,2,1,90,Highly Suitable
0,1,1,0,1,0,1,1,0,1,1,0,2,0,0,95,Suitable
0,1,0,1,1,1,0,1,0,0,0,5,2,1,2,92,Highly Suitable
0,1,0,0,0,0,1,0,1,0,1,8,3,0,1,47,Highly Suitable
1,0,1,1,0,1,1,1,1,0,0,6,4,5,2,83,Highly Suitable
0,1,0,1,0,0,0,0,0,0,0,3,0,5,0,70,Needs Improvement
0,1,0,0,0,0,0,1,0,1,0,7,2,1,2,35,Suitable
1,1,1,1,1,0,0,0,1,1,0,3,7,3,1,75,Highly Suitable
1,0,1,1,0,0,0,1,1,0,1,1,4,1,1,55,Suitable
1,0,1,0,1,1,1,0,1,0,1,7,6,2,0,81,Highly Suitable
1,0,0,0,1,1,0,0,0,1,1,8,4,5,0,54,Highly Suitable
1,1,0,0,0,0,1,1,0,0,1,8,0,1,0,61,Highly Suitable
1,1,0,1,0,0,0,1,1,1,1,3,6,5,2,92,Highly Suitable
1,0,1,1,0,0,1,0,1,1,1,3,8,2,1,49,Highly Suitable
0,0,0,0,0,1,0,0,1,1,0,1,8,3,2,37,Needs Improvement
0,0,1,0,0,1,0,1,0,1,1,3,1,2,0,98,Suitable
0,1,0,0,1,1,0,0,1,0,1,5,1,0,2,94,Highly Suitable
1,0,1,1,1,1,0,0,0,0,1,3,2,1,0,25,Suitable
0,0,0,0,1,1,0,1,0,0,0,1,3,2,2,58,Needs Improvement
0,0,0,1,1,0,0,1,0,0,1,1,1,1,0,29,Not Suitable
1,0,1,0,0,1,1,1,0,0,1,6,2,4,1,55,Highly Suitable
1,0,0,0,1,1,1,1,0,0,0,0,3,5,2,88,Highly Suitable
1,1,0,0,0,0,0,0,0,0,0,8,8,0,1,87,Highly Suitable
0,1,1,1,0,0,0,1,1,0,0,3,1,4,0,99,Highly Suitable
0,1,0,1,1,0,1,1,0,0,0,0,0,5,0,30,Needs Improvement
0,0,0,0,1,0,1,1,0,0,0,5,5,3,2,34,Suitable
1,1,1,0,0,0,1,1,1,0,0,2,4,4,2,25,Highly Suitable
1,1,0,1,1,0,0,0,0,1,0,6,5,5,1,31,Highly Suitable
1,0,1,1,0,0,1,0,1,0,1,5,0,2,1,41,Highly Suitable
1,0,0,1,0,1,0,0,1,1,1,0,8,1,0,28,Needs Improvement
1,0,0,1,1,0,0,1,1,0,1,7,3,4,0,68,Highly Suitable
0,1,1,0,0,0,0,1,1,0,1,6,4,1,0,51,Suitable
0,1,1,0,0,1,1,0,1,0,1,4,6,1,1,67,Highly Suitable
0,0,1,0,1,1,0,1,0,0,0,7,6,2,1,55,Highly Suitable
0,0,0,1,0,0,1,1,0,1,0,5,0,2,2,27,Needs Improvement
0,0,0,0,1,0,1,1,0,1,0,2,1,0,0,96,Needs Improvement
1,0,0,0,0,0,0,1,0,0,1,5,3,0,1,24,Not Suitable
0,1,1,1,0,1,1,0,0,0,0,0,0,4,0,62,Suitable
0,0,0,0,1,1,1,1,1,1,0,6,0,4,2,47,Highly Suitable
1,1,0,0,0,1,0,0,1,0,1,3,3,3,2,81,Highly Suitable
0,0,1,0,0,0,0,0,0,0,1,4,5,2,1,29,Not Suitable
1,0,1,0,1,0,1,0,1,0,1,6,6,3,2,25,Highly Suitable
0,0,0,1,0,0,0,0,0,1,1,6,1,0,1,39,Needs Improvement
0,1,0,0,0,0,1,1,1,0,1,8,8,1,1,93,Highly Suitable
1,1,1,0,0,1,1,0,0,0,1,8,0,4,1,44,Highly Suitable
1,0,1,0,1,0,0,0,1,0,0,1,5,3,2,22,Suitable
0,1,0,1,1,0,0,1,1,0,1,6,6,5,1,90,Highly Suitable
1,0,1,0,1,1,0,0,1,0,1,0,8,2,2,99,Highly Suitable
0,0,0,0,0,1,0,1,1,0,1,0,8,3,0,70,Suitable
0,1,1,0,1,0,0,1,0,0,1,5,3,4,0,91,Suitable
1,0,1,1,0,0,1,1,0,0,1,5,8,5,0,75,Highly Suitable
0,1,1,1,1,0,0,0,1,1,0,2,3,4,1,93,Highly Suitable
0,1,0,1,1,0,0,1,1,0,0,2,7,1,0,20,Suitable
1,1,1,0,0,0,1,0,0,0,0,5,0,0,0,68,Suitable
0,1,0,1,0,1,0,1,1,0,0,7,6,5,0,26,Highly Suitable
0,1,1,0,1,1,1,1,1,0,0,7,2,5,1,72,Highly Suitable
0,1,0,0,1,1,1,0,0,0,1,0,6,4,2,88,Highly Suitable
0,0,0,0,1,0,0,0,1,1,0,3,5,3,0,79,Suitable
0,1,0,0,0,0,0,0,0,1,0,3,6,1,2,60,Needs Improvement
1,1,1,1,0,0,0,1,0,1,1,4,0,5,0,94,Highly Suitable
0,0,1,1,0,0,1,1,1,0,0,7,3,5,1,33,Highly Suitable
1,0,0,1,1,0,0,0,0,0,0,7,8,1,0,100,Highly Suitable
1,1,0,1,1,1,0,1,0,0,0,8,2,4,2,60,Highly Suitable
0,1,0,1,0,1,1,1,0,1,1,0,6,3,0,71,Highly Suitable
0,0,1,0,1,0,0,0,0,0,1,5,2,0,1,66,Needs Improvement
1,1,0,1,1,0,0,0,0,0,1,6,7,4,0,91,Highly Suitable
1,0,1,1,0,0,0,0,1,0,0,8,6,5,2,52,Highly Suitable
1,0,1,1,0,0,1,1,1,1,0,7,1,2,0,50,Highly Suitable
1,1,1,1,0,0,0,1,1,1,0,1,7,3,2,88,Highly Suitable
1,0,1,1,0,0,1,0,1,0,1,8,0,3,2,43,Highly Suitable
0,1,0,1,0,1,1,1,1,1,0,0,1,1,1,89,Suitable
1,1,1,1,0,1,1,1,0,0,1,4,2,5,0,37,Highly Suitable
1,1,0,0,0,1,1,0,1,0,1,2,8,2,2,81,Highly Suitable
1,1,0,0,1,0,0,1,1,0,0,8,1,4,2,70,Highly Suitable
1,0,1,1,1,1,0,1,1,1,1,3,0,1,1,100,Highly Suitable
0,0,0,1,1,0,0,0,1,0,1,0,1,2,0,70,Needs Improvement
0,1,1,1,0,1,1,0,0,0,0,5,3,3,1,87,Highly Suitable
0,1,1,1,0,0,1,0,0,1,0,0,5,1,1,69,Highly Suitable
0,1,0,0,1,0,1,1,0,0,1,6,2,1,1,91,Highly Suitable
1,0,1,1,1,1,1,1,0,0,1,5,8,2,2,55,Highly Suitable
1,1,1,1,1,0,0,1,0,0,1,5,0,1,0,25,Suitable
0,1,1,0,0,0,0,0,0,1,1,1,3,0,1,63,Needs Improvement
0,0,1,0,0,1,1,1,1,1,1,2,7,5,0,74,Highly Suitable
1,1,1,0,0,0,1,0,1,1,0,1,8,1,0,89,Highly Suitable
0,0,0,0,0,0,0,1,0,0,1,0,1,4,0,73,Not Suitable
1,0,0,1,1,0,0,1,1,0,1,2,2,2,1,79,Suitable
1,1,1,1,0,1,0,0,1,0,0,8,7,3,2,90,Highly Suitable
0,1,0,0,1,0,1,0,0,1,0,3,7,5,2,47,Highly Suitable
0,0,1,0,0,0,0,1,0,0,1,5,1,5,1,50,Suitable
0,0,0,1,1,0,0,1,1,1,1,1,7,5,2,79,Highly Suitable
0,0,1,1,0,0,1,1,1,1,0,2,7,4,2,76,Highly Suitable
0,0,1,0,0,0,1,0,1,1,0,3,7,5,1,37,Highly Suitable
0,0,0,0,0,0,1,1,0,0,0,0,0,2,2,82,Needs Improvement
1,1,1,0,1,1,0,0,1,0,0,3,0,2,1,50,Highly Suitable
0,1,0,1,0,1,0,0,0,0,0,2,5,5,0,31,Suitable
0,1,1,0,0,0,0,1,1,0,0,7,1,4,0,38,Suitable
0,0,0,0,0,0,0,1,1,1,0,0,1,4,2,31,Not Suitable
0,1,1,0,0,0,0,0,0,1,0,5,8,3,0,45,Highly Suitable
0,0,1,0,1,1,1,0,0,0,1,4,8,0,0,56,Suitable
0,0,1,0,1,0,1,0,1,0,0,4,6,1,0,95,Suitable
1,1,1,0,0,0,1,0,1,0,0,3,7,0,0,55,Suitable
1,1,1,1,1,1,0,0,0,1,0,2,0,1,1,26,Suitable
0,1,0,1,0,1,1,0,0,0,1,1,6,3,2,22,Suitable
0,0,0,1,0,1,1,1,0,0,0,4,0,1,0,35,Not Suitable
1,1,1,1,1,1,1,0,1,1,1,5,4,3,0,51,Highly Suitable
1,0,0,1,1,1,0,0,0,0,0,8,1,0,0,23,Suitable
0,0,1,1,1,0,1,0,1,0,0,8,1,5,2,66,Highly Suitable
0,0,0,0,1,0,1,0,0,0,1,7,1,1,0,79,Suitable
1,0,0,1,1,1,1,1,0,1,0,1,3,0,0,92,Highly Suitable
0,1,1,1,1,1,1,1,0,0,0,8,0,2,0,45,Highly Suitable
1,0,1,1,1,1,1,0,0,1,0,8,3,1,2,80,Highly Suitable
0,0,1,1,1,1,0,1,1,0,0,1,0,3,2,82,Highly Suitable
0,1,0,0,1,0,0,1,0,1,0,1,5,1,0,52,Suitable
0,1,1,1,1,0,0,0,1,1,0,6,6,4,2,57,Highly Suitable
1,1,0,0,0,1,1,0,1,1,1,3,3,1,1,75,Highly Suitable
0,1,0,1,0,0,1,0,1,0,0,3,7,0,2,78,Highly Suitable
0,0,0,1,0,0,0,1,0,0,0,5,8,4,2,94,Highly Suitable
0,0,0,1,0,1,0,0,1,1,1,8,2,1,0,77,Highly Suitable
0,1,1,1,0,0,0,0,1,0,1,7,5,3,2,31,Highly Suitable
0,1,0,1,1,0,0,0,1,1,0,6,8,4,0,79,Highly Suitable
1,0,1,0,1,0,0,1,0,1,0,5,6,0,1,90,Highly Suitable
0,0,1,1,0,1,1,1,0,1,1,2,4,5,0,97,Highly Suitable
1,1,1,0,1,1,0,1,1,1,0,1,7,0,0,91,Highly Suitable
0,1,0,0,1,0,1,1,0,0,0,4,8,3,2,84,Highly Suitable
0,1,0,1,1,1,0,1,0,1,0,1,1,2,0,47,Needs Improvement
0,1,0,0,1,0,0,0,1,1,0,5,2,1,0,52,Suitable
0,1,1,0,0,1,1,1,1,0,1,1,1,3,1,24,Suitable
1,1,0,1,1,0,1,1,0,0,1,8,8,5,0,89,Highly Suitable
0,1,1,0,0,1,0,1,1,1,0,3,5,4,0,70,Highly Suitable
1,1,1,0,1,1,1,1,1,0,1,5,4,2,2,26,Highly Suitable
0,0,0,0,1,1,0,1,0,1,0,1,7,0,1,27,Needs Improvement
1,0,1,1,0,1,0,0,1,1,1,0,6,3,0,26,Suitable
1,0,1,1,0,0,1,1,1,1,1,6,7,3,0,61,Highly Suitable
1,0,0,1,1,1,1,1,1,1,0,7,4,2,0,44,Highly Suitable
0,1,0,0,1,1,1,1,0,0,1,5,4,0,0,70,Highly Suitable
1,1,0,0,0,1,0,0,0,0,0,4,2,3,1,81,Highly Suitable
1,1,0,1,0,1,0,0,0,0,1,1,1,2,2,52,Highly Suitable
1,0,0,0,0,1,1,1,1,0,0,1,2,4,2,65,Highly Suitable
0,1,1,0,1,1,0,1,0,0,0,2,0,1,2,52,Suitable
1,1,0,1,1,1,0,1,1,0,1,4,8,1,1,36,Highly Suitable
0,1,1,1,1,0,0,1,1,1,1,4,7,2,2,38,Highly Suitable
0,0,0,0,0,1,1,1,0,1,1,6,3,1,2,57,Highly Suitable
0,1,0,0,0,1,0,0,1,1,0,8,0,0,2,69,Suitable
0,1,1,0,0,1,0,1,0,1,0,5,3,2,0,24,Suitable
0,0,1,1,1,1,0,1,1,0,1,4,4,5,1,53,Highly Suitable
1,0,0,1,0,1,0,1,0,0,1,3,1,1,2,78,Highly Suitable
1,1,1,0,0,1,1,1,0,1,0,4,7,5,0,52,Highly Suitable
0,0,0,1,1,0,1,0,0,0,1,2,8,1,0,92,Suitable
0,0,1,0,1,0,0,0,0,0,0,2,1,0,0,21,Not Suitable
0,0,0,0,0,1,1,1,1,0,0,0,8,5,2,91,Highly Suitable
1,0,0,0,1,0,1,1,0,1,0,3,8,2,1,51,Highly Suitable
0,0,1,1,1,0,0,1,1,1,1,1,0,0,0,22,Needs Improvement
1,0,0,1,1,1,1,1,0,1,0,0,6,3,2,69,Highly Suitable
1,0,0,0,1,1,1,0,0,0,1,0,7,4,1,32,Suitable
1,1,0,0,1,0,1,1,0,1,0,6,8,5,2,92,Highly Suitable
1,0,1,1,0,0,1,0,1,1,0,5,0,2,2,74,Highly Suitable
1,1,0,1,1,0,0,0,0,0,0,6,5,3,2,86,Highly Suitable
0,1,0,1,0,0,1,0,0,1,1,5,8,2,0,78,Highly Suitable
1,1,0,0,1,1,1,0,0,0,0,4,1,4,2,95,Highly Suitable
0,1,1,0,0,0,1,1,0,1,0,4,5,2,0,33,Suitable
1,1,1,1,0,1,1,0,0,0,0,5,7,0,2,93,Highly Suitable
0,0,1,0,1,1,1,0,1,0,0,2,4,3,0,84,Suitable
1,1,0,0,0,1,0,0,1,1,0,1,2,3,0,69,Suitable
1,0,1,0,0,1,0,0,0,1,0,2,7,0,2,31,Suitable
0,1,0,0,1,0,1,0,0,0,0,0,7,0,1,95,Suitable
0,0,1,1,0,1,1,1,0,0,1,6,8,4,0,72,Highly Suitable
0,1,1,1,0,1,0,0,1,0,1,8,1,1,2,29,Highly Suitable
1,1,0,0,1,1,0,0,0,1,1,3,5,3,1,87,Highly Suitable
1,0,1,0,1,1,1,0,1,1,0,8,3,5,1,58,Highly Suitable
0,1,0,1,0,1,1,1,0,0,1,5,0,3,1,55,Suitable
1,1,1,1,1,0,1,1,0,0,0,0,0,4,1,61,Suitable
0,1,1,0,0,0,0,0,0,1,1,1,0,1,1,57,Needs Improvement
1,0,0,0,0,1,1,0,1,1,0,2,0,0,2,37,Needs Improvement
1,1,1,0,0,0,1,0,0,1,0,5,3,5,0,64,Highly Suitable
1,1,1,0,1,1,0,1,0,1,0,2,7,4,2,26,Highly Suitable
1,0,0,0,0,0,1,1,0,1,0,3,1,0,1,64,Needs Improvement
0,0,1,0,1,0,0,1,0,0,1,2,8,2,1,51,Suitable
1,0,0,1,1,0,0,0,1,1,0,0,6,4,1,90,Suitable
0,1,1,1,1,0,0,1,1,0,0,3,4,2,2,67,Highly Suitable
0,0,1,1,1,1,0,1,1,0,0,2,5,0,0,83,Suitable
1,1,1,0,1,0,1,0,1,1,0,0,2,5,2,39,Highly Suitable
0,1,1,0,0,0,0,0,1,0,1,3,0,5,2,91,Highly Suitable
1,0,0,0,0,0,1,1,1,0,0,0,4,5,1,78,Suitable
1,1,0,0,0,1,1,0,1,0,0,3,6,5,0,21,Suitable
1,1,1,0,0,1,1,1,0,0,0,7,1,0,1,40,Highly Suitable
0,0,0,1,0,0,0,0,1,0,1,0,5,4,0,75,Needs Improvement
0,1,0,1,1,0,1,1,1,0,0,6,8,4,0,26,Highly Suitable
0,1,0,0,1,0,1,0,1,1,1,0,1,4,0,41,Suitable
0,0,0,0,0,1,0,0,0,0,0,4,1,2,1,82,Needs Improvement
0,0,0,0,1,1,0,0,0,0,0,0,3,0,1,39,Not Suitable
0,0,1,1,1,0,0,0,1,0,0,2,8,0,1,62,Suitable
1,1,1,0,0,0,1,0,1,1,1,5,6,4,0,98,Highly Suitable
0,0,0,0,0,0,1,0,1,1,1,0,2,4,2,87,Needs Improvement
0,0,1,0,1,0,1,1,0,0,0,3,1,3,1,21,Suitable
0,1,1,1,1,1,1,0,1,0,1,2,1,4,2,70,Highly Suitable
1,0,1,1,1,1,0,1,1,1,0,4,3,5,0,92,Highly Suitable
1,0,1,1,0,1,0,0,0,1,0,6,1,0,1,38,Suitable
0,1,0,1,1,1,0,0,0,1,0,6,2,5,0,59,Suitable
1,1,0,0,1,0,0,1,1,0,1,0,5,4,0,48,Suitable
1,0,0,0,0,0,1,1,1,0,1,4,5,3,2,69,Highly Suitable
1,1,1,1,1,1,1,0,1,0,1,5,7,2,1,69,Highly Suitable
1,0,1,0,1,0,0,0,1,1,1,0,8,5,0,93,Highly Suitable
1,0,1,0,1,0,1,1,1,1,1,7,2,0,0,21,Highly Suitable
1,0,0,1,0,1,0,1,0,1,0,4,8,4,0,51,Highly Suitable
1,0,1,1,1,0,0,1,1,0,1,3,1,5,0,23,Highly Suitable
0,1,1,0,0,0,0,1,1,0,1,5,2,1,1,55,Suitable
1,1,1,1,1,0,0,1,0,0,0,8,6,2,2,38,Highly Suitable
1,1,1,0,1,1,1,1,0,0,1,0,1,2,0,25,Highly Suitable
1,0,1,0,0,1,1,0,0,0,0,7,2,5,0,28,Highly Suitable
0,1,1,0,0,1,0,1,0,0,0,6,8,5,2,31,Highly Suitable
0,0,0,0,0,1,1,1,0,1,0,0,2,4,2,100,Suitable
0,1,0,1,1,0,0,0,0,0,1,3,3,4,2,97,Highly Suitable
0,1,1,1,0,1,0,0,0,1,1,1,8,2,0,80,Highly Suitable
0,0,1,0,0,1,1,0,0,0,1,0,1,0,1,35,Not Suitable
1,0,1,0,0,0,1,1,1,1,1,7,3,2,1,53,Highly Suitable
0,0,0,0,0,0,0,0,1,1,0,5,8,5,2,92,Suitable
0,0,1,1,0,1,0,1,0,1,0,6,3,5,2,81,Highly Suitable
0,0,0,1,1,1,1,0,0,0,1,5,3,4,1,35,Highly Suitable
1,0,0,0,0,1,0,1,0,1,1,3,7,5,1,69,Suitable
1,1,1,0,1,1,1,0,0,0,1,1,6,5,1,29,Highly Suitable
1,1,1,1,0,0,1,0,1,1,1,5,2,0,1,20,Highly Suitable
0,1,0,1,0,0,0,1,0,0,0,2,4,0,0,93,Needs Improvement
1,1,1,1,1,0,1,0,0,0,1,7,7,1,0,97,Highly Suitable
0,1,1,0,1,1,1,1,1,0,0,4,3,0,2,31,Highly Suitable
1,1,1,0,0,1,0,0,0,0,0,2,1,4,0,65,Suitable
1,1,1,1,1,1,1,1,0,0,0,2,6,4,1,70,Highly Suitable
1,1,1,1,1,1,1,1,0,1,0,6,5,3,2,24,Highly Suitable
1,0,0,1,0,1,1,0,1,0,0,6,4,4,1,98,Highly Suitable
1,1,0,0,1,0,1,0,1,0,0,5,7,5,0,42,Highly Suitable
1,0,0,0,1,1,0,1,1,0,0,5,4,4,2,91,Highly Suitable
1,1,1,1,1,1,0,1,1,1,1,3,4,5,1,29,Highly Suitable
0,1,0,0,1,1,1,1,0,1,1,4,0,4,2,91,Highly Suitable
0,0,0,1,1,0,1,0,1,0,0,2,1,0,2,77,Needs Improvement
0,0,0,1,0,1,1,1,1,0,1,6,5,2,1,94,Highly Suitable
0,0,0,0,0,1,1,1,1,1,0,2,3,4,0,23,Needs Improvement
1,0,0,0,0,1,1,1,1,1,0,5,5,5,2,80,Highly Suitable
1,0,0,0,1,1,1,0,1,1,1,6,3,0,0,48,Highly Suitable
1,0,0,1,0,0,1,0,0,0,0,3,4,3,1,43,Suitable
1,0,0,0,1,0,1,1,1,0,0,8,5,5,2,38,Highly Suitable
1,1,0,0,0,1,1,1,0,1,1,3,0,2,0,60,Suitable
0,0,1,0,0,0,1,1,1,1,0,7,5,5,0,45,Highly Suitable
0,0,0,0,0,0,0,1,1,0,0,3,0,1,0,48,Not Suitable
1,1,1,1,0,0,1,1,1,0,1,6,2,3,2,98,Highly Suitable
1,0,0,0,1,1,0,0,0,0,0,8,4,3,0,50,Suitable
0,1,0,0,0,1,1,0,0,0,1,2,2,5,0,57,Needs Improvement
1,0,1,1,1,1,0,1,1,1,1,6,1,4,2,43,Highly Suitable
0,1,1,0,1,0,1,0,1,0,0,2,5,4,0,94,Highly Suitable
1,1,1,1,0,0,1,0,0,1,0,2,1,1,0,31,Needs Improvement
0,1,0,0,1,1,0,0,1,0,1,4,0,5,0,96,Suitable
1,0,1,1,0,1,0,1,0,0,0,2,7,3,2,52,Highly Suitable
0,1,0,0,0,1,1,0,0,0,1,2,6,5,1,53,Highly Suitable
1,0,0,0,0,0,1,1,1,1,0,4,8,4,1,85,Highly Suitable
1,0,1,1,0,0,0,1,1,1,0,5,3,5,1,83,Highly Suitable
0,1,1,0,0,1,1,0,1,0,1,7,7,2,0,40,Highly Suitable
0,0,1,0,1,1,0,0,0,0,1,2,2,4,1,34,Needs Improvement
1,1,0,0,0,1,1,1,0,1,0,7,2,5,1,42,Highly Suitable
1,0,0,1,1,0,1,1,0,1,0,3,3,5,0,48,Highly Suitable
0,0,1,0,0,0,0,0,0,0,0,1,5,5,1,85,Needs Improvement
1,0,1,1,1,1,1,0,0,0,1,4,8,4,0,69,Highly Suitable
1,0,0,0,1,0,1,1,1,0,1,8,5,5,1,71,Highly Suitable
1,1,0,1,0,0,1,0,0,0,1,2,2,0,0,43,Needs Improvement
1,0,0,1,0,1,0,0,1,1,0,1,7,4,1,39,Highly Suitable
1,0,0,0,0,0,0,0,1,1,1,0,2,5,0,27,Not Suitable
1,0,0,1,0,1,0,0,0,1,0,5,2,2,0,87,Suitable
0,1,0,1,0,0,0,1,1,1,0,7,6,1,0,42,Highly Suitable
0,1,0,0,1,1,0,1,0,1,0,6,7,0,0,75,Highly Suitable
1,0,0,0,0,0,0,0,0,0,0,8,8,5,0,64,Suitable
1,0,1,1,0,1,1,1,1,0,0,6,5,4,0,20,Highly Suitable
0,1,0,0,0,1,1,1,0,1,0,5,6,4,2,51,Highly Suitable
1,1,1,0,0,0,1,1,1,1,1,2,5,4,0,37,Highly Suitable
1,0,1,0,1,1,0,1,1,0,1,4,2,4,2,22,Highly Suitable
1,1,0,1,1,1,0,1,1,1,0,8,0,4,2,78,Highly Suitable
1,1,1,1,1,1,0,0,1,0,1,7,3,2,1,86,Highly Suitable
1,0,1,0,1,1,0,1,1,1,0,2,8,3,0,61,Highly Suitable
0,0,0,1,0,1,0,1,1,1,0,0,8,1,1,88,Suitable
1,0,0,0,0,0,1,1,1,0,1,4,1,4,1,73,Suitable
0,0,1,1,0,0,0,0,0,1,1,6,1,4,2,65,Highly Suitable
0,0,1,1,1,0,1,0,1,1,1,7,0,4,1,22,Highly Suitable
0,1,0,1,0,0,0,0,1,1,0,0,3,2,1,58,Needs Improvement
0,0,1,1,1,1,1,1,1,0,1,0,6,1,0,34,Suitable
1,1,1,0,1,1,0,0,0,0,0,5,3,1,2,57,Highly Suitable
0,1,1,1,1,1,1,1,1,1,0,6,5,1,0,49,Highly Suitable
0,1,0,1,0,0,1,1,1,0,0,2,0,0,2,51,Suitable
0,0,0,0,1,0,0,1,1,0,1,4,8,5,2,51,Highly Suitable
1,1,1,1,0,0,1,0,1,0,1,1,6,0,2,61,Highly Suitable
1,0,1,0,0,1,0,0,1,1,0,4,7,3,1,54,Highly Suitable
0,1,0,1,0,1,1,1,0,1,0,5,4,5,2,78,Highly Suitable
1,1,0,0,1,0,1,0,0,0,0,8,3,3,0,28,Suitable
0,0,1,0,1,0,0,1,0,1,1,3,0,2,2,75,Suitable
1,0,1,0,0,1,1,1,1,0,1,3,7,4,0,32,Highly Suitable
0,1,1,1,0,1,1,1,1,0,1,7,6,1,2,70,Highly Suitable
0,1,0,0,1,0,1,1,1,1,1,0,0,5,0,34,Needs Improvement
1,1,0,0,0,1,0,0,0,1,1,4,2,5,1,69,Highly Suitable
1,1,1,1,0,1,1,1,1,0,0,0,2,1,0,76,Highly Suitable
1,0,0,1,0,1,0,1,0,1,1,4,5,0,1,46,Highly Suitable
1,0,1,0,0,0,0,0,0,1,1,8,1,0,2,51,Highly Suitable
1,0,1,1,0,0,0,0,1,1,0,5,5,1,2,74,Highly Suitable
0,0,1,0,1,0,1,0,1,0,0,6,0,5,2,35,Suitable
0,0,0,0,0,1,1,0,1,1,0,3,6,0,2,27,Suitable
1,0,0,0,1,1,0,0,1,0,1,3,6,0,1,87,Highly Suitable
0,1,1,0,1,0,0,1,1,0,0,5,3,4,0,20,Highly Suitable
1,1,1,0,1,1,1,0,0,1,1,6,3,4,1,92,Highly Suitable
1,1,0,0,1,1,0,1,0,0,0,7,7,1,1,23,Highly Suitable
1,1,1,0,1,0,1,0,0,1,1,4,1,5,2,72,Highly Suitable
0,0,1,1,0,1,1,1,1,0,1,1,0,1,2,91,Highly Suitable
0,0,1,0,0,1,0,1,1,0,1,2,8,0,1,53,Suitable
1,0,0,1,0,0,1,0,1,1,1,4,0,4,0,42,Suitable
1,1,1,1,1,0,0,1,1,0,1,1,7,2,0,22,Highly Suitable
1,0,0,1,1,0,0,1,0,0,1,3,8,3,1,65,Highly Suitable
0,0,0,1,1,1,1,0,1,0,0,0,0,4,0,64,Needs Improvement
1,0,0,0,1,0,1,1,0,0,1,1,2,1,0,98,Needs Improvement
1,1,1,0,0,1,1,0,0,0,1,4,1,4,0,40,Highly Suitable
1,0,0,0,1,1,0,0,0,1,1,0,8,3,0,69,Suitable
1,0,0,0,1,0,1,1,0,0,1,0,4,5,2,47,Suitable
1,0,0,0,0,0,1,1,1,0,1,3,0,3,0,39,Suitable
1,1,0,0,0,0,0,1,0,1,1,2,1,4,1,45,Suitable
0,0,1,1,1,1,0,0,0,1,0,2,5,4,0,23,Suitable
0,1,0,0,0,1,0,0,0,0,0,8,6,4,0,85,Highly Suitable
0,1,1,0,0,0,0,1,1,1,1,1,7,0,2,41,Highly Suitable
0,1,0,1,1,1,0,1,0,0,0,4,4,1,0,66,Suitable
0,1,0,0,1,0,0,1,0,0,0,4,4,5,1,80,Suitable
1,0,0,0,1,1,1,0,0,0,1,6,1,5,1,97,Highly Suitable
0,0,1,1,1,1,0,1,0,0,0,1,1,2,2,94,Suitable
0,1,1,1,1,1,1,1,1,0,0,7,6,0,0,84,Highly Suitable
1,1,1,1,0,0,1,0,0,0,1,4,2,0,1,58,Suitable
0,1,0,1,0,0,1,0,1,1,1,4,7,0,2,40,Suitable
0,1,1,1,1,0,0,0,0,0,0,3,7,5,2,38,Suitable
1,1,0,0,0,0,0,0,0,1,0,4,6,3,0,95,Suitable
0,0,0,0,1,0,1,0,0,0,1,2,3,1,2,83,Needs Improvement
1,1,0,1,0,1,1,0,1,1,1,6,3,0,0,22,Highly Suitable
1,0,0,1,0,0,0,1,0,0,0,5,1,5,2,91,Highly Suitable
1,1,1,0,1,0,0,0,1,0,0,5,3,2,0,55,Highly Suitable
1,0,1,1,1,1,1,1,1,1,1,2,0,0,0,90,Highly Suitable
1,0,0,0,0,0,0,1,1,0,0,6,2,0,2,64,Suitable
0,1,1,1,0,1,0,1,0,1,1,2,3,2,1,22,Suitable
1,0,0,0,0,1,0,0,1,0,0,5,5,4,0,56,Suitable
0,0,0,1,0,0,0,1,1,1,0,0,1,1,2,51,Needs Improvement
0,1,0,0,0,0,0,0,1,0,1,1,2,0,2,53,Needs Improvement
1,0,1,1,1,1,0,1,1,1,0,4,2,1,1,73,Highly Suitable
1,1,0,0,0,1,0,0,1,1,0,4,7,1,1,50,Highly Suitable
1,0,1,1,0,0,1,0,0,1,0,6,7,0,2,70,Highly Suitable
1,1,1,0,0,1,0,1,1,1,1,4,7,3,0,40,Highly Suitable
0,0,1,0,0,1,0,1,1,1,0,2,3,2,1,46,Suitable
0,1,1,1,0,0,0,0,1,1,1,5,2,2,1,93,Highly Suitable
0,1,1,1,0,0,0,1,0,0,0,7,3,0,2,74,Highly Suitable
1,0,1,1,0,0,1,1,0,1,1,4,0,2,0,32,Suitable
0,0,0,1,1,0,1,0,0,0,0,1,6,0,1,98,Suitable
1,0,0,1,0,0,1,0,0,0,0,0,3,0,2,77,Suitable
0,0,0,1,0,0,0,1,1,0,0,1,7,5,0,95,Suitable
1,0,0,1,0,1,0,1,0,1,1,8,5,2,0,100,Highly Suitable
0,0,1,1,0,1,0,0,0,1,0,8,8,5,1,86,Highly Suitable
1,0,1,0,0,1,0,1,0,1,0,8,8,0,2,80,Highly Suitable
0,0,1,1,1,1,0,0,1,1,0,0,7,3,2,33,Suitable
0,1,0,1,1,1,0,0,0,1,1,3,2,1,1,43,Suitable
0,1,0,1,1,1,1,1,1,1,0,6,7,5,2,65,Highly Suitable
1,0,0,1,0,0,1,0,0,1,1,2,6,0,0,81,Suitable
0,0,1,0,1,0,1,0,0,0,0,4,8,2,2,28,Suitable
0,0,1,0,1,0,0,1,0,0,0,1,5,0,1,80,Needs Improvement
1,1,1,0,0,1,0,1,0,0,0,5,0,0,1,83,Highly Suitable
1,0,1,1,0,1,1,0,1,1,0,2,8,0,1,83,Highly Suitable
0,0,0,1,1,0,1,1,1,0,1,0,7,1,0,69,Needs Improvement
0,1,1,1,1,1,1,1,1,0,0,5,1,3,0,23,Highly Suitable
0,0,1,0,1,1,1,1,0,1,0,3,1,3,1,59,Suitable
0,0,1,1,0,1,1,1,0,1,0,2,2,2,1,70,Highly Suitable
1,0,1,0,1,0,1,1,1,1,0,0,7,5,1,46,Highly Suitable
1,0,0,1,0,1,1,1,0,1,0,3,8,3,2,84,Highly Suitable
0,1,0,1,1,0,0,0,1,1,0,4,0,2,0,87,Highly Suitable
0,1,0,1,0,1,1,1,1,0,1,3,5,3,1,27,Highly Suitable
1,1,1,1,1,0,1,0,0,0,1,2,2,3,0,71,Highly Suitable
1,0,0,0,0,0,0,1,0,0,0,7,5,5,1,74,Highly Suitable
0,1,0,1,0,0,1,0,1,0,1,4,8,3,2,90,Highly Suitable
0,1,0,0,1,0,0,0,0,0,0,6,8,0,0,54,Suitable
1,1,1,0,0,1,0,0,1,1,0,3,1,3,0,77,Suitable
1,0,0,1,0,0,0,1,1,0,1,4,6,4,0,34,Suitable
0,1,1,1,0,0,0,0,1,1,1,0,2,2,2,98,Highly Suitable
1,0,0,0,0,1,0,1,0,0,0,1,6,1,1,26,Needs Improvement
1,0,0,1,1,1,1,1,0,1,0,8,4,2,0,95,Highly Suitable
1,1,0,1,0,1,1,0,1,1,1,6,0,1,0,89,Highly Suitable
0,0,0,0,0,0,1,1,0,0,1,4,8,4,0,94,Suitable
0,0,1,0,0,0,0,0,0,0,1,1,0,1,1,62,Not Suitable
0,0,0,1,1,1,0,0,1,1,0,3,3,1,0,57,Suitable
1,0,1,0,0,0,1,0,0,0,1,4,1,1,2,27,Suitable
1,1,1,0,0,0,0,0,1,1,0,1,7,3,1,95,Highly Suitable
1,0,0,0,1,0,1,0,0,1,1,1,2,1,1,77,Needs Improvement
0,0,1,1,0,1,0,1,1,1,1,2,8,5,1,52,Highly Suitable
0,0,0,1,0,1,0,0,0,0,1,5,2,2,0,44,Needs Improvement
0,0,1,0,1,1,0,1,0,1,0,2,1,4,2,33,Suitable
0,0,1,1,1,0,1,1,0,1,1,2,2,0,2,89,Highly Suitable
1,1,0,0,0,1,1,1,0,1,1,6,3,1,0,41,Highly Suitable
1,1,0,1,0,0,1,1,1,1,1,0,8,2,2,84,Highly Suitable
0,0,1,1,1,0,1,0,0,1,1,7,2,5,2,41,Highly Suitable
1,0,1,1,0,1,0,0,0,0,1,0,1,4,0,65,Suitable
1,0,1,1,0,1,0,1,0,0,0,2,2,1,1,31,Suitable
0,0,0,1,1,0,1,0,0,1,1,0,4,2,0,94,Suitable
1,0,0,0,1,1,0,0,0,0,0,1,3,1,1,45,Needs Improvement
0,0,0,1,1,0,0,0,1,0,0,6,0,4,0,79,Suitable
0,1,1,1,1,0,1,0,1,1,0,6,4,1,2,87,Highly Suitable
0,0,1,0,1,0,0,1,1,0,1,6,2,1,2,34,Suitable
0,1,0,0,1,1,0,1,1,0,0,1,6,2,1,56,Suitable
0,1,0,1,1,1,1,1,1,0,1,3,4,4,1,43,Highly Suitable
0,1,1,0,1,1,1,0,1,0,0,7,3,1,1,43,Highly Suitable
0,1,0,1,1,1,1,0,1,0,0,4,5,3,1,45,Highly Suitable
1,1,1,0,0,1,1,1,0,1,0,6,8,4,0,55,Highly Suitable
0,0,1,1,0,0,0,1,0,1,1,7,4,1,0,70,Suitable
0,1,0,0,0,1,0,1,1,0,1,7,6,5,0,57,Highly Suitable
1,1,1,0,1,0,1,1,0,1,1,6,4,3,1,36,Highly Suitable
0,1,0,1,1,0,1,0,0,0,1,7,2,4,0,21,Highly Suitable
1,1,0,1,1,0,1,0,1,1,1,0,5,0,0,51,Highly Suitable
1,1,0,0,0,1,1,1,0,0,1,7,1,4,0,43,Highly Suitable
1,1,1,1,0,0,1,1,1,0,1,0,6,3,0,93,Highly Suitable
0,1,0,1,1,0,1,1,0,1,0,2,1,5,1,27,Suitable
1,0,1,1,0,1,1,0,0,0,0,6,2,4,2,21,Highly Suitable
0,0,0,0,1,0,0,1,1,0,0,7,1,3,2,20,Suitable
1,1,1,0,1,1,0,0,0,0,0,3,5,2,2,96,Highly Suitable
0,1,1,1,1,0,1,0,0,1,1,3,0,2,1,97,Highly Suitable
0,1,0,1,0,0,0,0,1,0,1,7,8,0,1,68,Highly Suitable
1,0,0,1,0,0,1,1,0,0,1,0,3,3,0,34,Suitable
0,0,1,1,0,1,0,0,0,0,0,7,2,3,0,87,Suitable
1,0,1,1,1,0,0,1,0,1,0,7,4,0,0,73,Highly Suitable
0,1,0,1,0,0,1,1,1,0,0,8,0,4,0,22,Suitable
0,1,0,0,1,0,1,1,1,0,1,6,2,5,1,62,Highly Suitable
1,0,0,0,0,1,0,1,0,1,0,6,0,4,0,39,Needs Improvement
1,1,0,0,0,1,1,1,0,0,1,7,0,1,1,51,Highly Suitable
1,0,1,0,1,1,0,1,1,0,1,5,4,5,0,51,Highly Suitable
1,0,0,1,1,1,0,1,1,1,1,2,3,1,0,74,Suitable
1,1,1,1,1,0,0,1,1,1,0,2,0,2,0,97,Highly Suitable
1,0,0,1,0,0,1,1,1,0,1,6,2,1,1,68,Highly Suitable
0,0,0,1,1,1,1,1,1,0,1,6,0,2,0,51,Suitable
0,0,1,0,0,1,0,0,0,0,0,6,0,0,0,28,Not Suitable
1,0,1,1,0,0,1,0,0,1,0,3,4,0,0,46,Suitable
1,1,0,1,0,0,1,1,1,1,0,2,4,0,1,99,Highly Suitable
0,0,0,0,1,0,0,1,1,1,0,4,8,4,1,36,Highly Suitable
0,1,1,0,0,0,1,1,0,0,1,6,6,0,2,75,Highly Suitable
1,1,0,1,0,1,0,1,1,1,0,2,5,1,0,44,Highly Suitable
1,1,0,0,0,1,1,1,0,0,0,7,5,0,0,73,Highly Suitable
0,0,0,1,0,0,1,0,0,1,0,3,4,5,0,57,Suitable
1,1,1,0,1,1,1,0,1,1,0,3,5,0,0,80,Highly Suitable
1,0,0,1,0,1,0,1,0,0,1,1,4,2,1,44,Suitable
0,0,1,0,1,1,0,0,1,1,1,4,6,5,1,51,Highly Suitable
0,1,0,1,1,0,0,1,0,0,0,4,5,2,0,89,Suitable
0,0,0,0,0,0,0,1,1,0,0,3,8,2,2,90,Suitable
1,0,1,0,0,1,1,0,1,0,1,4,6,5,2,46,Highly Suitable
0,1,1,0,0,0,0,1,1,1,0,8,8,0,1,82,Highly Suitable
1,0,0,0,0,0,1,0,0,0,0,2,6,3,0,32,Needs Improvement
1,1,0,1,0,1,0,0,0,0,1,0,4,3,2,40,Suitable
0,1,0,1,0,1,1,1,1,1,1,7,0,4,2,37,Highly Suitable
0,0,1,0,1,1,0,1,0,1,1,7,6,3,0,72,Highly Suitable
0,1,1,0,1,0,0,0,1,0,1,0,2,2,1,91,Suitable
0,0,1,1,0,1,0,1,0,0,1,6,3,3,0,67,Suitable
0,0,1,1,0,0,0,0,0,0,0,0,3,5,0,38,Needs Improvement
0,0,1,1,0,0,1,1,1,1,0,1,2,3,0,26,Suitable
1,0,0,1,1,1,1,1,1,1,0,0,5,2,2,91,Highly Suitable
1,1,1,0,0,0,0,0,1,1,1,8,3,2,1,62,Highly Suitable
1,0,0,1,0,0,1,1,0,1,1,6,0,1,1,33,Suitable
0,1,1,0,1,0,1,1,0,1,1,0,2,1,1,28,Suitable
1,0,0,1,0,0,0,1,0,0,1,7,1,2,1,26,Suitable
1,0,1,0,0,1,1,0,0,0,1,4,7,4,1,27,Highly Suitable
1,1,0,0,1,1,0,1,1,0,0,8,8,3,1,58,Highly Suitable
0,1,1,1,0,0,0,1,1,1,1,6,8,0,1,79,Highly Suitable
0,0,1,1,0,1,0,0,0,0,0,0,5,3,1,50,Needs Improvement
0,0,1,0,0,0,1,1,1,0,0,8,2,2,0,40,Suitable
1,1,0,1,0,1,1,0,0,0,1,2,0,1,0,43,Needs Improvement
0,1,0,0,1,0,0,0,1,1,0,3,4,3,2,29,Suitable
0,0,1,1,1,0,1,1,1,0,1,0,7,2,1,92,Highly Suitable
0,0,0,0,0,0,1,1,0,0,0,2,6,5,2,39,Needs Improvement
1,1,1,1,0,0,0,1,0,1,1,4,7,0,1,20,Highly Suitable
1,0,0,1,0,1,1,0,1,0,1,1,0,5,1,58,Suitable
0,1,1,0,1,1,1,0,1,1,1,2,5,4,0,75,Highly Suitable
0,0,0,1,0,1,1,1,1,0,1,7,4,2,2,82,Highly Suitable
0,0,0,1,1,0,1,1,0,1,1,0,4,4,2,46,Suitable
1,1,1,0,0,0,0,1,1,0,0,1,2,5,2,94,Highly Suitable
0,0,1,1,1,0,1,0,0,0,0,7,6,5,2,40,Highly Suitable
0,1,1,1,0,0,1,1,1,1,0,8,8,4,0,36,Highly Suitable
1,1,0,1,1,0,1,0,1,0,0,4,5,3,1,79,Highly Suitable
1,1,0,1,1,1,1,1,0,0,0,7,2,1,1,35,Highly Suitable
0,0,1,0,1,1,0,0,0,1,1,5,5,5,1,84,Highly Suitable
1,1,1,1,1,1,1,1,1,0,0,4,7,3,1,20,Highly Suitable
0,1,1,1,1,0,1,0,1,0,1,6,5,2,1,33,Highly Suitable
0,1,1,1,0,1,1,0,0,0,0,8,6,4,1,22,Highly Suitable
0,1,1,0,0,1,0,0,1,0,0,4,4,1,0,85,Highly Suitable
1,0,0,0,1,0,0,0,1,0,0,4,0,4,1,28,Suitable
1,1,1,0,1,1,0,1,0,0,1,6,4,4,0,58,Highly Suitable
0,1,0,1,1,1,1,0,1,1,0,4,0,2,2,100,Highly Suitable
0,0,1,0,0,1,1,0,0,0,0,5,8,4,0,62,Highly Suitable
1,0,1,0,1,0,0,0,0,1,1,7,4,4,1,78,Highly Suitable
1,0,1,0,1,1,0,0,0,0,1,8,6,5,2,55,Highly Suitable
1,0,0,0,0,1,0,1,1,1,0,7,6,3,1,86,Highly Suitable
0,1,0,0,1,1,0,0,0,1,0,8,1,3,2,84,Highly Suitable
1,0,1,1,1,1,1,0,1,0,0,2,7,5,0,48,Highly Suitable
1,0,1,0,0,0,0,1,0,0,1,5,4,5,2,100,Highly Suitable
1,0,1,1,1,1,1,0,1,1,1,5,5,1,2,87,Highly Suitable
0,1,0,1,0,1,0,1,1,0,1,5,8,4,2,100,Highly Suitable
0,1,0,1,1,1,0,0,0,0,1,6,1,1,0,95,Highly Suitable
0,0,0,0,1,0,0,0,1,0,0,0,7,0,1,69,Needs Improvement
0,0,0,1,0,0,1,0,0,1,0,3,4,5,2,75,Suitable
1,0,0,1,0,1,1,1,1,1,0,3,5,2,2,77,Highly Suitable
1,1,0,0,0,0,0,1,1,1,0,5,7,5,0,65,Highly Suitable
0,1,0,1,1,1,0,1,1,0,0,1,4,0,1,81,Suitable
0,0,0,1,0,0,1,1,0,1,1,8,1,5,0,94,Highly Suitable
1,1,1,0,0,0,1,1,1,1,1,4,6,3,2,57,Highly Suitable
0,1,1,1,0,0,1,0,0,1,1,3,7,4,2,46,Highly Suitable
1,1,1,1,0,0,1,0,0,1,0,0,2,4,0,62,Highly Suitable
1,1,0,0,0,0,1,0,1,1,0,8,5,5,2,52,Highly Suitable
0,1,1,0,1,0,1,1,1,1,1,6,2,5,0,64,Highly Suitable
1,1,0,1,1,0,1,0,1,0,1,0,2,1,0,85,Suitable
1,0,1,0,0,1,1,1,1,0,1,8,3,5,1,77,Highly Suitable
0,0,0,1,1,0,0,0,0,1,1,0,6,5,0,34,Needs Improvement
0,1,1,1,1,0,1,1,1,1,0,0,2,2,2,70,Highly Suitable
1,0,0,0,0,0,0,1,0,0,0,7,6,4,0,73,Highly Suitable
1,0,0,1,1,0,1,0,1,1,1,1,4,2,0,98,Highly Suitable
0,0,1,0,1,1,1,1,1,1,0,6,0,0,2,69,Highly Suitable
1,0,1,0,0,1,1,1,1,0,0,7,7,3,1,31,Highly Suitable
0,0,0,1,0,0,1,1,0,0,1,4,4,4,1,81,Suitable
0,0,0,1,1,0,0,0,1,1,1,6,1,2,2,81,Highly Suitable
0,0,1,0,0,1,1,1,1,0,0,2,0,2,0,94,Suitable
1,0,1,1,1,1,0,0,0,1,0,0,1,5,2,88,Highly Suitable
0,0,1,0,0,1,0,0,1,0,1,7,8,3,0,100,Highly Suitable
0,1,0,1,0,0,1,1,1,1,0,5,7,0,1,90,Highly Suitable
0,0,1,0,0,0,1,1,0,0,0,6,0,0,0,44,Not Suitable
0,1,1,1,0,1,0,0,1,0,0,4,2,0,1,72,Highly Suitable
0,0,1,0,1,1,0,0,0,1,1,3,3,5,2,38,Suitable
0,0,1,0,0,1,0,0,0,0,0,5,6,1,2,23,Needs Improvement
0,0,0,0,1,1,0,0,0,0,0,2,5,1,2,68,Needs Improvement
0,0,0,1,1,1,1,1,0,0,1,2,8,3,1,58,Highly Suitable
1,1,0,0,1,1,1,0,1,0,0,5,3,3,1,80,Highly Suitable
0,1,1,0,1,0,1,1,0,1,0,6,6,2,1,92,Highly Suitable
1,1,1,0,1,0,0,1,1,1,0,4,7,2,0,51,Highly Suitable
1,0,1,1,1,1,1,1,0,1,0,8,6,1,2,93,Highly Suitable
1,0,0,1,0,1,1,0,1,0,1,7,1,1,2,78,Highly Suitable
1,0,0,1,1,0,1,1,1,1,0,0,6,0,1,88,Highly Suitable
1,1,0,0,1,0,1,0,0,0,1,8,3,5,1,31,Highly Suitable
0,0,1,0,1,0,1,0,1,0,0,1,4,4,2,74,Highly Suitable
0,0,1,1,0,0,0,0,1,1,0,4,7,3,0,61,Highly Suitable
1,0,0,1,1,1,1,0,0,0,1,2,4,0,0,70,Highly Suitable
1,0,0,0,1,1,1,1,0,1,1,0,6,5,2,48,Highly Suitable
1,0,0,0,0,1,0,0,1,0,0,6,3,4,2,54,Highly Suitable
0,0,0,0,0,1,1,0,1,1,1,3,4,4,0,56,Needs Improvement
1,0,0,0,1,1,0,0,0,1,0,1,6,0,1,94,Highly Suitable
0,0,0,1,0,0,0,1,1,0,1,8,0,5,0,99,Highly Suitable
0,0,1,0,0,0,1,1,1,1,0,0,3,2,0,29,Needs Improvement
0,1,0,1,0,0,1,0,0,1,1,1,1,3,0,46,Needs Improvement
0,1,0,0,1,1,0,0,0,1,0,1,2,4,1,100,Suitable
1,0,1,0,0,1,1,1,1,1,1,6,3,4,0,50,Highly Suitable
0,0,1,1,0,1,0,1,0,0,0,1,5,2,0,29,Needs Improvement
0,1,0,1,0,1,1,0,1,0,1,8,4,2,1,41,Highly Suitable
0,1,1,0,0,0,1,1,1,0,1,8,4,4,2,65,Highly Suitable
1,1,0,0,0,1,0,1,1,1,1,6,3,2,1,84,Highly Suitable
0,0,1,0,1,0,1,1,0,1,1,5,0,2,1,21,Suitable
0,0,0,1,1,0,0,0,1,1,0,4,0,5,2,76,Suitable
0,0,1,1,0,1,0,1,0,0,0,7,6,1,0,84,Highly Suitable
0,1,0,0,0,0,0,0,0,0,1,0,8,2,1,61,Needs Improvement
0,1,1,0,0,1,0,0,1,1,0,3,5,0,2,34,Suitable
1,0,1,0,1,1,0,0,0,0,1,4,1,5,2,66,Highly Suitable
0,1,0,0,0,0,0,0,1,0,1,5,3,2,0,98,Suitable
0,0,1,1,1,1,1,1,0,0,0,1,8,5,2,98,Highly Suitable
0,1,0,1,1,0,0,1,0,0,0,3,7,2,0,71,Highly Suitable
0,1,1,1,1,1,1,1,0,1,0,0,6,4,1,92,Highly Suitable
0,1,1,0,1,0,1,0,0,1,1,6,7,1,0,77,Highly Suitable
1,1,0,0,1,1,0,1,1,0,0,6,8,0,1,95,Highly Suitable
0,0,1,0,0,1,0,1,1,0,1,4,4,2,1,83,Suitable
1,0,1,0,0,0,1,0,0,1,0,0,4,0,1,36,Needs Improvement
0,1,1,0,1,0,1,1,1,1,1,0,6,1,1,92,Highly Suitable
0,0,1,0,1,1,0,0,0,0,0,5,4,2,0,48,Needs Improvement
1,0,1,0,0,1,0,0,1,1,0,1,7,1,0,82,Suitable
0,0,0,0,1,0,1,1,0,0,1,3,2,3,1,97,Suitable
1,0,1,0,0,1,0,0,0,0,0,8,0,2,2,65,Suitable
0,0,0,1,0,0,0,0,0,0,1,3,7,4,1,30,Suitable
0,0,0,0,0,1,1,0,1,0,0,5,6,5,2,55,Highly Suitable
0,1,1,1,0,1,0,0,0,1,1,3,2,5,0,30,Suitable
1,1,0,1,1,1,1,1,1,0,1,0,1,4,1,65,Highly Suitable
0,0,1,1,1,1,1,1,0,1,0,7,6,0,0,23,Highly Suitable
0,0,1,1,0,1,0,0,0,0,0,1,1,3,1,100,Suitable
1,0,1,1,1,0,1,0,0,0,0,7,1,4,1,94,Highly Suitable
0,0,1,1,1,1,0,1,0,0,1,2,4,1,0,25,Needs Improvement
0,1,1,0,0,0,0,0,0,1,1,5,8,3,1,98,Highly Suitable
0,1,1,0,1,0,1,1,1,0,1,3,8,1,0,32,Suitable
1,0,1,1,0,1,1,1,0,1,1,3,5,0,0,82,Highly Suitable
1,1,1,0,0,1,1,1,1,1,1,6,4,4,1,85,Highly Suitable
1,0,0,1,1,1,0,0,1,1,0,5,0,3,2,36,Highly Suitable
1,1,1,1,0,0,0,1,0,1,1,7,2,4,0,60,Highly Suitable
1,0,1,1,0,0,0,0,1,1,1,0,2,1,0,57,Suitable
1,0,1,1,1,1,0,1,0,1,0,7,0,1,0,98,Highly Suitable
0,0,1,1,0,0,0,1,0,0,1,5,1,5,1,82,Highly Suitable
1,0,1,0,1,0,0,1,0,0,0,1,2,1,0,26,Needs Improvement
1,1,0,1,1,0,0,0,1,1,1,0,8,1,2,89,Highly Suitable
1,1,0,0,1,0,1,1,1,1,0,0,8,2,1,55,Highly Suitable
0,0,0,0,1,1,0,0,1,0,0,1,1,2,1,70,Needs Improvement
1,1,0,0,0,0,1,1,0,0,1,0,4,1,0,64,Suitable
1,1,0,0,1,0,0,1,0,1,1,7,5,2,2,26,Highly Suitable
0,0,0,1,1,1,1,1,0,1,1,8,4,0,0,97,Highly Suitable
0,1,0,1,0,1,0,1,0,0,1,8,6,3,2,74,Highly Suitable
0,1,1,1,1,0,0,0,1,0,1,0,5,0,1,88,Suitable
1,0,1,1,0,1,1,1,1,0,1,3,5,1,0,94,Highly Suitable
0,1,0,1,1,0,0,1,1,1,0,1,5,4,1,74,Highly Suitable
1,0,0,0,0,0,1,0,0,1,0,7,6,3,2,91,Highly Suitable
0,1,1,0,1,0,0,1,0,1,1,6,1,1,0,89,Highly Suitable
0,0,1,0,0,1,0,0,1,1,1,7,1,0,2,57,Suitable
1,0,1,1,0,0,0,0,1,0,0,1,0,1,2,55,Needs Improvement
0,1,1,1,0,0,1,1,1,1,0,6,1,5,2,94,Highly Suitable
1,0,1,1,1,1,1,1,1,1,1,0,6,4,0,44,Highly Suitable
1,0,0,1,0,0,1,0,1,1,0,7,3,5,0,36,Suitable
0,1,0,0,1,0,1,1,1,0,1,0,1,2,1,95,Suitable
0,1,0,0,0,0,1,0,1,0,0,8,0,1,1,64,Highly Suitable
0,1,1,1,1,0,0,1,1,0,1,7,1,4,0,33,Highly Suitable
1,1,0,1,1,0,1,1,1,0,0,0,3,0,1,37,Suitable
1,1,0,0,1,1,1,1,0,1,0,4,0,0,0,38,Suitable
1,0,0,1,1,0,1,0,0,1,1,3,2,3,0,71,Highly Suitable
0,0,0,0,1,1,0,1,0,0,0,0,0,5,0,95,Needs Improvement
0,0,1,0,0,1,0,0,0,1,1,1,5,4,2,43,Suitable
0,0,0,1,0,1,1,1,0,0,1,6,2,4,2,23,Highly Suitable
0,0,0,1,0,1,1,1,1,1,0,5,3,0,0,24,Suitable
0,0,0,1,1,0,1,1,0,0,0,4,2,5,1,97,Highly Suitable
1,1,1,0,0,1,1,1,1,0,1,7,6,1,2,87,Highly Suitable
0,1,0,1,1,0,0,1,0,1,1,2,2,1,1,75,Suitable
1,0,0,1,1,0,1,1,0,0,0,7,4,4,2,50,Highly Suitable
0,0,1,1,1,1,1,0,1,1,1,6,4,0,2,44,Highly Suitable
1,0,1,0,0,1,0,1,0,1,1,7,8,4,0,93,Highly Suitable
0,1,1,1,0,1,0,0,1,1,0,0,5,0,0,97,Suitable
1,1,0,1,1,1,1,0,0,0,0,3,0,0,0,39,Suitable
0,0,1,0,1,1,0,0,1,1,0,2,2,1,0,72,Suitable
0,0,0,1,0,0,0,1,0,0,0,4,2,3,2,74,Needs Improvement
1,1,1,0,1,1,0,1,1,0,1,4,6,5,2,67,Highly Suitable
1,1,0,1,1,0,1,1,1,1,0,4,5,5,0,55,Highly Suitable
1,1,1,0,1,0,1,0,1,1,0,6,7,1,1,70,Highly Suitable
1,0,0,0,1,1,1,1,0,1,0,2,6,4,2,47,Highly Suitable
1,1,0,1,1,0,1,0,1,1,0,5,0,4,0,88,Highly Suitable
1,1,0,0,0,1,0,1,0,0,0,7,7,1,2,82,Highly Suitable
1,1,1,0,0,0,0,1,0,1,1,1,5,0,2,36,Highly Suitable
0,1,1,0,0,0,1,0,1,0,0,2,7,4,1,49,Suitable
1,1,0,0,0,0,0,0,1,0,1,2,6,2,0,78,Suitable
0,1,1,0,1,0,0,1,1,0,0,8,5,2,1,63,Highly Suitable
1,1,0,0,0,1,0,0,1,1,1,5,5,5,0,78,Highly Suitable
1,0,1,0,0,1,1,0,0,1,1,6,1,1,0,60,Highly Suitable
1,1,0,1,1,0,0,1,0,1,0,8,7,3,0,21,Highly Suitable
0,1,0,0,1,0,0,0,1,0,1,7,0,2,1,24,Suitable
0,0,1,1,0,0,0,0,1,0,0,4,8,2,0,57,Highly Suitable
0,0,0,1,0,1,1,1,0,0,0,3,1,1,1,36,Suitable
1,1,1,1,1,0,0,0,1,1,0,4,4,1,0,86,Highly Suitable
1,0,1,1,0,0,0,0,1,1,0,1,5,0,1,38,Suitable
0,1,0,1,1,0,1,0,0,0,1,2,1,5,0,84,Highly Suitable
0,0,0,0,0,1,0,1,1,0,1,6,7,0,0,65,Suitable
1,1,0,1,1,1,0,1,0,0,1,4,5,0,0,42,Suitable
0,1,0,1,0,0,1,1,0,0,1,8,6,3,1,26,Highly Suitable
0,1,0,0,1,1,1,1,1,0,0,3,6,4,2,32,Highly Suitable
0,0,0,1,0,0,0,1,0,0,0,4,6,0,0,89,Needs Improvement
0,0,0,0,0,0,1,0,0,0,0,1,6,4,0,72,Needs Improvement
1,0,0,0,1,0,1,0,1,1,1,6,7,1,0,25,Suitable
1,0,0,1,0,0,1,0,1,0,1,3,4,4,1,23,Highly Suitable
1,0,0,0,1,0,1,0,0,0,1,4,5,2,1,73,Highly Suitable
1,0,1,1,1,1,0,0,1,1,1,1,3,3,1,34,Highly Suitable
1,0,1,0,1,1,0,0,1,1,1,8,3,0,1,66,Highly Suitable
0,1,0,0,1,1,0,0,0,0,1,6,1,2,1,70,Suitable
0,1,1,0,0,0,1,0,0,1,1,1,4,1,2,33,Suitable
0,1,0,0,1,1,0,1,1,1,0,4,6,2,1,88,Highly Suitable
1,1,0,0,1,0,0,0,1,0,1,3,6,5,0,30,Suitable
0,0,0,0,1,0,1,1,0,1,0,0,4,0,1,38,Needs Improvement
0,0,1,0,0,0,1,1,0,0,0,1,8,0,1,94,Suitable
0,1,1,1,1,1,1,1,0,1,0,2,1,3,0,34,Highly Suitable
1,1,1,1,0,0,0,1,0,1,0,5,6,1,0,72,Highly Suitable
0,0,1,1,1,1,0,1,0,1,1,6,3,3,2,84,Highly Suitable
0,0,0,1,0,0,0,0,0,1,0,6,7,2,0,41,Needs Improvement
1,0,0,1,0,0,0,1,1,1,0,0,4,5,2,27,Suitable
1,0,1,1,1,1,0,1,1,0,0,2,7,2,2,47,Highly Suitable
0,0,1,1,0,1,1,0,0,1,0,4,7,3,0,33,Suitable
0,1,0,0,1,0,1,1,1,0,0,8,4,2,0,32,Highly Suitable
1,0,0,0,0,1,1,1,0,1,1,5,8,3,0,100,Highly Suitable
0,0,0,1,1,0,1,0,1,1,0,1,3,1,2,80,Suitable
1,1,0,1,0,0,1,0,1,0,0,4,2,5,0,41,Highly Suitable
0,0,0,1,0,0,0,1,1,1,0,1,8,0,2,59,Suitable
1,0,1,1,0,0,0,1,0,1,0,4,7,3,1,31,Suitable
1,0,1,1,1,0,1,0,1,1,1,3,8,4,2,28,Highly Suitable
1,0,1,1,0,1,1,0,0,0,1,1,1,0,2,45,Suitable
1,1,1,0,0,0,0,0,1,1,1,6,6,4,0,41,Highly Suitable
1,0,0,1,0,1,0,0,0,0,0,4,2,2,2,100,Suitable
1,0,1,1,0,0,1,1,0,0,1,8,8,4,0,50,Highly Suitable
0,1,1,0,1,1,1,0,1,1,1,2,4,1,2,91,Highly Suitable
1,0,1,1,0,1,1,0,1,0,1,2,8,5,2,99,Highly Suitable
1,1,0,0,1,1,1,1,0,1,0,7,6,2,0,53,Highly Suitable
0,0,0,0,1,1,0,1,0,1,1,6,6,4,1,75,Highly Suitable
1,1,0,1,0,1,0,1,0,0,1,7,1,0,0,47,Highly Suitable
1,1,0,1,1,1,1,1,1,1,0,5,1,4,2,84,Highly Suitable
0,0,1,1,1,1,0,0,1,0,1,6,8,2,0,55,Highly Suitable
0,1,1,1,0,1,1,1,0,0,1,2,8,3,0,80,Highly Suitable
0,1,1,0,1,0,0,1,0,0,1,7,6,5,0,68,Highly Suitable
0,1,0,1,0,1,0,1,0,1,1,3,0,5,0,22,Needs Improvement
0,1,1,1,0,0,0,1,1,0,1,7,5,4,1,80,Highly Suitable
0,1,1,1,0,0,0,1,0,1,1,4,3,5,2,53,Highly Suitable
1,0,0,0,0,0,0,0,1,1,1,1,7,5,2,26,Suitable
0,0,1,1,1,1,1,1,1,0,1,2,6,1,1,76,Highly Suitable
1,0,1,1,1,1,1,1,1,0,1,8,5,1,2,65,Highly Suitable
1,1,1,0,0,1,1,1,1,1,1,0,4,1,0,81,Highly Suitable
1,1,0,1,1,1,0,1,0,0,1,7,3,5,0,27,Highly Suitable
0,0,0,1,0,1,1,1,1,0,0,4,4,2,0,87,Highly Suitable
1,1,0,1,0,0,0,1,1,0,0,0,4,3,0,93,Suitable
0,0,0,1,1,1,0,0,1,1,0,1,8,0,2,60,Highly Suitable
0,1,1,1,1,0,1,1,1,1,1,1,8,5,2,72,Highly Suitable
1,0,1,1,1,1,1,0,0,1,0,5,6,2,2,95,Highly Suitable
0,0,1,0,0,0,0,0,0,1,1,4,0,2,1,81,Needs Improvement
1,0,0,0,1,0,1,0,0,0,1,6,0,2,1,59,Suitable
0,0,0,1,1,1,0,1,1,1,1,2,0,1,1,97,Suitable
1,0,0,0,0,1,0,1,0,1,1,4,7,3,1,32,Suitable
0,0,1,0,0,0,0,1,1,0,1,6,5,4,0,64,Suitable
1,0,0,1,1,1,0,1,0,0,1,5,5,4,0,68,Highly Suitable
1,0,0,0,0,0,1,0,0,0,0,8,1,2,1,44,Suitable
0,0,1,0,0,1,1,0,0,0,0,1,8,2,0,80,Suitable
1,0,0,1,1,0,0,0,0,1,1,5,3,0,0,61,Suitable
0,0,0,1,1,0,1,1,0,0,0,6,5,4,2,58,Highly Suitable
1,1,1,1,0,1,1,1,0,0,0,2,6,4,2,54,Highly Suitable
0,0,1,1,0,0,0,1,0,1,1,1,0,0,2,87,Suitable
0,0,1,0,0,1,0,1,0,0,0,7,5,5,1,41,Highly Suitable
1,1,0,0,0,1,1,0,0,0,1,3,2,5,2,65,Highly Suitable
0,0,1,0,0,0,0,0,0,1,1,8,5,4,1,36,Suitable
0,1,0,0,1,0,1,1,0,0,1,8,0,5,0,100,Highly Suitable
1,0,1,0,1,0,0,0,1,0,1,5,4,3,1,77,Highly Suitable
1,0,0,1,0,1,1,1,1,0,0,1,6,2,2,65,Highly Suitable
0,0,1,1,1,1,1,0,0,0,1,0,6,5,0,37,Highly Suitable
0,0,0,0,1,0,1,1,1,1,0,0,3,4,0,46,Needs Improvement
0,1,1,0,0,1,1,0,0,1,1,0,5,1,1,76,Suitable
0,1,0,1,1,0,0,1,0,0,1,7,0,4,1,85,Highly Suitable
1,1,1,1,0,0,1,0,0,0,0,1,8,1,0,51,Highly Suitable
0,0,1,1,1,1,1,1,1,1,0,6,4,2,2,48,Highly Suitable
1,1,1,1,1,0,0,0,1,0,0,7,5,2,2,62,Highly Suitable
0,1,1,1,1,0,0,1,1,0,1,7,5,0,2,35,Highly Suitable
1,1,1,1,0,1,1,1,1,0,1,6,4,0,2,71,Highly Suitable
1,0,0,0,0,1,0,0,0,1,0,0,1,5,1,93,Suitable
0,0,1,0,0,1,0,1,0,1,1,6,8,0,2,100,Highly Suitable
1,1,0,0,0,1,0,0,0,1,0,1,5,1,1,50,Suitable
1,1,1,0,1,1,1,1,1,0,1,3,2,3,0,98,Highly Suitable
1,1,1,0,1,0,0,1,0,1,1,1,1,4,2,39,Highly Suitable
1,1,1,0,1,0,0,0,1,1,0,8,3,0,2,83,Highly Suitable
1,1,0,0,0,1,0,1,1,0,1,6,7,5,2,54,Highly Suitable
1,0,1,0,1,1,0,0,0,1,1,5,5,0,0,93,Highly Suitable
1,0,1,0,1,0,0,1,1,0,0,8,5,5,2,80,Highly Suitable
1,1,1,1,1,1,0,1,0,1,1,4,4,5,2,46,Highly Suitable
1,0,1,1,1,0,1,1,0,0,0,4,0,3,1,50,Highly Suitable
0,1,0,1,1,1,0,0,0,0,0,5,4,3,1,49,Highly Suitable
1,0,0,1,1,0,0,1,1,1,1,6,4,0,0,63,Highly Suitable
1,1,0,1,1,1,1,0,1,0,0,2,8,2,1,64,Highly Suitable
0,1,1,1,1,1,0,1,1,0,0,8,4,5,2,35,Highly Suitable
1,0,0,0,1,1,0,1,0,1,0,4,6,4,1,32,Suitable
1,1,0,1,0,1,1,1,0,0,1,4,5,5,1,24,Highly Suitable
1,0,0,1,0,0,0,1,1,0,0,1,7,5,0,69,Highly Suitable
1,0,1,1,0,1,1,0,1,0,0,5,3,5,2,94,Highly Suitable
1,1,0,1,0,1,1,0,1,1,1,0,7,0,1,36,Highly Suitable
0,1,0,0,0,1,0,0,0,0,1,3,0,4,1,59,Needs Improvement
1,1,0,1,1,0,1,1,1,1,0,4,8,0,0,21,Highly Suitable
1,0,1,1,1,0,1,0,0,1,0,6,3,5,1,95,Highly Suitable
0,0,1,1,0,0,0,0,0,0,0,4,2,2,0,68,Needs Improvement
0,1,0,1,1,1,1,1,1,1,1,5,3,1,1,60,Highly Suitable
1,0,0,0,1,0,0,1,1,0,0,5,2,0,0,90,Highly Suitable
0,0,1,1,1,0,1,1,0,1,1,2,2,0,0,53,Suitable
0,0,0,1,1,0,0,0,0,1,0,8,3,3,0,45,Needs Improvement
1,1,1,1,1,0,0,1,1,1,0,8,3,3,1,38,Highly Suitable
1,0,1,1,1,0,1,0,0,1,0,0,4,4,2,86,Highly Suitable
0,1,0,1,0,0,0,0,1,1,1,6,4,4,1,79,Highly Suitable
0,0,1,0,1,0,0,1,1,0,1,0,3,2,0,63,Needs Improvement
1,0,0,0,1,0,0,1,0,1,1,0,7,2,0,35,Needs Improvement
0,0,0,1,0,1,0,1,0,0,0,1,6,4,2,23,Suitable
1,1,1,0,0,0,0,1,0,1,0,1,0,3,1,77,Suitable
1,0,1,1,1,1,1,0,1,0,0,2,1,2,0,31,Suitable
0,0,0,1,1,1,0,0,1,1,0,7,7,0,1,23,Suitable
0,1,1,1,0,1,0,0,1,1,0,5,1,3,1,89,Highly Suitable
1,0,0,1,1,1,0,1,1,1,1,6,0,0,1,55,Highly Suitable
1,1,1,0,0,1,0,0,0,0,0,4,6,5,2,77,Highly Suitable
1,1,1,0,0,1,1,0,1,1,0,1,8,0,1,69,Highly Suitable
1,1,0,1,0,1,1,1,1,1,0,1,1,0,1,93,Highly Suitable
1,1,1,1,1,1,1,1,1,0,1,2,2,3,2,93,Highly Suitable
1,1,1,0,0,0,1,1,1,1,0,6,6,5,2,96,Highly Suitable
1,0,0,0,1,1,0,1,1,1,1,5,7,0,2,46,Highly Suitable
1,0,1,0,1,1,0,1,0,0,0,7,3,2,0,36,Highly Suitable
1,0,0,0,1,0,1,0,0,0,0,3,0,1,0,98,Suitable
0,1,1,1,0,1,0,1,1,0,0,6,5,5,0,44,Highly Suitable
1,1,1,0,1,0,0,1,0,1,0,0,6,2,1,87,Highly Suitable
1,1,1,1,0,0,0,0,1,0,1,5,4,1,2,20,Highly Suitable
0,1,1,1,0,1,1,0,1,1,1,8,6,0,2,43,Highly Suitable
0,0,0,0,0,0,1,0,0,1,1,6,3,4,2,36,Suitable
1,1,0,1,0,0,1,0,1,1,1,2,1,3,2,93,Highly Suitable
1,1,0,1,0,0,0,0,0,1,0,0,5,0,2,25,Needs Improvement
1,1,1,0,0,0,0,0,0,0,1,5,4,2,1,28,Suitable
1,1,0,0,0,1,1,1,0,1,1,0,1,2,0,71,Highly Suitable
1,1,1,0,0,0,1,0,1,1,1,8,3,1,0,93,Highly Suitable
1,0,0,0,1,0,1,0,0,1,1,7,2,1,0,71,Highly Suitable
0,1,1,0,1,0,0,1,0,0,1,7,7,5,0,23,Highly Suitable
0,1,0,0,0,0,0,1,0,0,0,2,7,0,1,93,Suitable
0,1,1,0,0,1,1,1,0,0,1,3,7,0,1,96,Highly Suitable
0,1,1,1,1,0,1,0,1,1,0,6,2,3,0,64,Highly Suitable
0,0,0,0,1,1,1,0,1,1,1,2,4,2,0,59,Suitable
1,1,1,1,0,1,1,1,0,1,1,4,3,4,2,25,Highly Suitable
0,0,1,0,1,0,1,1,1,0,0,0,4,0,2,28,Needs Improvement
1,1,0,1,1,0,1,0,1,1,0,2,5,2,2,39,Highly Suitable
0,1,0,0,0,1,0,0,1,0,1,3,1,5,0,78,Suitable
0,1,1,0,1,1,1,1,0,0,0,8,4,1,2,48,Highly Suitable
1,1,1,1,0,0,0,1,1,1,1,7,1,2,0,96,Highly Suitable
0,0,1,0,1,1,0,1,1,0,0,3,2,4,2,22,Suitable
0,0,1,1,1,1,0,1,1,0,1,8,7,1,2,61,Highly Suitable
1,0,1,0,0,0,1,1,0,0,1,7,5,2,2,48,Highly Suitable
0,1,0,1,0,1,1,0,0,1,0,8,7,4,2,48,Highly Suitable
1,0,0,0,0,0,0,1,0,1,1,3,3,0,0,49,Needs Improvement
1,0,0,0,1,1,1,0,1,0,1,2,0,1,0,64,Needs Improvement
1,0,1,0,0,0,0,1,0,0,1,1,5,2,1,88,Suitable
0,1,0,1,0,0,1,1,1,1,0,1,2,2,1,31,Needs Improvement
1,0,0,1,0,0,0,1,0,1,0,4,4,0,2,80,Suitable
1,1,1,1,1,0,1,1,0,0,0,4,6,1,0,75,Highly Suitable
1,0,0,1,1,0,1,0,0,0,1,6,1,2,0,57,Suitable
0,1,1,1,1,1,1,0,1,0,0,6,0,4,0,95,Highly Suitable
0,0,0,1,1,0,0,0,0,1,0,8,3,0,1,70,Suitable
1,0,0,1,1,1,0,1,1,0,1,0,6,2,1,91,Highly Suitable
0,1,1,0,0,0,1,0,1,0,0,8,1,5,2,57,Highly Suitable
0,0,1,0,1,1,1,0,1,0,0,8,3,0,1,97,Highly Suitable
1,0,1,1,1,0,1,1,0,1,1,7,4,4,0,75,Highly Suitable
1,1,1,0,1,1,0,0,1,1,1,6,0,2,2,97,Highly Suitable
1,0,1,0,0,0,1,0,0,0,0,2,5,4,1,74,Suitable
0,0,1,1,1,0,0,0,0,1,1,8,7,0,2,40,Highly Suitable
0,1,1,1,0,0,0,0,1,0,0,5,4,2,1,23,Suitable
1,1,0,0,0,1,1,1,0,1,0,4,6,0,1,47,Suitable
0,1,0,0,0,0,0,0,1,0,1,2,4,4,0,22,Needs Improvement
1,0,1,1,1,1,1,1,0,1,0,5,1,4,2,68,Highly Suitable
0,1,0,1,1,1,0,0,0,0,0,0,2,1,1,24,Needs Improvement
1,1,1,0,0,1,0,1,0,1,0,8,2,4,0,63,Highly Suitable
1,1,1,0,0,0,0,0,1,1,1,7,0,4,2,68,Highly Suitable
1,0,1,0,1,1,1,1,1,1,0,0,2,1,1,91,Highly Suitable
1,1,0,0,0,1,0,1,0,1,1,0,3,0,0,88,Needs Improvement
0,1,1,0,1,0,0,1,0,1,0,0,4,3,0,84,Suitable
0,0,0,1,1,0,1,1,1,0,1,1,0,1,1,30,Needs Improvement
0,0,0,0,0,0,1,0,1,0,0,2,5,5,0,76,Suitable
0,1,1,1,0,1,1,0,1,0,1,7,1,2,2,84,Highly Suitable
0,0,0,0,0,1,1,1,1,1,1,2,2,3,1,80,Highly Suitable
1,0,1,1,0,0,0,1,1,1,1,0,3,1,2,33,Suitable
1,1,0,0,1,1,0,0,1,0,0,2,6,3,1,49,Suitable
0,1,1,1,0,0,0,0,0,1,1,4,6,0,0,61,Suitable
1,0,1,1,0,0,1,1,1,1,1,4,8,3,2,94,Highly Suitable
1,1,0,1,0,0,1,0,0,0,1,7,0,0,1,82,Highly Suitable
1,1,1,0,0,0,1,0,0,0,1,1,6,0,0,55,Highly Suitable
0,0,0,1,1,1,0,1,1,1,1,4,3,1,0,86,Highly Suitable
1,1,1,0,0,0,1,0,0,0,1,3,0,0,1,99,Highly Suitable
0,1,1,1,0,1,0,1,1,0,0,7,3,4,1,74,Highly Suitable
1,1,0,0,1,1,1,0,0,1,1,8,7,5,0,53,Highly Suitable
0,1,0,0,1,1,1,0,1,0,1,5,8,5,0,81,Highly Suitable
1,1,0,0,0,1,0,1,0,1,0,5,4,3,1,71,Highly Suitable
1,0,0,1,1,1,1,0,0,0,1,2,7,5,0,89,Highly Suitable
1,0,1,1,0,0,1,0,0,1,0,0,0,5,0,34,Needs Improvement
0,1,1,0,1,0,1,0,1,1,0,2,1,1,0,26,Suitable
0,0,1,1,0,1,1,0,0,0,0,0,4,5,1,87,Suitable
1,1,0,1,1,1,1,0,0,0,0,8,8,1,0,22,Highly Suitable
0,0,1,1,0,1,1,0,0,0,0,3,6,2,0,100,Highly Suitable
0,1,0,1,0,1,1,1,1,0,0,2,3,4,2,28,Highly Suitable
0,0,1,0,0,1,1,0,0,1,0,7,4,4,2,92,Highly Suitable
0,0,1,0,1,1,1,1,1,0,1,8,6,4,0,34,Highly Suitable
1,0,0,0,1,1,0,0,1,1,1,1,5,2,2,64,Highly Suitable
0,1,0,1,1,0,0,1,0,0,0,4,6,1,1,41,Suitable
1,0,1,1,0,0,0,0,1,1,0,8,0,1,2,60,Highly Suitable
1,1,0,1,0,1,1,1,1,0,0,4,7,2,2,30,Highly Suitable
0,1,0,1,1,0,0,1,0,1,1,7,6,0,0,40,Highly Suitable
1,0,0,0,0,0,0,1,1,0,0,8,2,4,0,100,Highly Suitable
0,1,0,0,0,0,1,0,0,0,1,3,6,2,1,89,Suitable
0,0,0,1,0,0,0,1,0,1,0,8,7,2,2,28,Highly Suitable
0,1,1,0,1,1,0,0,1,1,1,1,0,0,1,30,Needs Improvement
0,1,1,0,0,1,0,0,0,0,0,6,0,3,0,36,Needs Improvement
1,0,0,0,0,0,1,0,1,0,1,5,3,4,0,75,Highly Suitable
0,0,0,1,1,0,0,1,1,1,1,4,0,1,0,20,Needs Improvement
1,1,1,0,0,1,0,1,1,1,1,0,0,5,2,56,Highly Suitable
1,0,0,1,0,1,1,1,0,1,0,8,0,4,0,57,Highly Suitable
0,1,0,1,0,1,1,0,0,0,1,2,5,2,0,51,Suitable
0,0,1,0,1,1,1,0,1,1,0,4,7,3,0,63,Highly Suitable
1,0,0,0,0,1,0,1,1,1,0,7,7,5,2,90,Highly Suitable
0,1,0,0,0,1,1,0,0,0,1,5,8,4,0,95,Highly Suitable
0,1,0,1,0,0,0,1,1,1,1,2,0,2,2,65,Highly Suitable
1,1,1,1,1,0,0,0,1,0,0,4,5,3,1,38,Highly Suitable
1,1,0,0,1,0,1,1,0,0,1,2,2,0,0,45,Suitable
1,0,0,0,1,1,1,0,0,0,0,7,4,3,0,34,Suitable
1,0,1,0,1,1,0,0,0,1,1,2,8,2,2,91,Highly Suitable
1,0,1,0,1,1,0,0,0,0,1,3,7,4,1,98,Highly Suitable
1,1,1,1,1,1,1,0,0,1,1,2,6,1,1,63,Highly Suitable
0,1,1,1,0,1,0,1,0,1,0,8,5,5,2,92,Highly Suitable
1,1,1,1,1,0,1,1,1,0,1,7,8,2,0,59,Highly Suitable
1,0,0,1,0,1,1,1,0,0,1,0,0,3,2,88,Suitable
1,0,0,0,0,1,1,0,0,0,1,5,2,4,1,25,Suitable
0,0,0,1,1,0,0,1,0,1,1,1,4,4,1,39,Needs Improvement
0,0,0,0,0,1,1,1,0,1,1,5,0,4,0,65,Suitable
1,1,1,0,0,0,0,1,0,1,1,1,3,3,1,53,Suitable
1,1,1,0,0,0,0,0,0,1,0,6,5,0,1,71,Suitable
0,0,0,0,0,1,1,1,1,1,1,3,0,2,1,67,Suitable
1,1,0,0,1,0,1,1,0,1,1,7,8,4,2,59,Highly Suitable
0,0,1,1,0,0,1,1,0,0,0,3,6,4,1,38,Suitable
0,0,0,0,0,1,1,1,0,1,0,7,0,3,2,79,Suitable
0,1,0,0,0,0,0,0,1,1,0,7,6,4,1,40,Suitable
1,0,0,0,0,0,0,0,1,0,0,0,5,1,0,81,Not Suitable
0,0,1,0,0,0,0,0,1,1,1,2,7,0,1,56,Suitable
1,1,1,0,0,0,1,0,0,0,0,1,2,3,2,90,Suitable
1,1,1,1,1,1,0,1,1,1,0,6,0,5,1,53,Highly Suitable
0,1,1,0,1,1,0,1,1,1,1,7,8,4,1,21,Highly Suitable
0,1,1,1,1,1,1,0,1,0,0,8,8,4,1,39,Highly Suitable
1,0,1,0,0,0,1,0,1,1,0,7,0,0,1,45,Highly Suitable
0,1,0,1,1,1,0,0,0,1,1,4,7,4,1,28,Highly Suitable
1,0,0,0,1,0,1,0,1,1,0,6,0,0,2,97,Suitable
1,0,1,0,0,1,0,1,1,0,1,2,0,3,1,33,Needs Improvement
1,1,0,1,0,0,1,1,1,1,1,2,4,3,0,26,Highly Suitable
0,0,0,0,0,1,0,0,1,1,0,2,0,2,0,39,Not Suitable
1,1,0,0,0,0,0,0,0,1,1,7,4,5,1,62,Highly Suitable
0,1,1,1,1,1,0,1,0,1,1,2,0,2,0,71,Highly Suitable
0,1,0,1,1,0,1,0,0,0,1,3,7,3,1,93,Highly Suitable
1,1,0,1,0,1,1,1,0,1,1,0,5,4,1,98,Highly Suitable
0,1,1,0,0,0,1,1,0,1,0,5,7,2,1,62,Highly Suitable
1,0,0,1,1,0,1,0,1,0,0,1,1,5,0,86,Suitable
0,1,1,1,1,0,0,0,0,1,1,1,8,5,0,26,Highly Suitable
0,1,0,0,0,0,1,1,0,1,1,2,0,2,1,57,Suitable
0,1,0,0,0,1,1,1,1,1,1,6,0,2,0,94,Highly Suitable
1,0,1,1,1,0,0,1,1,0,1,2,7,2,2,26,Highly Suitable
1,0,0,1,1,1,1,1,1,1,1,4,5,4,1,77,Highly Suitable
0,0,1,0,0,0,0,1,0,1,1,2,7,2,2,28,Suitable
0,1,1,0,0,0,0,1,1,1,1,3,6,5,2,64,Highly Suitable
0,0,1,1,1,0,0,0,0,1,0,6,5,4,1,86,Highly Suitable
1,0,0,1,0,0,0,1,1,0,0,0,3,3,2,42,Suitable
1,0,1,0,1,1,1,1,1,0,0,1,2,5,0,46,Highly Suitable
0,1,0,1,0,1,1,0,1,1,1,8,5,4,1,68,Highly Suitable
1,1,1,1,0,0,0,0,1,0,0,2,8,5,2,68,Highly Suitable
0,1,1,1,1,0,0,1,1,0,1,2,0,1,0,48,Suitable
1,0,0,0,0,0,0,1,1,1,1,2,7,5,1,89,Highly Suitable
0,1,1,0,1,0,1,1,0,0,0,0,8,3,1,91,Highly Suitable
1,1,0,0,1,0,0,0,1,1,1,7,3,2,1,42,Highly Suitable
0,1,1,0,0,1,1,0,1,1,1,3,0,1,1,48,Highly Suitable
0,0,1,1,0,1,0,1,0,0,1,5,5,2,1,86,Highly Suitable
0,1,1,0,1,0,0,1,1,0,1,6,4,3,2,78,Highly Suitable
1,1,1,0,1,1,1,1,1,0,0,2,2,4,0,40,Highly Suitable
1,1,1,1,0,0,1,0,0,1,1,4,2,3,1,24,Highly Suitable
1,0,1,0,0,0,0,0,0,0,0,1,3,5,2,83,Needs Improvement
1,0,0,0,1,1,0,1,0,0,0,1,5,1,0,78,Suitable
0,1,1,1,0,0,1,1,0,1,0,5,6,2,2,75,Highly Suitable
1,1,1,1,1,1,1,1,1,0,1,5,3,5,2,69,Highly Suitable
0,1,0,1,1,1,0,0,1,0,1,2,5,1,0,78,Highly Suitable
0,0,1,1,0,0,0,0,1,1,1,4,4,2,0,27,Needs Improvement
0,0,1,1,1,1,0,0,0,1,0,3,5,5,0,42,Suitable
0,1,1,0,0,0,1,0,1,0,1,1,2,5,0,90,Suitable
1,0,1,1,1,0,0,1,1,1,0,2,3,1,1,58,Highly Suitable
0,0,0,0,0,1,0,1,1,1,0,3,3,4,2,99,Highly Suitable
0,1,1,1,0,0,1,0,1,0,0,1,2,0,0,99,Suitable
0,0,0,0,0,1,1,0,0,0,0,6,6,2,1,40,Suitable
0,0,0,0,0,0,0,1,1,0,0,7,2,1,1,100,Suitable
1,0,1,0,1,0,0,0,0,0,1,4,0,2,0,34,Needs Improvement
0,0,0,0,1,1,1,1,0,1,0,4,8,3,1,64,Suitable
1,1,1,0,1,1,0,0,0,1,0,1,6,0,0,83,Highly Suitable
0,0,0,1,1,0,0,1,0,0,1,6,7,0,0,64,Highly Suitable
1,1,1,1,0,0,0,0,1,0,0,7,1,5,2,60,Highly Suitable
0,0,1,0,1,0,1,0,0,0,0,4,3,0,1,63,Suitable
1,1,1,0,0,0,1,1,0,1,0,2,8,2,2,38,Highly Suitable
1,1,1,1,0,0,0,1,0,0,1,8,2,1,1,83,Highly Suitable
0,1,0,1,0,0,0,0,0,1,0,6,4,3,1,86,Highly Suitable
1,1,1,1,1,1,0,1,0,1,0,2,0,3,0,33,Highly Suitable
1,1,0,1,1,1,0,0,1,1,1,0,8,0,0,54,Highly Suitable
0,1,1,0,0,1,0,1,0,0,1,8,6,0,0,59,Highly Suitable
0,0,1,0,0,0,1,0,1,1,1,4,6,2,1,42,Suitable
0,1,1,0,1,1,0,1,0,0,1,4,5,2,1,92,Highly Suitable
1,1,0,0,0,0,0,0,1,0,0,7,2,1,2,68,Highly Suitable
1,1,0,0,1,0,1,0,1,0,1,7,0,4,0,53,Suitable
0,1,1,0,0,0,0,1,1,0,0,4,8,5,1,91,Highly Suitable
0,1,1,0,0,1,0,1,1,1,0,4,2,4,1,52,Highly Suitable
1,1,1,1,0,0,1,1,1,0,1,5,2,4,0,21,Highly Suitable
1,0,1,0,1,1,1,1,1,0,0,5,1,3,2,47,Highly Suitable
0,0,1,1,1,0,0,0,0,1,0,7,8,0,0,99,Highly Suitable
1,1,1,0,0,0,1,1,1,0,1,2,3,2,2,64,Highly Suitable
0,0,1,0,1,1,1,1,0,0,0,2,6,2,1,55,Highly Suitable
1,1,0,0,1,0,0,1,0,1,0,0,7,5,2,35,Suitable
1,0,0,1,1,1,1,1,0,0,0,0,7,2,1,42,Highly Suitable
1,0,1,0,0,1,1,1,1,1,0,0,7,4,2,35,Highly Suitable
0,1,0,0,1,0,0,0,0,0,0,6,7,4,2,27,Highly Suitable
1,1,1,0,0,1,1,0,0,1,1,1,6,2,1,87,Highly Suitable
0,0,0,0,1,0,0,1,0,0,1,8,0,4,2,85,Highly Suitable
1,0,0,0,1,0,0,1,1,0,1,7,4,4,1,72,Highly Suitable
1,1,0,1,1,1,1,1,1,1,0,6,7,3,1,55,Highly Suitable
0,0,1,1,1,1,1,0,0,0,1,5,2,1,0,43,Highly Suitable
0,1,0,0,0,0,1,1,1,0,1,7,3,1,0,98,Suitable
1,1,0,1,0,1,0,1,1,0,0,4,7,3,2,81,Highly Suitable
0,0,1,0,1,0,0,1,0,1,1,3,3,1,1,75,Suitable
0,1,0,0,1,1,0,0,1,0,0,7,2,1,1,94,Highly Suitable
0,0,0,0,1,0,0,1,0,0,1,0,3,5,1,21,Not Suitable
0,0,0,0,0,0,1,1,1,0,0,5,7,4,2,21,Suitable
1,0,1,0,1,0,1,1,1,0,1,4,5,5,1,59,Highly Suitable
0,0,1,1,0,1,0,1,1,0,1,3,2,5,1,45,Highly Suitable
1,1,0,1,0,0,0,0,1,1,0,3,1,5,1,22,Suitable
0,0,1,1,1,1,0,0,0,1,0,6,6,3,2,87,Highly Suitable
0,1,1,0,1,1,1,1,0,1,1,3,2,4,2,65,Highly Suitable
0,0,0,1,0,1,0,1,1,0,0,1,5,2,2,71,Suitable
1,1,0,1,0,1,1,1,0,0,1,5,4,3,1,75,Highly Suitable
1,0,0,1,0,1,0,0,0,0,0,0,2,5,1,46,Needs Improvement
1,0,0,1,1,1,0,0,0,0,1,8,7,2,2,47,Highly Suitable
0,1,1,0,0,0,0,0,1,1,1,0,7,1,2,39,Suitable
1,1,1,0,1,1,1,1,0,1,1,0,0,4,0,83,Highly Suitable
1,1,1,0,0,1,1,1,0,1,1,6,4,2,1,47,Highly Suitable
1,0,1,0,0,1,1,1,1,0,0,7,8,2,2,77,Highly Suitable
0,0,1,1,0,1,1,0,1,1,0,8,0,3,0,61,Highly Suitable
0,0,0,1,1,1,0,1,0,1,0,5,4,4,1,96,Highly Suitable
0,0,0,0,1,1,0,0,1,0,0,8,8,0,0,62,Suitable
1,1,1,1,0,1,0,0,1,1,1,7,4,3,1,94,Highly Suitable
0,1,0,0,0,0,1,0,0,1,1,5,8,3,2,84,Highly Suitable
0,0,1,0,1,0,0,0,1,0,1,6,0,0,0,85,Suitable
1,0,0,0,1,1,0,0,0,0,0,2,4,2,1,32,Suitable
0,1,0,1,0,1,0,0,1,1,0,5,5,0,2,32,Highly Suitable
0,1,1,0,1,1,0,1,0,0,1,2,3,5,0,91,Highly Suitable
0,1,0,1,0,0,0,0,0,0,0,4,5,1,0,25,Needs Improvement
1,0,0,0,1,0,1,1,1,1,1,2,7,2,2,20,Highly Suitable
1,0,0,0,1,0,0,0,0,1,1,1,6,2,1,31,Needs Improvement
0,0,1,0,0,0,0,0,0,0,0,0,2,2,1,94,Needs Improvement
1,0,0,1,0,0,0,1,1,1,0,0,6,5,0,93,Highly Suitable
0,1,1,0,1,0,0,0,0,0,0,6,0,4,0,71,Suitable
0,0,1,1,1,0,0,1,0,1,0,8,3,2,1,92,Highly Suitable
1,1,1,0,1,0,1,0,1,0,1,4,5,3,1,96,Highly Suitable
0,1,0,1,1,0,1,0,1,0,0,4,5,3,2,76,Highly Suitable
0,1,0,1,1,1,1,0,1,0,0,1,6,2,1,37,Highly Suitable
1,0,1,1,1,1,0,0,1,0,1,6,1,0,1,69,Highly Suitable
1,1,0,0,1,0,1,1,1,1,0,1,6,2,1,40,Highly Suitable
1,1,0,0,0,1,1,0,0,0,0,5,2,2,0,45,Suitable
0,1,1,0,0,1,1,1,0,1,0,1,5,0,1,39,Needs Improvement
1,0,1,0,0,0,0,1,1,1,0,5,3,2,2,39,Suitable
0,0,0,0,0,0,1,1,0,0,1,1,4,0,2,82,Suitable
0,1,0,1,1,0,1,0,0,0,0,6,8,1,0,31,Suitable
1,0,0,0,0,1,0,1,0,1,1,7,8,4,1,47,Highly Suitable
1,1,1,1,1,0,1,0,1,0,0,7,2,2,1,57,Highly Suitable
0,1,0,1,0,0,1,0,0,1,0,3,4,2,1,49,Suitable
0,1,0,0,1,1,1,1,1,1,1,0,8,1,2,89,Highly Suitable
1,1,1,0,0,0,1,1,0,0,0,6,8,2,2,44,Highly Suitable
1,0,1,0,0,0,1,1,0,1,1,3,0,5,0,21,Suitable
0,1,1,1,0,1,1,1,1,1,1,3,3,0,2,98,Highly Suitable
0,0,1,0,0,0,1,1,0,1,1,0,1,0,0,46,Needs Improvement
1,0,1,1,1,1,1,1,0,0,1,8,6,0,2,36,Highly Suitable
1,0,1,1,0,1,1,0,0,1,1,0,3,1,0,40,Suitable
0,0,1,1,0,1,0,1,1,0,0,4,8,1,1,91,Highly Suitable
1,1,1,1,1,0,1,0,0,1,1,6,5,3,0,20,Highly Suitable
1,0,0,0,0,0,0,0,0,1,0,7,8,2,1,37,Suitable
1,0,0,0,0,1,1,1,0,0,1,6,6,0,1,89,Highly Suitable
0,0,0,0,1,1,0,1,1,0,0,8,4,3,1,32,Suitable
1,0,0,0,1,0,1,0,1,0,1,8,3,3,1,100,Highly Suitable
0,0,1,1,1,1,1,1,0,0,0,7,3,0,0,72,Highly Suitable
1,1,1,0,1,1,1,1,1,1,1,5,3,2,2,74,Highly Suitable
0,1,0,1,1,0,1,0,0,1,0,6,7,1,0,45,Highly Suitable
0,1,1,0,1,0,0,0,0,0,0,1,5,2,2,20,Needs Improvement
1,0,0,1,1,1,0,0,1,0,0,0,8,3,0,69,Suitable
1,0,1,0,1,1,0,0,1,1,1,7,3,3,1,43,Highly Suitable
1,0,0,0,0,1,0,1,1,0,0,0,5,4,1,92,Highly Suitable
1,0,1,1,1,0,1,1,1,0,0,7,7,0,0,34,Highly Suitable
1,0,1,1,0,0,1,0,1,1,1,8,8,5,2,90,Highly Suitable
0,0,1,1,0,1,1,1,1,0,0,6,4,2,1,26,Highly Suitable
1,0,0,1,1,1,1,1,1,1,1,8,7,5,2,69,Highly Suitable
1,1,1,0,1,1,0,1,1,1,1,0,2,2,0,66,Highly Suitable
1,1,0,0,1,1,1,0,1,1,0,3,7,2,1,90,Highly Suitable
1,0,1,0,0,0,1,1,0,0,0,3,6,4,1,58,Highly Suitable
0,1,0,1,0,1,0,0,1,0,1,0,6,1,0,52,Needs Improvement
1,0,0,0,1,1,0,1,1,0,0,4,6,3,1,74,Highly Suitable
1,1,0,0,0,0,1,0,1,1,0,5,2,0,2,93,Highly Suitable
0,0,0,0,0,1,1,0,1,0,1,1,6,2,2,53,Suitable
1,1,1,0,0,0,0,1,0,1,1,3,5,3,2,67,Highly Suitable
1,0,1,0,1,0,1,0,0,1,0,6,8,3,1,75,Highly Suitable
0,1,0,0,0,0,0,1,0,0,0,2,3,3,1,52,Needs Improvement
1,0,0,0,1,1,1,0,1,0,1,1,0,5,1,66,Suitable
0,1,1,0,1,0,1,0,1,1,1,8,3,0,0,52,Highly Suitable
1,1,0,1,1,1,0,1,1,0,1,2,8,0,2,21,Highly Suitable
0,1,0,1,1,0,0,1,1,1,1,4,4,0,2,91,Highly Suitable
1,0,0,0,0,0,1,1,1,0,1,2,6,4,2,26,Suitable
1,0,0,0,0,1,1,0,0,0,0,3,5,3,1,53,Suitable
0,0,1,0,1,1,0,0,1,0,0,0,1,1,2,97,Suitable
0,0,1,0,0,1,0,0,0,0,0,6,8,1,0,58,Suitable
0,0,0,0,1,1,1,1,0,1,1,7,7,1,2,87,Highly Suitable
1,1,1,0,0,1,0,0,1,0,0,8,2,3,1,36,Highly Suitable
1,0,1,0,1,1,1,1,0,1,1,0,3,0,2,35,Highly Suitable
1,1,1,1,1,1,0,1,0,1,1,1,5,5,0,85,Highly Suitable
0,1,1,1,1,0,0,1,0,1,1,5,5,2,2,46,Highly Suitable
1,0,0,0,0,1,1,1,1,1,1,7,7,2,1,93,Highly Suitable
1,1,0,0,0,1,0,1,0,1,1,0,0,3,0,56,Suitable
1,1,1,1,1,1,0,1,1,0,0,5,6,5,1,35,Highly Suitable
1,1,0,1,0,0,1,1,1,1,0,6,4,0,0,39,Highly Suitable
0,1,1,1,0,0,1,1,0,0,1,1,7,5,0,27,Suitable
1,1,1,0,1,1,1,1,1,1,0,1,6,4,2,47,Highly Suitable
1,1,1,1,0,1,0,1,0,0,1,0,4,1,0,80,Suitable
1,1,1,1,0,0,1,0,0,1,1,0,3,0,2,73,Suitable
1,0,0,0,1,1,0,0,0,0,1,3,2,0,0,71,Needs Improvement
0,0,0,0,0,1,0,1,0,0,0,3,8,4,2,77,Highly Suitable
0,0,0,1,1,1,0,1,1,1,1,3,4,1,2,21,Highly Suitable
0,1,0,0,1,0,1,1,1,1,1,2,6,2,1,23,Suitable
1,0,0,1,1,1,0,1,1,0,1,7,4,2,2,92,Highly Suitable
1,1,1,0,1,1,1,0,1,0,0,5,5,3,1,59,Highly Suitable
0,0,1,0,0,1,0,1,1,1,1,6,8,0,0,88,Highly Suitable
0,0,0,0,1,1,1,0,0,0,0,7,3,1,1,91,Highly Suitable
0,1,0,0,1,1,1,1,1,0,0,4,5,2,2,69,Highly Suitable
1,1,1,1,1,0,0,1,1,0,0,6,7,5,1,53,Highly Suitable
1,1,0,1,0,0,1,0,1,1,0,4,6,2,0,52,Highly Suitable
0,0,0,1,0,0,1,1,1,1,0,5,2,0,0,61,Needs Improvement
0,1,0,1,1,1,0,0,0,1,1,0,8,0,2,53,Suitable
0,0,1,1,1,0,0,1,0,1,0,3,3,4,0,20,Suitable
0,0,1,0,0,1,0,0,0,1,1,7,4,4,1,66,Highly Suitable
0,1,0,1,0,0,1,1,0,0,1,3,5,4,0,25,Suitable
0,1,1,1,0,0,0,1,0,0,0,2,1,3,2,95,Highly Suitable
1,1,0,1,0,1,1,0,0,0,1,3,1,4,0,76,Highly Suitable
0,0,0,1,1,1,1,1,0,0,0,3,6,0,1,65,Highly Suitable
0,1,0,1,1,1,1,1,0,1,1,2,0,5,0,71,Highly Suitable
1,0,0,1,1,0,0,0,1,1,1,0,6,4,0,60,Suitable
0,0,0,0,0,1,1,0,0,0,1,3,3,5,0,22,Suitable
1,1,1,1,0,1,1,1,0,1,1,3,2,0,2,87,Highly Suitable
0,0,1,0,1,1,1,1,1,0,0,2,0,2,0,28,Needs Improvement
1,0,1,0,0,0,0,1,1,1,0,3,6,1,0,20,Suitable
1,1,1,0,1,0,0,1,0,1,1,3,7,3,0,38,Highly Suitable
1,0,1,1,0,0,0,1,0,0,0,7,1,3,2,89,Highly Suitable
1,0,1,1,1,1,0,1,0,1,0,3,0,5,0,27,Suitable
1,0,1,0,0,0,1,0,1,1,1,0,8,4,2,52,Highly Suitable
0,1,1,1,1,0,1,0,1,1,0,7,6,2,0,93,Highly Suitable
1,0,0,1,1,1,0,0,1,0,0,6,0,1,2,69,Suitable
0,1,0,0,0,0,1,0,0,1,0,8,1,5,1,26,Suitable
0,0,1,1,0,0,1,1,1,1,1,0,1,2,2,95,Highly Suitable
0,1,0,0,0,1,1,1,1,1,0,7,7,1,2,60,Highly Suitable
1,1,0,0,0,0,1,0,0,1,1,3,7,2,2,87,Highly Suitable
0,1,0,0,1,1,0,1,1,1,1,7,3,2,2,35,Highly Suitable
0,0,1,1,1,1,1,1,1,0,1,5,8,2,0,88,Highly Suitable
1,1,1,0,0,1,0,0,0,0,0,6,4,3,2,93,Highly Suitable
0,1,1,0,0,1,0,0,1,0,0,3,1,1,2,81,Highly Suitable
0,0,1,1,0,1,1,0,0,1,1,2,6,5,0,26,Suitable
1,1,1,1,0,0,0,0,1,0,1,5,1,3,0,93,Highly Suitable
0,0,0,0,1,1,1,1,0,0,1,7,5,5,2,27,Highly Suitable
1,1,1,1,0,1,1,0,0,0,1,3,4,5,1,46,Highly Suitable
0,0,0,1,1,1,0,0,1,0,0,4,8,0,2,44,Highly Suitable
1,1,1,1,0,1,0,0,0,1,1,7,0,4,2,60,Highly Suitable
0,1,1,0,1,1,0,0,0,0,1,2,7,5,2,80,Highly Suitable
0,1,1,0,0,0,0,0,1,0,0,2,3,2,1,61,Needs Improvement
1,0,0,0,1,1,0,0,1,1,1,6,0,5,0,72,Highly Suitable
0,1,0,1,1,1,1,1,0,0,0,1,3,2,2,52,Highly Suitable
0,0,0,1,0,1,0,1,0,1,0,4,6,3,0,99,Highly Suitable
1,1,0,0,1,0,0,0,0,1,1,1,6,1,1,37,Needs Improvement
1,0,0,0,0,0,1,0,1,1,1,1,6,4,0,97,Highly Suitable
1,1,0,1,1,0,0,0,0,1,1,5,0,1,2,63,Highly Suitable
0,1,1,1,0,1,0,1,1,0,0,5,2,5,1,95,Highly Suitable
0,0,0,0,1,0,1,0,1,0,1,0,1,1,2,66,Needs Improvement
0,0,1,0,1,1,0,0,0,0,0,1,7,2,0,39,Needs Improvement
1,1,1,1,1,1,1,0,0,1,0,1,3,5,1,78,Highly Suitable
0,1,1,1,0,1,0,0,0,0,0,1,3,0,2,60,Suitable
0,0,1,1,0,0,1,0,1,0,0,2,4,3,0,70,Suitable
0,0,0,0,0,1,0,1,0,0,1,7,0,3,1,69,Needs Improvement
1,0,0,1,1,1,1,1,0,1,1,2,1,0,1,63,Suitable
1,0,0,0,0,0,1,0,0,1,0,4,7,1,1,55,Suitable
1,1,1,0,1,0,0,1,1,0,1,2,3,4,2,33,Highly Suitable
0,0,1,0,0,1,1,0,1,0,1,2,3,2,1,49,Needs Improvement
1,0,0,0,1,0,0,0,1,0,1,7,0,2,0,80,Highly Suitable
0,1,1,1,0,1,1,1,0,1,1,6,8,3,2,73,Highly Suitable
0,0,0,1,1,0,1,1,1,1,0,2,5,4,1,63,Suitable
0,0,0,1,0,1,1,0,1,0,1,1,1,0,2,72,Suitable
1,1,0,0,1,0,1,1,0,1,0,4,1,3,0,83,Highly Suitable
0,0,1,0,1,1,1,0,0,0,0,8,1,1,2,30,Highly Suitable
0,0,1,1,1,1,0,0,0,0,1,5,6,1,1,47,Suitable
0,1,0,0,0,0,1,0,0,0,1,5,4,5,0,23,Needs Improvement
0,0,0,1,1,1,0,0,0,0,0,8,2,2,0,52,Needs Improvement
0,1,0,0,1,1,0,1,1,1,0,2,1,2,2,97,Highly Suitable
1,0,0,0,0,1,0,1,1,1,0,3,4,2,0,33,Needs Improvement
1,1,0,0,0,1,1,0,0,0,1,1,3,0,0,63,Suitable
1,1,1,0,0,1,0,0,0,1,1,7,2,5,0,82,Highly Suitable
0,1,1,1,1,1,1,1,0,0,1,7,1,1,0,97,Highly Suitable
0,0,1,0,0,1,1,0,0,1,1,1,4,2,1,84,Suitable
0,1,0,1,0,0,1,1,1,0,0,1,5,3,1,85,Highly Suitable
0,0,1,0,1,0,0,1,1,1,0,3,2,3,0,92,Suitable
1,0,1,0,1,1,1,0,0,0,1,1,5,1,1,91,Highly Suitable
0,0,1,1,1,1,0,1,1,1,0,7,8,5,2,72,Highly Suitable
1,0,0,0,0,0,1,0,0,1,0,4,7,0,0,42,Needs Improvement
1,0,1,1,1,0,1,0,0,1,1,6,7,0,2,73,Highly Suitable
1,0,1,0,1,1,1,0,1,1,1,1,1,0,0,84,Highly Suitable
1,0,0,0,0,1,1,0,1,1,0,0,7,1,0,59,Suitable
1,1,1,0,0,0,1,0,0,1,1,8,2,2,1,93,Highly Suitable
1,1,0,1,0,0,0,0,0,1,1,3,2,1,0,53,Suitable
1,1,0,0,0,1,1,0,1,0,0,3,4,1,1,54,Suitable
0,1,1,1,1,0,1,0,1,0,1,1,2,1,0,29,Suitable
1,0,0,0,0,0,0,1,0,1,0,3,6,5,2,46,Suitable
0,1,0,0,0,1,1,0,1,1,0,5,3,4,1,37,Highly Suitable
1,0,0,1,0,1,1,1,0,1,0,8,4,2,1,46,Highly Suitable
1,0,1,0,1,0,0,1,1,0,0,3,2,1,1,91,Highly Suitable
0,1,0,0,1,0,0,1,0,1,1,0,7,5,2,85,Suitable
1,0,1,1,1,0,1,0,1,1,1,7,7,2,1,55,Highly Suitable
1,1,0,0,1,1,1,0,0,1,0,6,8,4,0,69,Highly Suitable
1,0,1,1,1,0,1,1,0,1,1,6,0,4,0,37,Highly Suitable
0,1,0,1,0,1,1,1,0,1,0,1,6,0,2,98,Highly Suitable
0,1,1,0,1,0,1,0,1,0,1,4,3,0,2,70,Suitable
0,0,1,0,0,1,0,1,1,0,1,8,5,1,2,51,Highly Suitable
0,1,1,1,1,1,1,1,1,1,0,2,7,5,0,33,Highly Suitable
1,0,1,0,0,0,0,1,0,0,0,3,6,5,0,80,Highly Suitable
0,1,1,1,0,1,0,1,1,1,1,1,1,1,2,68,Highly Suitable
0,0,0,1,0,0,0,0,0,1,1,5,5,1,2,37,Suitable
1,1,1,1,0,0,0,1,1,0,0,7,3,5,0,76,Highly Suitable
0,1,0,0,1,0,0,0,0,1,0,7,7,1,0,52,Suitable
1,1,1,1,0,1,0,1,1,1,0,1,0,2,0,20,Highly Suitable
0,0,1,0,0,1,0,1,0,0,1,7,3,0,0,98,Highly Suitable
0,1,0,1,1,0,0,1,1,0,0,6,8,5,0,20,Highly Suitable
0,1,0,0,0,1,0,0,0,1,1,2,3,4,2,61,Highly Suitable
1,0,0,0,0,0,1,1,1,0,1,5,7,4,0,45,Suitable
0,0,0,1,0,1,0,1,1,0,0,4,1,1,0,26,Needs Improvement
1,1,1,1,1,1,1,0,1,0,1,5,0,2,2,76,Highly Suitable
0,1,1,1,1,0,1,0,1,1,0,8,1,2,2,37,Highly Suitable
1,0,1,1,0,1,1,0,0,1,1,4,3,2,2,45,Highly Suitable
1,0,1,1,1,1,0,1,1,1,1,7,4,4,0,31,Highly Suitable
1,1,1,0,1,1,0,1,0,1,1,3,7,3,0,29,Highly Suitable
1,0,0,1,1,1,0,1,0,1,0,4,7,0,1,25,Highly Suitable
0,1,1,0,1,1,1,0,1,0,0,3,2,3,0,63,Highly Suitable
0,0,1,1,1,0,0,0,0,0,0,8,5,3,2,84,Highly Suitable
1,0,1,0,0,1,0,1,1,1,0,0,8,5,0,62,Highly Suitable
0,1,0,0,0,0,1,0,0,1,1,3,2,4,2,61,Suitable
1,1,1,0,1,0,1,0,0,1,1,6,1,2,0,51,Highly Suitable
0,0,1,0,1,1,1,0,1,1,0,6,3,4,2,78,Highly Suitable
0,0,1,1,1,1,0,1,1,1,1,6,1,4,0,57,Highly Suitable
1,1,0,1,0,1,1,0,0,1,0,8,8,3,0,73,Highly Suitable
1,0,0,0,0,0,0,0,0,1,0,0,7,5,0,47,Needs Improvement
0,1,1,1,1,1,1,1,0,1,1,1,7,5,2,68,Highly Suitable
0,1,1,1,0,0,0,1,1,1,1,6,7,5,1,71,Highly Suitable
1,1,1,1,1,1,1,0,1,0,0,8,5,5,0,95,Highly Suitable
1,1,1,0,0,1,1,0,1,1,0,8,8,3,0,79,Highly Suitable
1,1,0,0,0,1,0,1,0,1,0,8,7,5,0,87,Highly Suitable
1,0,0,1,1,0,1,1,1,0,0,3,2,0,1,51,Suitable
0,0,0,0,0,0,0,0,0,1,0,6,5,2,2,88,Suitable
1,1,1,1,0,1,1,0,1,0,1,1,4,1,1,97,Highly Suitable
1,1,1,0,1,0,1,0,1,0,0,5,5,3,1,99,Highly Suitable
0,0,1,1,1,0,1,0,1,1,0,1,1,5,1,36,Suitable
1,1,1,1,0,0,1,1,0,1,1,1,7,4,1,44,Highly Suitable
1,0,0,0,0,1,0,0,1,0,0,3,8,5,1,40,Suitable
0,0,1,0,0,1,1,1,0,1,1,6,2,1,0,32,Suitable
1,1,1,0,0,0,1,0,0,1,0,2,6,1,1,50,Highly Suitable
0,1,0,0,0,1,1,1,1,0,1,2,0,1,1,87,Suitable
0,1,0,1,1,1,0,0,0,0,0,7,0,1,1,54,Suitable
1,0,0,0,0,1,1,0,0,0,1,3,2,3,1,100,Highly Suitable
0,1,1,1,1,1,1,1,0,1,0,7,5,3,0,63,Highly Suitable
1,0,1,1,0,0,1,1,1,0,1,3,3,4,2,36,Highly Suitable
1,0,1,0,0,0,1,0,0,0,1,3,3,4,0,75,Suitable
1,1,0,1,1,1,0,0,0,0,0,3,7,0,2,96,Highly Suitable
0,1,1,0,1,1,1,0,1,0,0,1,6,5,0,42,Suitable
1,1,0,0,0,1,1,0,1,1,0,6,4,2,1,46,Highly Suitable
1,0,1,0,0,0,0,1,0,0,1,6,8,1,1,40,Highly Suitable
0,1,1,1,0,0,0,0,1,0,0,0,0,4,0,27,Needs Improvement
0,0,1,1,1,1,1,1,1,1,1,1,7,1,2,59,Highly Suitable
0,0,1,1,1,0,0,0,1,1,1,6,8,2,0,62,Highly Suitable
1,0,1,0,1,1,1,0,1,0,1,1,7,3,2,69,Highly Suitable
1,1,1,1,0,0,0,0,1,1,0,2,6,5,1,86,Highly Suitable
0,0,0,0,0,0,1,0,1,1,1,7,5,5,0,78,Highly Suitable
0,0,1,1,1,0,1,0,1,0,1,4,3,0,0,99,Highly Suitable
0,0,0,1,0,0,0,0,0,0,1,2,4,5,0,97,Needs Improvement
0,1,0,0,1,1,0,1,0,1,1,5,3,4,0,89,Highly Suitable
0,1,1,1,1,0,0,1,0,1,1,6,6,3,1,97,Highly Suitable
0,1,0,1,0,1,0,1,0,1,1,2,5,5,1,41,Highly Suitable
1,0,1,1,0,0,0,1,1,0,1,3,4,5,1,89,Highly Suitable
0,1,0,1,1,0,0,0,1,1,1,6,6,0,0,65,Suitable
1,1,0,0,1,1,0,1,1,0,1,4,4,0,0,99,Highly Suitable
0,1,1,1,0,0,1,1,0,0,0,1,8,1,2,23,Suitable
1,0,1,1,1,0,0,0,1,1,0,8,0,0,2,40,Highly Suitable
0,0,1,0,0,1,0,0,0,0,0,1,5,1,0,29,Not Suitable
0,1,0,0,1,0,0,0,0,1,0,2,3,0,2,96,Suitable
1,0,0,0,0,1,0,0,0,1,1,5,6,4,2,21,Suitable
0,0,0,1,1,1,0,0,1,1,0,4,3,4,1,34,Suitable
0,1,1,1,1,1,0,0,1,0,1,0,2,3,0,88,Highly Suitable
0,1,0,0,0,0,0,1,0,0,0,2,1,3,2,21,Not Suitable
1,0,0,1,0,0,0,1,0,1,1,2,5,1,2,25,Needs Improvement
0,0,0,0,1,1,1,1,0,0,0,6,7,5,0,32,Suitable
1,1,0,0,1,1,1,0,0,0,1,1,5,1,2,70,Highly Suitable
0,1,1,0,0,0,0,0,1,0,1,5,3,5,0,56,Suitable
1,0,0,1,0,0,1,0,1,1,1,0,8,2,2,60,Highly Suitable
1,1,1,1,0,0,1,1,1,1,1,0,0,4,2,49,Highly Suitable
1,1,1,1,0,1,0,1,1,0,0,7,2,3,0,78,Highly Suitable
1,0,0,0,0,0,0,0,0,1,0,1,2,0,0,52,Not Suitable
1,0,1,0,0,0,1,0,0,1,0,6,5,0,0,80,Highly Suitable
1,1,0,0,1,0,1,1,1,1,1,8,8,3,0,100,Highly Suitable
0,1,0,1,0,1,1,0,0,0,0,1,1,2,1,72,Suitable
1,1,1,1,0,1,0,1,1,0,0,7,0,4,0,32,Highly Suitable
1,1,1,0,1,1,0,0,0,0,0,4,5,1,1,77,Highly Suitable
0,1,1,0,1,0,0,0,1,0,1,8,8,3,0,66,Highly Suitable
1,0,1,0,0,0,1,1,0,0,1,0,3,4,2,71,Highly Suitable
0,1,1,1,1,1,0,1,0,0,1,6,5,1,2,50,Highly Suitable
0,1,1,1,0,0,1,0,1,0,0,4,0,3,2,40,Suitable
0,1,1,0,0,1,0,0,1,0,0,5,6,5,0,52,Highly Suitable
0,1,0,1,0,1,0,0,0,1,1,0,4,2,1,66,Suitable
0,1,0,1,1,0,0,0,0,1,1,4,4,2,2,62,Highly Suitable
1,0,0,1,0,1,1,0,0,1,0,2,1,0,1,54,Suitable
0,1,1,1,0,1,0,1,1,0,1,3,8,3,1,92,Highly Suitable
1,0,0,0,1,1,0,1,1,0,0,4,7,4,0,50,Suitable
1,1,0,1,1,0,0,0,0,0,1,6,4,1,2,81,Highly Suitable
1,0,1,0,0,0,1,1,0,1,1,6,1,5,0,68,Highly Suitable
1,0,1,1,0,0,0,1,0,1,1,0,6,0,1,76,Suitable
1,0,0,0,0,1,0,0,0,0,1,0,0,2,0,43,Not Suitable
0,1,0,0,0,0,0,1,0,1,1,2,5,0,1,99,Suitable
1,1,1,0,0,0,0,1,0,1,1,2,4,3,0,80,Highly Suitable
1,0,0,1,0,1,1,0,1,1,1,5,7,5,1,47,Highly Suitable
0,0,0,1,1,1,1,1,0,1,1,6,0,3,1,100,Highly Suitable
0,1,0,1,0,1,0,1,0,0,0,5,6,5,0,37,Highly Suitable
1,1,1,1,0,1,0,1,1,1,1,0,7,2,0,41,Highly Suitable
0,0,1,0,1,0,0,1,1,1,0,8,0,1,1,64,Highly Suitable
1,0,1,0,1,1,1,0,1,0,1,3,7,3,2,95,Highly Suitable
0,1,1,1,1,1,0,1,1,1,0,5,1,1,0,62,Highly Suitable
1,1,1,0,0,1,1,0,0,1,0,4,6,2,0,46,Highly Suitable
1,1,1,0,0,0,0,1,1,0,1,0,0,4,1,31,Suitable
0,0,1,0,1,1,1,1,0,1,0,3,7,3,2,51,Highly Suitable
0,1,1,0,1,0,1,0,0,1,0,8,5,1,0,70,Highly Suitable
0,1,1,0,0,1,1,0,1,0,0,6,5,4,0,47,Highly Suitable
0,1,0,0,1,0,1,0,0,0,0,0,8,2,1,56,Needs Improvement
1,0,1,1,0,0,0,0,0,0,1,8,8,0,2,40,Highly Suitable
0,0,1,1,1,1,1,1,1,0,1,5,7,3,1,65,Highly Suitable
1,1,0,0,1,0,1,1,0,1,0,1,0,1,1,99,Suitable
1,1,0,0,0,0,0,0,0,0,0,5,1,2,2,86,Suitable
1,0,1,0,0,1,1,0,1,0,1,0,6,3,1,33,Suitable
0,1,1,1,1,0,0,1,1,0,1,2,7,5,2,78,Highly Suitable
0,0,1,0,1,1,1,0,1,0,0,2,3,5,1,84,Highly Suitable
0,1,1,0,0,1,0,1,0,1,1,1,6,5,2,62,Highly Suitable
0,1,1,1,1,1,1,1,1,0,0,0,0,2,0,67,Suitable
1,0,1,1,1,1,1,1,0,0,1,7,5,0,0,58,Highly Suitable
1,0,0,1,1,0,1,0,0,0,0,4,1,3,1,24,Suitable
1,0,1,1,0,0,0,1,0,0,1,0,7,4,2,36,Suitable
1,1,1,1,1,0,1,1,1,0,0,2,8,3,1,84,Highly Suitable
0,1,0,1,1,0,1,1,1,0,1,5,6,5,1,30,Highly Suitable
1,1,0,0,1,0,1,1,1,0,1,5,5,0,2,72,Highly Suitable
0,0,0,1,1,0,0,0,1,1,0,8,2,2,1,97,Highly Suitable
0,0,0,0,1,1,1,1,1,1,1,8,6,5,0,30,Highly Suitable
1,0,0,1,0,1,0,1,0,1,0,2,5,4,2,30,Highly Suitable
1,0,0,0,0,0,1,1,1,0,0,7,6,1,0,97,Highly Suitable
1,0,1,0,1,1,0,1,0,1,0,2,3,0,1,44,Suitable
1,1,0,1,1,1,1,1,1,0,1,1,0,2,0,24,Suitable
0,1,0,0,0,0,1,0,1,1,1,3,5,1,2,49,Suitable
1,0,0,0,0,0,0,1,1,1,0,1,8,2,0,28,Needs Improvement
0,0,0,1,1,0,0,1,1,1,1,3,6,5,2,98,Highly Suitable
1,0,0,0,0,1,1,1,1,0,0,3,7,4,0,42,Highly Suitable
1,0,0,1,1,0,1,0,0,0,0,4,5,1,2,77,Highly Suitable
1,1,0,1,0,0,0,1,1,1,0,7,1,1,2,70,Highly Suitable
0,1,1,0,1,0,0,0,0,0,1,1,4,4,1,76,Suitable
1,1,0,0,1,0,1,1,1,1,1,2,8,1,0,69,Highly Suitable
1,1,0,0,1,1,1,0,1,1,1,7,6,3,0,50,Highly Suitable
1,1,1,0,0,0,1,1,1,1,0,2,3,4,2,66,Highly Suitable
0,1,0,0,1,0,0,1,0,1,1,1,8,2,2,49,Suitable
0,1,0,1,0,0,0,0,0,0,0,1,2,0,2,99,Suitable
1,1,1,0,1,0,0,0,1,0,1,4,8,1,1,66,Highly Suitable
1,0,1,0,0,1,1,1,1,1,0,6,7,3,0,60,Highly Suitable
1,1,0,0,0,1,1,0,1,1,1,8,8,3,2,50,Highly Suitable
1,1,0,0,0,1,0,0,0,0,1,6,2,2,1,83,Highly Suitable
0,0,1,0,1,0,0,1,1,0,1,7,0,0,0,29,Suitable
0,0,1,0,1,1,1,1,0,1,1,4,3,3,2,49,Highly Suitable
0,1,0,0,0,1,1,1,0,0,0,1,3,0,1,57,Needs Improvement
1,0,1,0,0,0,0,0,1,1,0,4,2,5,2,56,Suitable
0,1,1,0,0,0,0,1,1,1,1,6,0,5,1,41,Highly Suitable
1,0,0,1,0,0,1,0,1,1,1,3,0,4,0,85,Suitable
1,0,0,0,1,0,0,1,1,0,0,0,7,0,1,59,Suitable
0,1,0,0,0,0,0,1,1,0,1,7,7,3,1,83,Highly Suitable
0,0,0,0,0,0,1,1,1,1,0,5,8,4,0,50,Suitable
0,1,0,1,1,1,1,0,0,1,1,2,6,2,1,79,Highly Suitable
0,1,1,1,1,1,1,0,1,1,0,7,5,1,1,76,Highly Suitable
1,0,1,0,1,0,0,1,0,0,0,5,6,3,0,49,Highly Suitable
1,0,1,1,1,1,1,1,0,1,0,6,8,0,2,89,Highly Suitable
0,0,0,1,1,1,0,0,1,1,1,0,3,5,1,64,Suitable
0,0,0,0,0,1,1,0,1,1,1,0,5,0,1,63,Suitable
0,1,0,0,0,0,1,0,1,0,1,1,8,5,2,69,Highly Suitable
1,1,1,1,1,0,0,1,0,0,1,4,7,4,1,43,Highly Suitable
0,0,0,0,0,1,0,0,0,0,0,6,2,2,0,94,Needs Improvement
0,1,1,1,1,1,0,0,1,0,0,4,0,0,0,64,Highly Suitable
0,0,0,0,0,1,1,0,1,1,0,4,7,4,2,68,Highly Suitable
1,0,1,1,0,0,0,0,1,0,1,2,8,3,2,60,Highly Suitable
1,0,1,1,1,0,0,0,0,0,1,8,7,1,2,96,Highly Suitable
1,1,1,0,1,0,0,1,0,0,0,8,4,3,0,33,Highly Suitable
0,1,0,0,0,0,1,1,0,1,1,4,1,5,0,75,Suitable
1,0,0,0,0,0,0,1,1,0,1,6,2,1,2,55,Suitable
1,1,0,1,0,1,1,1,0,0,1,1,1,5,0,85,Highly Suitable
1,0,0,1,1,0,0,0,1,0,1,6,0,5,0,76,Highly Suitable
1,0,0,1,0,1,1,0,0,1,1,7,8,4,1,60,Highly Suitable
0,0,0,1,1,0,0,1,0,0,0,5,4,5,1,21,Suitable
0,0,0,1,0,1,0,0,0,0,1,0,6,3,1,32,Needs Improvement
1,0,0,0,0,1,0,1,1,1,1,4,1,1,2,90,Suitable
1,0,0,0,0,0,1,0,0,1,0,1,7,3,2,20,Needs Improvement
0,1,1,0,1,0,1,0,1,0,0,4,1,1,2,57,Suitable
0,0,0,1,0,0,1,1,1,0,0,8,3,4,1,57,Suitable
0,1,1,1,1,0,1,0,1,0,0,3,0,4,1,52,Suitable
1,1,0,0,0,1,0,1,0,1,1,1,5,4,0,60,Suitable
0,0,1,1,0,0,0,0,1,1,1,4,7,4,2,49,Highly Suitable
0,0,1,0,1,1,0,0,0,1,1,6,8,5,2,55,Highly Suitable
1,1,1,0,1,1,1,1,1,1,0,7,2,1,1,68,Highly Suitable
1,1,1,0,0,0,0,0,0,1,0,8,2,2,0,88,Highly Suitable
1,0,1,0,0,1,0,1,0,0,1,5,7,3,1,36,Highly Suitable
1,1,0,0,0,1,0,1,1,0,1,5,2,2,2,90,Highly Suitable
0,1,0,1,1,1,0,0,0,0,0,5,3,4,1,37,Highly Suitable
0,1,0,0,1,0,1,0,0,0,1,7,4,3,1,54,Highly Suitable
0,1,1,0,1,0,1,1,0,1,1,6,5,4,1,77,Highly Suitable
1,0,0,0,1,0,1,1,0,1,0,0,8,5,0,57,Suitable
1,1,1,1,0,0,1,0,0,1,1,1,6,4,2,32,Highly Suitable
1,1,0,0,1,0,1,0,0,0,1,8,5,3,2,73,Highly Suitable
0,0,1,1,1,0,0,0,0,0,1,8,8,4,1,41,Highly Suitable
0,1,0,1,0,1,1,1,0,1,0,0,4,1,1,73,Suitable
0,1,1,1,1,0,1,0,1,1,1,8,1,2,2,59,Highly Suitable
0,0,1,0,1,1,1,0,0,0,0,0,6,2,0,76,Suitable
1,0,1,0,0,1,1,0,1,0,1,4,7,4,2,96,Highly Suitable
1,0,1,0,1,1,1,1,1,1,1,8,3,5,1,28,Highly Suitable
1,0,0,1,0,1,1,1,0,1,0,6,0,5,0,80,Highly Suitable
0,0,1,0,0,1,1,0,0,1,0,3,1,3,2,70,Suitable
1,1,0,1,0,1,0,0,1,1,0,7,6,1,2,61,Highly Suitable
1,1,0,1,0,0,1,0,0,1,1,7,6,1,0,76,Highly Suitable
0,1,1,0,0,1,0,0,1,1,1,4,7,1,1,73,Highly Suitable
1,1,1,0,0,0,1,0,1,0,1,5,0,5,0,70,Highly Suitable
0,1,0,1,0,0,0,0,0,1,1,7,6,3,1,56,Highly Suitable
0,1,0,0,1,0,0,1,1,0,1,3,2,4,2,75,Suitable
1,0,1,0,0,0,1,1,0,0,0,3,6,3,2,91,Highly Suitable
1,1,1,1,0,1,0,1,0,0,1,0,5,5,1,83,Highly Suitable
1,0,1,0,1,1,1,1,0,0,0,5,8,4,1,42,Highly Suitable
1,0,1,0,1,1,0,0,1,0,1,5,1,2,0,81,Highly Suitable
1,1,0,0,1,1,1,0,0,0,1,3,4,2,1,87,Highly Suitable
0,0,1,1,0,0,0,1,1,0,1,4,6,0,1,39,Suitable
1,0,0,0,0,1,1,0,0,0,0,4,8,5,0,41,Highly Suitable
1,0,1,0,1,0,1,1,0,0,1,8,1,3,2,51,Highly Suitable
0,0,1,0,1,0,0,1,0,0,0,4,0,2,0,90,Needs Improvement
0,1,1,0,1,1,0,0,0,0,0,1,6,5,1,92,Highly Suitable
1,0,0,0,0,1,1,1,1,1,0,8,1,1,2,64,Highly Suitable
0,1,0,0,1,1,1,1,0,0,1,0,2,0,0,48,Needs Improvement
1,1,1,1,1,1,0,1,1,1,1,8,1,1,0,56,Highly Suitable
1,0,1,0,1,1,0,1,1,1,0,8,6,1,2,92,Highly Suitable
0,0,0,0,0,1,0,1,1,1,1,1,2,3,0,47,Needs Improvement
1,1,1,1,1,1,0,0,1,0,0,4,0,4,0,67,Highly Suitable
1,0,1,1,0,0,0,1,1,1,1,3,2,2,2,96,Highly Suitable
0,1,1,0,0,0,1,0,0,0,1,5,3,2,0,88,Suitable
1,1,1,0,0,0,0,0,1,1,0,0,6,1,2,57,Suitable
0,0,1,1,1,1,0,1,0,1,0,4,3,4,0,23,Suitable
0,0,0,1,1,1,0,1,1,1,1,7,7,5,2,37,Highly Suitable
0,0,0,1,0,0,1,0,1,0,1,0,1,5,2,77,Suitable
1,1,0,0,1,0,0,1,0,0,0,2,4,1,1,83,Highly Suitable
1,0,1,1,1,1,1,1,0,0,0,8,8,2,0,31,Highly Suitable
1,1,1,0,0,1,0,0,1,1,1,2,0,5,2,56,Highly Suitable
1,0,1,1,1,1,0,1,0,0,1,3,2,5,2,26,Highly Suitable
1,1,1,0,1,1,1,1,1,1,0,8,8,3,0,73,Highly Suitable
0,1,1,1,0,0,0,1,1,0,0,5,0,0,2,55,Highly Suitable
0,1,1,1,0,1,0,1,1,1,1,7,1,5,1,90,Highly Suitable
0,0,0,0,0,0,0,0,1,0,1,6,0,3,0,60,Not Suitable
1,1,1,1,0,1,0,1,1,0,0,8,0,0,2,53,Highly Suitable
1,1,0,1,0,0,1,1,1,1,1,2,4,4,0,25,Highly Suitable
0,1,0,1,0,1,0,0,0,1,0,3,5,1,1,79,Suitable
1,1,1,1,0,1,0,1,1,1,1,0,3,5,0,21,Highly Suitable
1,0,1,0,1,1,0,0,0,1,0,0,7,2,1,70,Highly Suitable
1,1,1,0,0,1,0,0,1,0,1,6,6,4,2,51,Highly Suitable
0,0,1,0,1,1,0,1,1,1,1,7,3,2,2,21,Highly Suitable
0,0,1,0,0,1,1,1,1,1,0,2,6,0,1,98,Highly Suitable
0,1,0,0,1,0,1,1,1,1,1,3,0,4,1,28,Highly Suitable
1,1,1,0,0,0,1,0,1,0,0,0,5,5,0,69,Highly Suitable
0,1,1,0,1,0,0,0,1,0,1,3,6,2,0,81,Highly Suitable
0,1,1,1,1,1,0,1,1,1,0,7,1,1,2,95,Highly Suitable
1,0,1,1,0,1,0,0,0,0,0,1,3,1,1,85,Highly Suitable
0,1,1,1,0,0,0,0,1,1,0,5,7,3,0,37,Highly Suitable
0,1,0,1,0,1,1,0,1,1,1,5,8,4,0,39,Highly Suitable
1,1,0,1,1,0,1,0,0,0,0,8,2,4,0,50,Highly Suitable
0,1,1,0,1,0,1,1,1,1,0,6,8,5,1,83,Highly Suitable
1,1,1,1,0,1,0,0,0,0,0,8,5,5,2,26,Highly Suitable
0,1,1,1,1,1,0,1,0,0,1,8,0,0,0,91,Highly Suitable
1,1,1,1,1,1,1,0,0,1,1,6,3,3,2,57,Highly Suitable
1,0,0,0,1,1,1,1,1,0,0,7,2,1,2,75,Highly Suitable
0,0,1,0,0,0,1,1,0,1,0,4,5,0,1,41,Needs Improvement
1,0,1,0,1,1,0,1,0,1,1,2,1,2,1,95,Highly Suitable
1,0,1,1,0,1,0,0,1,1,1,3,6,3,1,46,Highly Suitable
1,1,1,1,1,1,1,0,0,0,1,4,4,5,2,69,Highly Suitable
1,0,1,0,1,1,1,1,1,1,1,3,7,5,0,30,Highly Suitable
0,1,1,1,1,1,0,0,1,1,1,7,8,1,0,43,Highly Suitable
0,0,0,1,0,1,1,1,0,1,0,6,5,4,1,56,Highly Suitable
1,0,0,1,1,0,1,1,0,1,0,2,3,4,0,51,Suitable
1,1,0,0,1,0,1,1,1,0,1,2,8,1,2,35,Highly Suitable
1,0,1,1,1,1,0,1,0,1,1,3,0,4,1,78,Highly Suitable
0,1,1,1,0,1,1,1,1,0,0,4,4,2,2,25,Highly Suitable
0,1,0,0,0,0,1,0,0,0,1,5,2,3,2,40,Suitable
1,1,0,0,1,1,0,1,1,1,0,1,7,3,1,46,Highly Suitable
1,0,1,1,0,1,0,1,0,1,1,5,3,5,2,20,Highly Suitable
0,1,1,1,0,1,0,1,0,1,0,5,1,1,0,72,Highly Suitable
1,1,0,0,0,0,1,1,0,1,0,2,7,4,1,48,Highly Suitable
0,0,1,0,1,0,0,1,0,1,0,0,6,5,0,92,Needs Improvement
1,0,0,1,1,0,1,0,1,1,0,3,8,3,1,63,Highly Suitable
0,1,1,1,1,1,1,1,0,1,1,1,0,2,2,76,Highly Suitable
0,1,0,1,0,0,1,0,0,1,1,8,7,1,0,63,Highly Suitable
1,1,1,0,0,0,0,1,0,0,1,1,5,0,1,58,Suitable
0,0,1,1,0,0,1,0,0,1,1,6,6,0,0,56,Suitable
1,1,1,0,0,0,1,1,1,0,0,2,7,0,1,93,Highly Suitable
0,1,1,1,0,1,1,1,0,0,1,3,8,1,1,57,Highly Suitable
0,0,1,1,1,0,1,0,0,0,1,1,4,5,2,43,Suitable
1,1,1,0,0,0,0,1,1,0,0,4,8,4,2,73,Highly Suitable
0,1,0,1,0,1,0,1,0,1,0,1,7,0,2,84,Suitable
1,1,0,0,0,0,1,1,0,0,0,5,0,0,1,52,Suitable
1,1,1,0,1,1,0,0,0,1,0,6,1,1,1,71,Highly Suitable
1,1,0,0,1,1,1,1,1,1,0,8,0,5,2,84,Highly Suitable
1,0,1,0,0,0,1,1,0,1,0,4,2,3,0,53,Suitable
1,0,1,1,0,1,1,0,1,0,1,4,4,2,2,84,Highly Suitable
0,1,1,1,1,0,0,0,1,0,1,8,7,3,0,22,Highly Suitable
0,0,1,0,1,1,0,1,0,1,1,0,7,2,2,35,Suitable
1,1,1,0,0,1,0,0,1,0,1,2,5,2,1,69,Highly Suitable
0,0,1,0,0,0,1,0,1,1,0,0,5,2,0,100,Suitable
0,1,1,0,1,1,0,1,0,0,1,2,7,0,0,70,Suitable
0,1,0,0,0,1,0,0,0,1,1,2,7,1,0,39,Suitable
0,1,1,1,1,1,1,1,0,1,1,8,7,5,2,78,Highly Suitable
0,1,1,0,0,0,1,1,1,1,0,6,6,4,1,97,Highly Suitable
1,0,1,1,1,0,0,0,0,0,1,1,3,0,1,77,Highly Suitable
0,1,0,1,0,0,0,0,0,0,1,1,8,0,0,70,Suitable
1,0,0,0,1,0,0,0,0,1,0,1,1,2,1,50,Needs Improvement
1,0,1,1,0,1,0,1,0,0,1,6,0,4,1,43,Highly Suitable
1,1,0,1,1,0,0,1,0,0,1,7,8,5,2,36,Highly Suitable
1,0,0,1,0,0,1,0,1,0,0,0,8,2,0,29,Suitable
1,1,0,1,0,0,0,1,1,0,1,8,6,3,1,26,Highly Suitable
0,1,0,1,0,0,1,0,1,0,1,3,0,4,2,78,Suitable
1,0,0,0,0,0,0,0,1,1,0,6,0,3,0,100,Suitable
1,1,1,1,1,0,0,0,0,1,0,8,1,2,0,39,Highly Suitable
0,0,0,1,0,1,1,0,0,1,0,8,4,3,1,57,Highly Suitable
0,1,1,1,1,1,0,0,1,0,1,6,3,3,1,96,Highly Suitable
0,1,1,1,1,0,1,1,0,1,1,0,0,5,1,79,Suitable
0,0,0,1,0,0,0,0,1,0,1,3,3,1,0,67,Needs Improvement
1,1,0,0,0,0,1,1,0,0,0,3,5,1,0,75,Suitable
0,1,0,0,0,1,1,0,1,1,0,3,1,3,0,57,Needs Improvement
0,0,0,0,0,1,0,1,0,1,1,7,4,0,1,34,Suitable
1,0,0,0,0,1,1,1,0,1,0,6,3,2,2,67,Highly Suitable
1,1,0,1,0,1,0,0,0,0,0,8,6,3,0,26,Highly Suitable
1,1,1,0,0,1,0,0,1,1,1,7,4,0,2,58,Highly Suitable
0,1,1,0,1,1,0,0,0,1,1,5,2,3,0,60,Highly Suitable
1,0,1,0,0,1,0,1,0,0,0,4,2,5,1,34,Suitable
1,1,1,1,1,1,0,0,0,1,0,7,4,0,2,20,Highly Suitable
1,1,1,1,0,1,1,0,0,1,0,1,1,3,1,31,Highly Suitable
0,1,0,0,0,0,0,0,1,0,0,1,8,5,2,31,Suitable
0,0,0,1,1,1,1,1,1,0,0,1,1,5,2,60,Highly Suitable
0,1,0,1,0,1,0,0,1,1,0,4,2,2,2,28,Suitable
1,1,1,1,1,1,0,1,0,0,0,0,6,2,0,29,Suitable
1,1,1,0,0,1,0,1,0,0,1,6,6,2,0,28,Highly Suitable
1,1,1,1,0,0,0,1,1,1,0,6,0,2,2,56,Highly Suitable
0,0,1,0,0,1,1,0,0,0,1,8,0,5,1,88,Highly Suitable
1,1,1,0,0,0,0,1,0,1,1,4,7,2,1,50,Highly Suitable
1,0,1,1,0,1,1,0,0,1,1,2,5,1,0,81,Highly Suitable
0,1,0,0,1,0,0,0,1,1,1,4,0,5,2,65,Suitable
0,1,1,0,1,1,0,0,1,1,0,6,6,4,0,70,Highly Suitable
0,1,0,1,0,0,1,1,0,1,0,7,8,5,2,23,Highly Suitable
0,1,0,0,0,0,0,1,1,0,0,2,3,1,0,43,Needs Improvement
1,1,1,0,1,0,0,1,1,0,1,2,7,5,0,53,Highly Suitable
0,1,0,1,1,0,0,0,1,1,0,7,4,1,0,59,Suitable
0,1,0,0,1,0,1,1,0,1,1,1,4,1,1,26,Needs Improvement
0,1,0,0,1,1,1,1,0,1,1,2,7,1,1,94,Highly Suitable
1,0,0,0,1,0,0,0,0,0,1,1,1,5,2,29,Needs Improvement
0,0,0,0,1,1,0,1,0,0,1,6,4,4,1,33,Suitable
0,0,0,0,0,0,0,1,0,1,1,0,4,1,2,33,Not Suitable
1,0,1,1,0,1,0,0,0,0,1,8,2,1,1,26,Highly Suitable
0,0,1,0,1,0,0,0,1,1,1,8,8,1,2,20,Highly Suitable
1,1,1,0,0,0,0,0,1,0,1,4,6,1,1,66,Highly Suitable
1,0,1,1,0,0,1,0,1,1,0,3,4,4,2,32,Highly Suitable
0,0,0,1,0,0,1,1,1,0,1,8,7,5,1,48,Highly Suitable
0,1,1,1,0,1,0,0,0,1,0,6,6,3,2,83,Highly Suitable
1,0,0,0,0,0,1,0,0,1,1,3,0,4,0,82,Needs Improvement
0,0,1,0,0,1,1,0,1,0,0,7,3,0,1,32,Highly Suitable
0,0,0,1,1,0,0,1,0,0,1,2,4,3,2,58,Needs Improvement
1,1,1,1,0,0,1,1,0,1,1,2,0,2,2,48,Highly Suitable
1,0,0,0,1,0,0,1,1,0,0,5,5,0,2,32,Suitable
1,1,1,1,1,1,1,0,1,1,1,2,0,2,1,27,Highly Suitable
1,0,1,1,1,1,1,0,0,0,0,6,7,2,2,96,Highly Suitable
0,0,0,0,1,0,1,0,1,0,1,7,0,4,0,52,Suitable
1,1,1,1,0,0,0,0,1,0,0,4,6,2,1,52,Highly Suitable
1,1,0,1,1,1,0,1,1,0,1,8,2,2,1,74,Highly Suitable
1,1,1,0,0,0,0,1,1,0,0,8,1,1,2,33,Highly Suitable
1,0,1,0,0,1,1,0,1,0,0,5,0,3,0,83,Highly Suitable
0,1,1,1,1,1,0,0,0,0,0,3,1,4,1,71,Highly Suitable
0,0,1,1,1,0,1,1,1,1,1,6,4,2,2,84,Highly Suitable
0,1,1,0,0,0,0,0,0,1,0,4,4,3,2,96,Suitable
1,1,0,1,1,1,0,0,1,1,1,8,4,3,0,94,Highly Suitable
1,1,0,1,0,1,1,1,1,1,1,3,7,4,0,61,Highly Suitable
1,0,1,0,0,1,0,1,0,1,1,7,6,3,1,74,Highly Suitable
0,0,0,0,1,0,1,1,0,1,0,1,7,3,2,83,Suitable
1,1,1,1,0,0,1,1,0,1,1,0,4,2,1,81,Highly Suitable
0,1,0,1,1,1,0,0,1,0,0,5,5,2,1,99,Highly Suitable
0,1,1,1,0,1,1,0,1,1,1,8,4,2,1,63,Highly Suitable
1,1,1,0,0,1,1,0,0,1,0,5,3,0,2,77,Highly Suitable
1,1,0,0,1,1,1,1,0,1,0,6,6,0,0,72,Highly Suitable
0,0,1,1,1,1,0,1,0,1,0,0,7,4,1,33,Suitable
1,0,1,1,1,1,0,1,1,0,1,4,1,4,0,69,Highly Suitable
1,1,0,1,0,1,0,1,0,0,1,1,5,3,2,80,Highly Suitable
0,1,0,0,0,1,0,0,0,0,0,4,0,1,0,81,Needs Improvement
0,0,1,0,1,1,0,0,0,1,1,1,1,5,2,42,Suitable
1,1,1,0,0,0,0,0,1,0,1,6,5,4,1,32,Highly Suitable
0,0,0,0,0,1,1,1,1,1,0,3,4,1,2,46,Suitable
1,1,0,1,1,0,1,1,0,1,1,0,3,0,2,42,Highly Suitable
1,0,0,1,0,0,1,0,1,0,1,5,3,1,1,76,Highly Suitable
0,1,1,0,1,0,1,1,1,0,1,1,2,4,1,76,Highly Suitable
1,1,1,1,1,0,0,1,0,1,1,2,6,4,1,60,Highly Suitable
1,0,1,1,0,0,0,0,0,1,0,4,1,5,0,78,Suitable
0,0,1,0,0,1,0,0,1,1,1,8,1,2,2,70,Highly Suitable
1,1,0,0,0,1,0,0,0,0,0,5,8,2,1,70,Highly Suitable
0,0,0,1,0,0,0,1,1,0,0,7,5,3,0,83,Suitable
0,0,0,1,0,1,0,0,1,0,0,0,1,5,1,92,Needs Improvement
1,0,0,0,0,1,0,0,1,0,0,8,6,2,1,95,Highly Suitable
1,0,0,1,0,1,0,1,0,1,1,1,1,4,2,23,Needs Improvement
1,1,0,0,1,0,0,0,1,1,0,2,7,3,2,44,Highly Suitable
1,1,1,1,0,1,1,1,1,0,1,7,5,0,1,41,Highly Suitable
1,1,1,0,1,1,1,0,1,1,1,1,8,1,1,83,Highly Suitable
0,1,0,1,0,1,0,0,1,1,1,7,0,4,0,71,Highly Suitable
1,1,0,1,1,1,0,1,1,0,1,2,6,3,2,22,Highly Suitable
0,1,0,0,1,0,0,1,1,0,1,8,4,4,1,25,Highly Suitable
0,1,0,1,0,1,0,0,1,1,0,7,0,0,1,88,Suitable
1,0,1,1,1,0,0,1,1,1,0,0,5,2,0,78,Suitable
1,0,0,1,1,0,0,1,1,0,0,0,7,3,2,52,Suitable
1,1,1,1,1,0,1,1,1,0,1,6,7,1,2,31,Highly Suitable
0,0,0,1,0,1,0,0,0,0,1,2,7,1,2,66,Suitable
1,0,0,1,1,1,0,0,0,0,1,4,4,5,1,100,Highly Suitable
0,0,0,0,1,1,0,0,0,1,0,0,8,4,0,39,Needs Improvement
1,0,0,1,0,0,1,0,1,0,0,5,5,4,1,99,Highly Suitable
1,0,1,1,1,0,1,1,0,1,1,8,6,5,0,69,Highly Suitable
0,1,0,1,1,0,0,0,0,0,1,4,5,0,2,22,Suitable
1,0,1,1,0,1,0,0,1,0,0,0,0,3,1,61,Suitable
1,1,0,0,0,0,1,1,0,0,1,6,0,5,2,97,Highly Suitable
1,0,1,1,0,1,1,0,1,1,1,0,5,5,2,51,Highly Suitable
1,1,0,0,1,0,0,1,1,1,1,1,3,0,2,26,Suitable
0,0,1,1,1,1,1,0,0,1,0,7,4,0,1,40,Highly Suitable
0,1,0,1,0,1,1,0,0,0,1,2,8,2,0,60,Highly Suitable
0,0,0,1,0,1,1,0,0,1,1,5,0,5,1,35,Suitable
0,1,0,0,1,0,1,0,0,0,0,7,4,5,0,55,Highly Suitable
0,1,1,0,0,0,1,1,0,1,1,7,3,4,1,98,Highly Suitable
0,0,1,0,0,0,1,0,1,1,0,6,0,3,0,39,Needs Improvement
0,0,1,0,1,0,0,1,0,0,1,6,4,1,1,58,Suitable
1,1,0,0,1,1,1,1,1,0,1,0,8,4,1,33,Highly Suitable
1,0,0,1,1,1,0,0,0,0,0,0,4,1,0,50,Needs Improvement
0,0,1,0,0,1,0,0,1,0,1,0,0,2,0,89,Needs Improvement
1,1,1,1,0,1,0,1,0,0,1,5,7,5,2,97,Highly Suitable
1,0,1,0,1,0,1,0,0,0,0,3,0,4,1,23,Needs Improvement
0,1,1,1,0,1,1,0,1,0,0,0,8,5,2,72,Highly Suitable
1,1,0,0,1,1,0,0,1,1,0,2,7,4,0,59,Highly Suitable
1,0,1,1,1,0,1,0,1,0,0,4,1,5,2,98,Highly Suitable
1,0,0,0,0,0,0,1,0,1,1,4,8,3,2,93,Highly Suitable
1,0,0,1,1,1,1,1,0,1,0,2,1,1,0,84,Suitable
1,1,1,1,0,1,1,1,0,0,1,8,0,5,0,76,Highly Suitable
0,1,0,1,0,0,1,1,0,1,0,5,5,3,2,32,Highly Suitable
1,0,0,1,0,0,1,1,1,0,1,7,4,5,1,51,Highly Suitable
0,1,0,1,0,0,1,1,1,1,0,0,8,2,0,76,Highly Suitable
1,1,1,0,0,1,1,1,1,1,1,2,1,4,2,82,Highly Suitable
1,1,1,0,1,1,1,0,1,1,1,6,7,1,2,42,Highly Suitable
0,1,0,0,1,1,1,0,1,0,0,5,4,0,0,86,Highly Suitable
1,0,1,0,0,0,0,1,0,0,1,4,6,5,2,73,Highly Suitable
1,1,0,0,0,1,1,1,1,1,0,8,4,1,1,30,Highly Suitable
0,1,0,1,0,1,0,1,0,0,0,2,6,3,1,69,Highly Suitable
0,1,0,1,0,0,0,0,0,1,1,5,5,2,1,59,Suitable
0,0,0,1,1,1,0,1,1,0,0,5,2,5,0,63,Highly Suitable
1,0,0,1,0,0,0,1,1,1,1,1,0,5,1,27,Suitable
1,0,0,1,0,0,1,0,0,1,0,0,6,2,0,38,Suitable
1,1,0,1,1,1,1,0,1,1,0,5,3,2,1,82,Highly Suitable
0,0,1,0,0,1,1,0,1,1,1,8,7,2,2,43,Highly Suitable
1,0,1,1,0,0,0,0,0,1,1,3,0,5,0,100,Suitable
1,1,1,1,1,0,0,0,1,1,1,8,6,3,2,56,Highly Suitable
1,1,1,0,1,1,1,1,0,0,1,1,0,3,1,100,Highly Suitable
0,0,1,1,1,0,0,0,0,1,1,2,1,1,2,36,Suitable
1,1,1,0,0,1,0,0,1,1,1,1,5,4,2,53,Highly Suitable
1,1,1,1,0,0,0,1,0,1,1,0,7,5,0,85,Highly Suitable
1,0,0,0,1,1,0,1,1,1,1,0,7,1,2,35,Suitable
0,0,0,0,0,1,1,0,0,0,1,4,4,3,2,84,Highly Suitable
0,1,1,0,1,0,1,0,1,0,1,0,6,1,1,47,Suitable
1,1,0,1,0,0,1,1,1,0,0,7,8,0,1,82,Highly Suitable
1,0,1,1,1,1,0,0,1,0,1,1,8,2,1,55,Highly Suitable
0,0,1,1,0,0,1,0,0,0,1,5,1,2,2,93,Highly Suitable
0,1,1,1,1,0,1,1,0,0,0,1,7,4,0,29,Suitable
1,1,1,1,0,1,0,1,1,1,0,2,1,0,0,25,Suitable
1,1,1,1,1,0,0,1,0,0,1,3,8,5,0,73,Highly Suitable
0,0,1,0,1,1,0,0,1,0,1,4,6,1,0,70,Highly Suitable
1,1,0,0,0,1,0,1,0,1,0,0,7,2,1,97,Highly Suitable
0,1,1,1,1,0,1,1,1,1,0,4,3,4,1,20,Highly Suitable
0,1,1,0,1,1,0,1,1,0,1,0,5,5,0,89,Highly Suitable
1,0,0,0,0,0,1,1,0,0,1,5,1,2,1,67,Suitable
1,0,1,1,1,1,0,0,1,0,1,3,4,0,0,20,Suitable
1,1,1,1,1,1,1,1,1,1,1,7,3,5,0,95,Highly Suitable
1,1,1,0,0,1,0,1,1,0,0,3,3,0,2,58,Highly Suitable
0,0,1,1,0,1,0,1,1,0,1,3,0,2,0,57,Suitable
0,1,0,1,0,0,0,1,0,1,0,7,1,0,1,70,Suitable
1,0,0,1,1,0,1,0,1,0,0,7,7,3,2,75,Highly Suitable
0,1,1,1,0,1,0,1,1,1,0,2,2,4,2,48,Suitable
1,1,1,1,0,1,0,1,1,1,1,8,6,1,1,52,Highly Suitable
0,0,0,0,1,0,1,1,1,1,1,0,1,1,0,69,Needs Improvement
0,0,0,1,1,1,0,1,0,0,0,4,6,2,2,35,Highly Suitable
0,1,0,1,1,0,1,0,0,0,1,6,3,3,2,30,Highly Suitable
0,0,1,0,0,0,1,0,0,1,1,0,4,3,2,59,Needs Improvement
1,0,1,0,1,0,0,1,0,1,0,1,2,3,2,96,Suitable
0,1,0,1,0,1,1,0,1,1,1,1,1,3,1,39,Highly Suitable
1,0,0,1,1,0,0,1,1,0,1,0,4,4,2,81,Highly Suitable
1,1,0,1,0,0,0,0,0,0,1,1,8,3,0,77,Highly Suitable
1,0,0,1,1,1,1,1,0,1,1,8,3,1,1,29,Highly Suitable
0,0,0,0,1,0,0,1,0,0,1,7,7,0,2,61,Highly Suitable
1,0,1,0,0,1,1,1,0,1,1,8,2,0,0,86,Highly Suitable
0,0,0,1,1,1,1,1,0,1,0,3,8,2,1,51,Highly Suitable
0,1,1,0,0,1,0,0,1,1,0,5,2,5,2,48,Highly Suitable
1,0,1,0,0,0,1,1,1,1,1,2,8,0,1,45,Highly Suitable
1,0,0,1,1,1,1,0,1,0,1,0,7,5,2,40,Highly Suitable
1,0,1,1,1,0,0,1,0,1,0,5,8,3,2,47,Highly Suitable
0,0,1,1,0,0,1,0,0,0,1,7,5,0,0,30,Suitable
0,0,1,0,0,1,0,1,1,1,1,6,8,4,2,73,Highly Suitable
1,0,0,1,1,0,0,1,0,0,0,2,2,5,0,98,Suitable
1,1,1,0,1,1,1,1,1,0,0,5,6,1,0,39,Highly Suitable
0,1,1,1,1,0,1,0,0,0,1,1,8,5,1,25,Highly Suitable
0,1,1,0,0,1,0,0,0,0,1,2,8,5,1,21,Suitable
0,1,1,1,0,0,0,1,0,0,1,6,5,5,2,73,Highly Suitable
1,0,1,1,0,0,0,1,0,0,1,0,8,0,0,20,Suitable
0,1,0,0,1,0,0,1,0,1,1,4,4,1,1,37,Needs Improvement
0,0,1,1,1,1,0,0,0,0,0,4,3,4,1,50,Suitable
1,1,1,1,1,0,0,0,0,0,1,4,7,1,2,31,Highly Suitable
0,0,0,1,1,1,1,1,0,0,0,2,3,0,0,29,Suitable
0,1,0,1,0,0,0,1,1,0,0,8,5,4,0,23,Highly Suitable
0,0,1,0,1,1,0,1,0,1,0,8,1,0,2,64,Highly Suitable
0,0,0,0,1,0,1,0,0,1,0,2,3,4,2,22,Needs Improvement
0,1,0,0,0,0,1,0,0,1,1,6,1,5,0,71,Suitable
1,1,0,1,0,0,1,1,0,0,1,3,5,1,0,46,Highly Suitable
0,0,1,0,1,0,1,0,0,1,1,6,1,3,0,24,Suitable
0,1,0,0,0,0,0,1,1,0,0,2,4,0,1,59,Needs Improvement
0,1,1,1,1,0,0,0,0,1,0,8,5,3,1,45,Highly Suitable
0,1,0,0,0,1,0,1,0,1,1,5,0,0,2,59,Suitable
0,0,1,1,1,0,0,0,1,1,1,8,4,3,2,56,Highly Suitable
0,0,0,0,0,0,0,0,0,0,1,5,1,4,2,90,Suitable
0,1,0,0,1,1,0,1,1,0,0,6,7,3,2,65,Highly Suitable
1,1,0,1,0,0,1,0,1,1,1,8,8,5,1,41,Highly Suitable
0,0,1,1,0,0,0,1,1,0,1,7,6,2,0,52,Highly Suitable
0,1,0,1,1,1,0,0,1,1,1,5,0,4,0,26,Suitable
0,1,1,1,1,0,1,1,1,0,1,2,4,1,1,100,Highly Suitable
0,0,0,1,1,0,0,1,1,1,1,0,2,1,1,20,Needs Improvement
1,0,1,0,1,0,0,0,1,0,1,5,3,5,2,30,Suitable
1,0,1,1,0,0,0,1,1,0,1,5,4,5,0,32,Highly Suitable
0,1,0,1,1,0,0,1,0,0,0,6,1,0,2,40,Suitable
1,1,1,0,0,0,1,1,1,1,1,7,6,2,1,91,Highly Suitable
1,0,1,0,1,1,0,0,1,0,0,5,7,0,2,94,Highly Suitable
1,0,0,0,1,1,0,1,0,0,1,5,2,0,0,43,Suitable
1,1,0,0,0,1,0,0,0,1,0,0,6,3,0,21,Suitable
0,0,0,1,0,0,1,1,1,1,0,1,1,5,0,62,Needs Improvement
1,0,1,0,1,1,1,1,1,1,0,6,1,2,0,85,Highly Suitable
1,1,0,1,0,0,1,1,1,1,1,5,7,4,0,92,Highly Suitable
0,1,0,0,1,0,0,1,0,1,0,3,1,4,2,25,Needs Improvement
1,1,1,0,1,0,0,1,0,0,1,6,8,5,0,39,Highly Suitable
1,1,0,1,0,1,0,0,1,0,0,4,2,1,1,50,Highly Suitable
1,0,1,0,0,0,0,0,1,0,1,1,3,2,2,81,Suitable
1,0,1,0,0,0,1,1,1,0,0,7,3,2,1,88,Highly Suitable
0,1,1,0,1,1,1,1,1,1,0,1,1,3,2,88,Highly Suitable
0,1,1,0,1,0,0,1,0,0,0,1,4,4,2,66,Highly Suitable
0,1,1,1,0,0,1,0,0,0,1,4,6,5,0,91,Highly Suitable
0,1,0,1,0,1,1,0,1,0,1,3,1,2,2,44,Suitable
0,0,1,0,0,0,0,1,1,0,0,0,8,5,0,55,Suitable
0,0,1,1,1,1,1,0,1,0,1,8,1,1,0,80,Highly Suitable
0,0,1,0,0,1,1,0,0,1,0,0,2,0,0,70,Needs Improvement
0,1,0,0,0,1,0,1,1,1,0,2,8,3,1,96,Highly Suitable
1,0,1,1,0,0,1,0,0,0,1,7,8,0,0,87,Highly Suitable
0,1,0,1,0,0,0,0,1,0,1,6,5,1,2,60,Highly Suitable
1,0,0,0,0,1,0,1,1,0,0,5,6,5,0,49,Suitable
1,1,0,0,1,1,1,0,0,1,0,2,8,0,1,57,Highly Suitable
0,0,0,0,1,0,1,1,1,1,1,2,3,3,2,91,Highly Suitable
0,1,0,0,1,1,1,0,1,0,1,1,3,3,2,92,Highly Suitable
0,1,1,1,1,0,1,1,0,1,1,3,3,3,2,67,Highly Suitable
0,1,1,0,1,1,1,1,1,1,0,4,5,4,0,72,Highly Suitable
0,1,1,1,0,0,1,0,1,0,1,4,5,0,0,64,Highly Suitable
1,0,0,0,1,0,1,0,1,0,0,3,7,5,1,46,Suitable
1,0,0,0,1,0,1,1,0,0,1,8,0,4,2,68,Highly Suitable
1,0,0,1,0,1,0,1,0,0,0,3,2,4,1,24,Needs Improvement
1,1,1,0,1,0,0,1,1,1,1,5,5,3,1,86,Highly Suitable
0,0,0,0,1,0,1,1,0,1,1,7,3,4,2,100,Highly Suitable
0,0,1,0,0,1,1,0,1,0,1,3,1,3,1,71,Suitable
0,1,1,1,1,1,0,0,1,0,0,6,7,2,1,62,Highly Suitable
1,1,0,1,0,1,0,1,0,1,0,3,8,4,0,100,Highly Suitable
1,1,1,0,0,1,1,0,1,0,1,0,3,3,0,59,Highly Suitable
1,1,1,0,0,1,0,0,1,0,0,2,3,0,2,57,Suitable
0,0,0,0,0,1,1,1,1,0,0,7,2,2,1,69,Highly Suitable
1,0,0,0,1,0,1,1,1,0,1,1,5,0,0,56,Needs Improvement
0,1,1,1,1,1,1,1,0,0,0,4,6,3,0,79,Highly Suitable
1,1,1,1,1,0,0,0,1,1,1,0,2,4,2,99,Highly Suitable
1,0,0,1,1,1,1,0,0,1,1,7,4,4,2,74,Highly Suitable
1,0,1,1,0,0,1,0,0,1,0,4,0,5,1,57,Highly Suitable
1,1,0,1,0,1,0,1,1,1,1,2,7,4,1,28,Highly Suitable
1,1,1,0,1,1,0,1,1,0,0,1,4,3,0,50,Highly Suitable
0,0,0,1,1,0,0,1,1,1,1,0,7,2,0,33,Needs Improvement
0,0,1,1,1,1,1,1,0,0,1,7,1,4,1,43,Highly Suitable
1,1,1,0,1,0,0,1,0,0,0,0,3,1,2,72,Suitable
1,1,1,0,1,1,1,1,1,1,1,0,5,1,1,58,Highly Suitable
0,1,1,1,0,0,0,1,1,0,0,8,0,0,2,42,Highly Suitable
0,1,0,0,0,0,0,1,0,1,1,0,4,5,1,71,Suitable
1,1,0,0,0,0,0,0,0,1,0,4,0,2,0,60,Suitable
1,1,1,0,1,1,1,0,0,1,1,3,3,1,0,62,Highly Suitable
1,0,0,0,1,1,1,1,1,1,0,6,2,4,2,66,Highly Suitable
1,1,0,0,0,0,1,0,1,0,0,6,5,1,0,52,Highly Suitable
1,1,1,1,1,0,0,0,0,1,1,7,2,3,1,58,Highly Suitable
0,0,0,1,0,1,0,1,1,0,1,6,2,4,2,74,Highly Suitable
0,1,0,0,1,1,1,0,0,1,0,7,4,4,0,84,Highly Suitable
0,1,0,1,0,1,1,1,1,1,0,2,0,3,2,22,Highly Suitable
1,0,0,1,1,0,1,0,1,0,0,3,1,2,2,54,Highly Suitable
1,0,1,1,0,0,1,1,0,0,0,3,1,4,1,26,Suitable
1,0,0,1,0,0,0,0,1,0,0,2,6,1,0,62,Suitable
1,1,1,0,1,1,1,1,1,1,0,3,3,4,2,57,Highly Suitable
0,0,1,0,1,1,1,0,0,1,1,2,8,1,2,77,Highly Suitable
0,0,0,1,1,1,1,0,1,1,1,6,2,5,1,68,Highly Suitable
1,0,0,0,1,0,1,1,1,1,0,8,0,5,0,24,Highly Suitable
1,0,0,1,1,0,1,1,0,0,1,4,8,2,1,83,Highly Suitable
0,0,0,1,1,1,0,1,0,0,1,1,8,5,2,20,Suitable
0,0,0,0,1,1,0,0,1,1,0,6,1,5,1,73,Highly Suitable
1,1,0,0,1,0,1,0,1,1,1,5,2,5,2,23,Highly Suitable
0,0,0,0,0,0,1,0,0,0,0,5,2,4,0,27,Needs Improvement
1,0,1,1,1,0,0,1,0,1,0,8,3,0,1,82,Highly Suitable
0,0,1,1,1,1,1,0,0,1,0,6,0,3,1,50,Highly Suitable
1,0,0,1,0,0,0,0,1,0,0,8,4,3,2,88,Highly Suitable
0,0,1,0,1,1,1,1,1,1,1,7,5,3,2,22,Highly Suitable
0,1,1,1,1,1,0,0,0,1,1,8,6,2,0,47,Highly Suitable
0,1,1,0,0,1,0,0,1,0,0,7,0,0,0,39,Suitable
1,1,1,1,1,1,0,1,1,0,1,3,8,1,1,30,Highly Suitable
1,0,0,0,0,1,0,0,1,0,1,3,3,0,2,26,Needs Improvement
0,1,0,0,0,1,0,1,1,0,0,6,5,5,1,81,Highly Suitable
0,0,0,1,0,1,0,0,0,1,1,6,3,2,0,30,Needs Improvement
0,1,1,0,1,0,0,0,1,0,1,8,6,4,2,75,Highly Suitable
1,1,0,1,1,0,1,1,1,1,0,7,4,1,1,42,Highly Suitable
1,1,1,1,1,0,1,0,1,1,0,3,2,5,2,51,Highly Suitable
0,0,1,0,1,0,1,0,1,0,1,3,2,1,0,59,Suitable
1,0,1,1,0,0,1,1,0,0,1,1,6,1,2,94,Highly Suitable
1,0,0,1,1,1,0,0,0,0,1,1,8,1,1,45,Suitable
0,1,0,1,1,0,1,1,0,1,1,2,4,5,1,32,Highly Suitable
1,1,0,0,1,1,0,0,1,1,1,4,2,4,2,45,Highly Suitable
1,0,1,1,0,0,1,0,1,0,0,8,4,2,1,87,Highly Suitable
1,0,1,1,0,0,0,0,1,0,0,8,7,3,1,48,Highly Suitable
0,1,0,1,1,1,1,1,1,0,0,4,6,4,1,86,Highly Suitable
0,1,0,0,1,1,0,1,0,0,1,2,8,2,1,53,Highly Suitable
1,0,1,0,0,1,1,1,1,0,1,6,6,2,2,78,Highly Suitable
1,0,0,0,0,0,1,1,0,1,0,3,5,4,1,89,Suitable
0,1,1,0,1,0,1,0,0,1,0,4,1,3,1,65,Suitable
1,0,1,0,0,0,0,0,1,1,0,1,2,4,2,50,Suitable
1,1,0,0,0,1,1,0,0,1,1,1,5,3,2,84,Highly Suitable
0,0,0,1,1,1,1,1,0,0,0,0,8,4,2,40,Suitable
0,1,1,0,1,1,1,0,0,0,1,6,4,2,0,73,Highly Suitable
1,1,0,0,0,0,1,1,1,0,1,0,0,4,0,66,Suitable
0,0,0,0,0,0,0,1,0,1,0,8,6,4,2,81,Highly Suitable
0,0,0,0,0,1,0,0,0,1,0,2,3,5,2,79,Suitable
1,0,0,1,1,0,1,0,0,1,0,2,7,5,0,99,Highly Suitable
1,0,1,0,1,0,1,0,1,0,1,4,5,2,2,31,Suitable
0,0,0,1,1,1,1,0,0,1,1,3,8,4,0,75,Highly Suitable
0,1,1,1,1,0,0,0,1,0,1,0,4,0,1,79,Highly Suitable
1,0,0,0,1,0,1,1,1,0,0,8,1,3,2,40,Highly Suitable
1,1,1,1,1,1,0,0,0,1,0,8,8,3,1,89,Highly Suitable
1,0,0,0,0,1,1,0,0,1,1,3,5,3,1,38,Highly Suitable
0,1,1,1,1,0,1,1,0,0,0,5,8,0,0,47,Highly Suitable
0,1,0,1,1,1,0,0,0,1,0,0,6,5,1,37,Suitable
1,1,0,1,1,1,0,1,1,1,1,7,6,1,0,88,Highly Suitable
1,1,0,0,0,0,0,1,0,1,1,4,1,4,0,53,Suitable
0,0,0,0,0,1,1,1,1,0,0,6,8,5,0,84,Highly Suitable
1,1,1,1,1,1,0,1,1,1,1,8,5,0,2,74,Highly Suitable
1,1,0,1,1,1,0,0,0,0,0,2,5,2,1,71,Highly Suitable
1,1,0,0,1,1,1,0,1,1,1,7,0,2,0,59,Highly Suitable
0,1,1,0,0,1,0,1,1,0,0,8,1,4,1,35,Highly Suitable
1,1,1,1,1,0,0,0,0,0,0,4,1,4,2,98,Highly Suitable
1,0,0,0,0,1,1,1,1,0,1,0,4,4,2,20,Highly Suitable
1,0,1,0,1,0,1,1,1,1,0,4,7,3,2,86,Highly Suitable
0,1,0,1,0,1,1,1,1,1,0,8,4,1,0,99,Highly Suitable
1,0,0,1,0,0,1,0,0,0,1,0,5,2,2,82,Suitable
0,0,1,1,1,1,1,1,1,0,0,6,8,0,0,24,Highly Suitable
0,1,0,0,0,1,1,0,0,0,1,5,2,1,0,67,Suitable
0,0,1,1,1,1,0,0,1,0,1,4,3,2,0,56,Highly Suitable
0,1,0,0,1,0,0,0,0,1,1,0,2,4,2,29,Not Suitable
1,0,1,1,0,1,1,0,0,1,1,0,2,5,2,68,Highly Suitable
0,1,1,1,0,1,0,1,0,0,1,2,1,2,2,31,Suitable
0,1,0,1,0,0,1,1,0,1,1,8,5,1,1,26,Highly Suitable
0,0,1,1,1,0,0,1,0,1,1,3,0,3,0,34,Needs Improvement
0,0,1,1,0,1,1,0,0,1,0,8,7,0,1,73,Highly Suitable
0,0,1,1,1,1,0,1,0,0,1,3,7,2,2,69,Highly Suitable
0,0,1,1,1,0,0,0,1,0,1,6,0,4,2,56,Suitable
1,1,1,1,0,0,1,1,0,1,1,6,5,2,2,96,Highly Suitable
0,1,1,1,1,0,0,0,0,1,0,0,4,1,0,27,Needs Improvement
0,0,0,0,1,1,0,0,1,0,1,1,1,2,2,38,Not Suitable
0,1,0,0,0,0,0,1,0,1,0,2,4,2,1,37,Needs Improvement
1,0,0,1,0,0,0,0,0,0,0,0,1,1,0,77,Needs Improvement
0,0,1,0,1,0,1,0,0,1,0,2,5,3,0,82,Suitable
0,1,1,1,1,1,1,0,1,1,1,3,6,0,1,20,Highly Suitable
0,0,1,0,0,1,0,0,1,0,0,7,3,0,2,62,Suitable
1,0,1,0,1,0,1,0,0,1,1,8,7,5,1,78,Highly Suitable
0,1,0,0,0,1,1,0,0,0,0,2,8,1,0,86,Suitable
0,1,0,0,0,1,0,1,0,1,0,4,0,5,2,32,Suitable
1,0,0,1,1,0,0,0,1,1,1,7,0,4,2,92,Highly Suitable
0,1,0,1,1,0,0,0,1,1,0,5,3,2,2,49,Suitable
1,1,0,0,1,0,0,1,1,1,1,5,0,4,2,43,Highly Suitable
1,0,0,0,0,0,0,1,0,1,0,8,6,4,1,84,Highly Suitable
1,1,1,1,1,0,0,1,0,1,1,5,0,4,2,68,Highly Suitable
0,0,1,0,0,1,0,1,1,0,0,0,5,2,2,72,Suitable
1,0,0,1,1,1,1,0,1,0,1,6,4,3,0,51,Highly Suitable
1,1,0,1,1,0,0,0,1,1,1,3,2,3,2,28,Highly Suitable
0,1,0,0,1,0,1,0,1,0,0,0,1,2,2,72,Suitable
0,0,1,0,0,0,0,1,0,1,1,7,4,3,2,79,Suitable
1,1,1,1,1,0,1,0,0,1,0,7,8,0,2,25,Highly Suitable
0,0,0,1,1,0,1,1,1,0,0,1,8,3,1,95,Highly Suitable
0,0,1,1,0,0,0,1,0,0,0,4,2,0,1,92,Suitable
0,0,1,1,0,1,0,0,0,0,1,0,4,5,0,29,Needs Improvement
1,1,0,0,0,1,1,1,0,1,1,0,6,3,1,34,Suitable
0,1,0,1,0,1,1,0,1,0,1,2,7,3,0,39,Suitable
1,0,1,0,0,1,0,0,0,1,0,7,1,2,0,67,Highly Suitable
0,1,0,0,1,0,1,1,0,1,1,2,5,2,0,35,Needs Improvement
1,0,1,0,0,0,0,1,0,1,0,8,4,2,2,42,Highly Suitable
0,1,0,1,0,1,0,0,1,0,0,0,3,0,2,32,Needs Improvement
0,0,0,0,1,0,0,0,1,1,0,5,4,4,0,65,Suitable
0,1,1,0,0,1,1,1,0,1,0,8,6,5,2,70,Highly Suitable
1,0,0,0,1,0,0,0,1,0,1,3,0,5,1,83,Suitable
1,0,1,1,1,0,0,1,0,0,1,0,8,4,0,65,Suitable
0,0,0,1,1,0,0,0,0,1,1,1,6,5,0,22,Needs Improvement
1,0,1,0,0,1,1,0,1,1,0,1,0,4,1,20,Suitable
0,0,1,1,1,0,1,0,1,0,0,3,5,0,1,70,Highly Suitable
1,1,0,1,1,0,0,0,1,0,0,8,3,0,1,100,Highly Suitable
0,1,0,0,1,1,1,1,1,0,1,1,2,2,0,73,Suitable
1,0,1,0,0,0,1,1,0,0,0,4,8,1,1,83,Highly Suitable
1,0,0,0,0,1,1,1,0,0,1,6,7,2,1,22,Suitable
1,0,1,1,0,0,1,1,1,0,0,5,0,5,2,51,Highly Suitable
1,0,0,0,0,1,1,1,1,1,1,6,7,2,0,61,Highly Suitable
1,0,1,1,1,0,0,1,0,0,0,0,7,4,0,23,Suitable
1,0,0,0,0,0,0,0,0,0,1,1,6,0,2,98,Needs Improvement
1,1,1,1,0,1,1,0,0,1,1,4,4,2,2,26,Highly Suitable
0,1,1,0,1,0,0,0,1,1,0,6,1,0,1,54,Highly Suitable
0,0,1,0,0,1,1,1,1,0,0,8,5,3,2,84,Highly Suitable
1,0,0,1,1,1,0,0,0,0,0,8,4,4,1,72,Highly Suitable
1,1,1,0,0,1,0,1,0,0,1,7,5,1,2,79,Highly Suitable
1,1,1,0,0,0,1,0,0,0,0,4,2,5,1,88,Highly Suitable
0,0,1,1,0,1,0,0,0,1,1,6,0,4,2,72,Suitable
0,0,1,1,1,1,0,1,0,1,1,5,8,1,2,47,Highly Suitable
1,1,0,1,1,1,0,0,1,0,0,4,6,3,2,22,Highly Suitable
0,1,1,1,0,0,1,1,0,0,0,1,5,5,0,22,Suitable
0,1,0,0,1,1,1,0,0,1,0,8,3,1,1,60,Highly Suitable
0,0,1,1,1,0,0,0,1,0,1,7,4,1,1,23,Suitable
1,0,0,0,0,1,0,0,1,1,1,7,5,2,0,24,Suitable
0,1,1,1,0,0,1,1,0,0,1,1,4,1,1,80,Highly Suitable
0,1,0,1,0,0,1,1,1,0,1,8,2,5,1,50,Highly Suitable
1,1,0,1,0,1,1,1,1,0,0,6,1,2,1,23,Highly Suitable
1,1,0,1,1,0,0,0,0,1,1,8,3,5,1,96,Highly Suitable
1,0,1,0,1,1,1,1,1,1,0,2,3,2,1,35,Highly Suitable
1,0,0,1,1,0,0,0,1,1,1,5,2,4,0,68,Highly Suitable
1,1,0,1,1,1,1,1,0,0,1,8,3,4,1,66,Highly Suitable
1,1,0,1,1,0,0,0,1,1,0,5,4,2,1,70,Highly Suitable
0,0,0,1,1,0,1,0,1,0,1,2,8,3,0,65,Highly Suitable
0,1,1,0,0,0,1,0,1,1,1,2,4,0,0,98,Suitable
0,1,1,1,0,1,1,0,1,0,1,2,4,3,1,33,Highly Suitable
1,1,1,0,1,0,1,1,0,1,0,1,7,1,1,80,Highly Suitable
0,1,0,0,1,0,0,0,0,1,1,6,1,3,0,59,Suitable
1,1,1,0,0,0,0,1,1,0,0,4,7,3,2,90,Highly Suitable
1,0,1,0,1,1,0,1,1,1,0,5,7,4,1,42,Highly Suitable
1,0,0,0,0,1,0,0,1,0,1,5,4,1,1,81,Suitable
0,1,1,0,0,0,0,1,0,1,0,0,7,0,1,78,Suitable
1,0,0,0,0,1,1,1,0,0,0,6,4,1,1,61,Suitable
0,1,0,0,0,0,0,0,0,1,1,6,7,2,2,28,Suitable
1,1,1,0,0,0,1,0,1,1,0,5,8,1,0,25,Highly Suitable
1,0,1,1,1,1,0,1,1,0,1,8,6,1,1,100,Highly Suitable
1,1,0,0,1,0,0,1,1,0,0,0,6,5,0,55,Suitable
1,0,0,0,0,0,1,1,1,0,1,0,6,4,2,81,Highly Suitable
0,0,0,1,0,0,0,0,0,0,0,8,3,4,2,25,Needs Improvement
1,0,1,1,1,1,1,0,1,0,1,8,0,1,0,59,Highly Suitable
0,1,1,1,0,0,0,0,1,0,0,6,0,2,1,53,Suitable
0,0,0,0,1,1,1,0,0,1,0,6,0,4,0,50,Suitable
1,0,1,1,1,0,0,1,1,0,1,0,0,0,1,86,Suitable
0,0,1,0,1,0,1,1,0,1,1,3,4,4,1,46,Suitable
0,0,1,0,0,1,0,1,0,0,1,3,2,2,1,42,Needs Improvement
0,1,1,0,1,1,1,1,1,1,0,6,3,1,2,56,Highly Suitable
1,1,1,0,0,0,1,0,0,0,0,8,1,5,1,71,Highly Suitable
1,0,1,0,0,1,1,0,1,0,1,2,0,0,2,87,Highly Suitable
0,1,1,1,0,0,0,1,0,0,1,7,3,0,0,26,Suitable
1,1,1,0,0,1,1,1,0,0,1,0,5,5,2,35,Highly Suitable
0,1,0,0,0,0,1,0,1,0,0,0,4,4,1,58,Needs Improvement
0,0,1,0,0,1,1,0,1,1,0,6,2,2,1,75,Suitable
1,1,0,0,1,0,0,0,0,0,0,5,2,4,1,33,Suitable
1,0,0,0,1,0,0,1,0,1,1,2,6,0,0,35,Needs Improvement
1,1,0,0,0,0,0,0,0,0,0,1,6,3,2,68,Suitable
1,1,1,0,0,0,0,1,1,0,1,3,4,2,1,41,Suitable
0,1,1,0,1,0,0,1,1,0,1,2,8,5,0,75,Highly Suitable
0,1,0,1,1,1,0,0,0,1,0,7,4,0,0,67,Highly Suitable
0,1,1,0,1,1,1,0,1,1,1,2,6,2,0,100,Highly Suitable
0,0,0,1,0,0,1,0,1,1,0,8,0,5,0,22,Needs Improvement
0,1,0,1,1,0,0,1,0,0,1,5,7,4,0,51,Suitable
1,1,1,0,1,0,0,0,0,0,1,1,3,0,0,34,Needs Improvement
0,0,1,1,1,1,0,0,1,0,1,7,8,5,2,23,Highly Suitable
1,0,0,1,1,0,0,1,0,1,1,6,7,4,2,86,Highly Suitable
0,1,1,1,1,0,0,0,1,0,1,6,4,4,2,68,Highly Suitable
0,1,1,0,0,1,0,0,1,0,0,4,7,2,0,65,Highly Suitable
0,0,0,0,0,0,1,0,1,0,0,5,3,1,2,37,Needs Improvement
0,1,0,0,0,1,0,1,1,1,1,4,6,4,1,25,Highly Suitable
0,0,1,0,0,0,1,1,1,0,0,0,3,3,0,61,Suitable
1,1,0,0,1,1,0,0,1,0,1,5,8,4,2,56,Highly Suitable
0,1,0,1,1,1,1,0,0,1,1,1,1,3,2,53,Highly Suitable
1,1,0,0,0,1,1,1,0,1,1,3,7,4,0,71,Highly Suitable
1,0,1,1,1,1,0,0,0,1,0,8,2,5,1,76,Highly Suitable
0,1,1,1,1,1,1,1,1,0,1,3,3,5,2,33,Highly Suitable
0,1,1,1,1,1,0,0,1,1,1,5,7,4,1,23,Highly Suitable
0,1,1,0,1,1,1,0,0,0,0,7,3,0,1,33,Suitable
1,0,1,0,0,0,1,1,1,0,1,0,5,2,1,100,Highly Suitable
1,0,1,1,1,1,1,1,0,1,1,2,4,1,1,59,Highly Suitable
0,0,0,0,0,0,1,0,0,1,1,6,0,3,0,68,Needs Improvement
0,0,0,1,1,1,0,1,1,0,1,2,5,0,0,93,Suitable
0,0,1,1,0,0,0,1,0,1,1,0,6,4,1,100,Suitable
1,1,1,1,0,0,1,1,1,0,0,0,0,5,0,24,Highly Suitable
1,1,1,0,1,0,1,0,0,0,0,5,1,5,1,60,Highly Suitable
1,1,0,1,0,1,1,1,0,0,1,3,4,1,0,24,Highly Suitable
0,1,0,0,0,1,1,0,0,0,1,4,5,4,2,44,Highly Suitable
1,1,0,1,0,0,1,1,1,1,0,8,8,0,0,33,Highly Suitable
0,0,1,0,0,0,0,1,0,0,0,7,7,2,0,54,Suitable
0,1,0,0,1,1,1,1,1,0,1,1,2,3,0,70,Highly Suitable
1,1,0,1,0,0,1,0,0,0,1,6,1,5,1,98,Highly Suitable
1,1,1,0,0,0,1,1,1,1,0,0,4,1,1,79,Suitable
0,1,1,0,1,0,0,1,1,0,0,7,2,2,1,54,Highly Suitable
1,0,1,1,0,0,0,1,1,1,0,2,2,5,1,82,Highly Suitable
0,0,0,1,1,0,0,1,0,1,0,1,6,4,1,37,Needs Improvement
0,0,1,0,1,0,1,1,1,1,0,7,6,2,2,82,Highly Suitable
0,1,1,0,1,1,0,1,0,0,1,0,8,1,2,44,Highly Suitable
0,1,0,1,0,1,1,1,1,0,0,7,5,3,1,50,Highly Suitable
0,0,0,0,1,1,0,0,1,0,1,7,0,4,0,91,Suitable
0,0,1,0,1,0,0,0,1,1,1,2,7,4,0,94,Suitable
0,1,1,1,1,0,1,1,0,0,0,6,8,1,0,59,Highly Suitable
1,0,0,1,0,1,0,0,0,0,1,0,3,1,1,42,Needs Improvement
0,1,1,1,0,0,1,1,1,0,1,7,3,1,2,81,Highly Suitable
0,0,0,1,1,0,0,1,0,0,1,3,2,4,1,52,Suitable
0,0,1,1,0,1,0,1,0,1,1,1,3,1,2,74,Suitable
0,1,1,1,0,1,1,1,1,0,0,8,1,1,0,20,Highly Suitable
0,0,0,0,1,1,1,1,0,1,0,6,8,2,0,68,Highly Suitable
1,1,1,0,1,1,1,1,0,0,0,3,6,2,1,93,Highly Suitable
1,0,1,0,1,0,1,0,1,0,1,1,6,1,1,45,Suitable
1,1,1,1,1,0,0,0,0,0,1,2,1,5,2,81,Highly Suitable
0,0,0,1,1,0,0,1,1,0,0,2,5,4,0,91,Suitable
0,0,0,0,1,0,0,1,1,0,1,1,3,2,2,74,Needs Improvement
1,0,0,1,0,0,1,0,0,1,1,7,1,5,1,53,Highly Suitable
0,0,1,1,0,1,1,0,0,0,1,8,2,4,2,95,Highly Suitable
1,0,0,1,1,1,0,1,0,0,1,2,5,2,2,97,Highly Suitable
0,1,1,0,1,1,0,0,0,1,0,3,6,3,2,57,Highly Suitable
0,1,0,1,0,1,1,0,0,1,0,7,3,3,1,30,Highly Suitable
1,1,1,0,1,1,0,0,0,0,1,8,4,0,2,69,Highly Suitable
1,0,1,1,0,0,1,0,1,0,0,1,1,5,1,76,Highly Suitable
1,1,1,1,1,1,0,0,0,1,1,3,1,3,1,61,Highly Suitable
1,1,0,1,0,1,0,1,0,0,1,2,6,3,1,56,Highly Suitable
1,1,0,1,0,1,0,1,0,1,1,3,6,5,2,27,Highly Suitable
1,1,0,0,0,0,0,0,1,1,0,4,3,2,2,66,Highly Suitable
0,1,1,1,0,1,1,0,0,1,1,3,7,5,1,45,Highly Suitable
1,0,1,0,0,1,0,1,1,0,1,5,5,1,2,54,Highly Suitable
0,1,1,0,1,1,0,0,1,0,1,5,4,0,1,94,Highly Suitable
1,0,0,1,0,1,0,0,1,1,1,0,6,3,1,38,Suitable
0,1,1,1,0,1,0,1,0,1,1,0,3,2,1,79,Highly Suitable
1,0,0,1,1,1,1,0,0,0,1,5,1,4,1,22,Highly Suitable
0,0,1,1,0,1,0,1,0,0,1,0,8,1,2,39,Suitable
0,0,1,0,0,0,0,0,1,0,0,1,4,3,1,77,Needs Improvement
0,1,1,1,0,0,1,0,0,1,1,5,7,5,1,60,Highly Suitable
1,1,0,1,0,0,0,0,1,1,1,1,0,1,2,57,Suitable
0,0,0,1,0,0,0,0,1,0,1,4,4,4,0,45,Needs Improvement
0,1,0,1,1,0,0,1,0,0,1,1,8,5,0,32,Highly Suitable
0,0,1,0,1,0,0,0,0,1,1,8,1,5,0,23,Suitable
0,0,0,0,1,1,0,0,1,1,1,3,5,3,1,54,Suitable
0,0,1,1,1,0,1,0,1,0,1,0,2,1,2,53,Suitable
0,0,0,0,1,1,0,1,1,0,0,0,3,4,2,66,Suitable
0,1,0,1,0,0,0,1,1,0,0,3,8,1,1,69,Highly Suitable
0,1,0,0,1,1,1,0,0,1,1,5,2,0,0,20,Needs Improvement
1,1,1,1,1,1,0,0,1,1,0,5,1,5,2,90,Highly Suitable
0,0,0,0,0,1,1,1,0,0,1,4,8,1,2,29,Suitable
0,0,0,1,0,0,0,1,0,0,0,2,7,1,2,63,Suitable
1,1,0,0,1,0,1,0,0,1,1,3,3,5,0,43,Suitable
1,0,1,1,1,1,0,0,0,1,1,6,2,0,0,47,Highly Suitable
1,1,0,1,1,1,1,0,0,0,1,0,4,2,0,58,Highly Suitable
1,0,1,1,0,1,0,1,1,1,1,8,6,2,1,75,Highly Suitable
1,1,1,1,0,1,0,1,1,0,1,7,6,2,1,28,Highly Suitable
1,0,1,0,1,1,1,0,1,0,1,4,6,4,1,99,Highly Suitable
0,0,1,1,1,0,1,0,0,1,0,4,1,3,0,79,Suitable
0,0,0,0,0,1,0,0,0,0,0,2,4,2,2,68,Needs Improvement
1,1,0,1,0,1,1,1,1,0,1,1,2,5,2,62,Highly Suitable
1,0,1,0,0,1,1,0,1,1,0,5,5,1,0,90,Highly Suitable
1,0,0,0,0,0,0,1,1,1,0,1,1,0,1,97,Suitable
0,0,1,0,0,0,1,0,1,1,1,1,7,5,1,27,Needs Improvement
1,1,1,0,1,1,1,1,0,0,0,4,2,0,2,85,Highly Suitable
0,0,1,1,1,0,1,1,0,1,1,0,5,2,0,62,Suitable
0,0,1,1,1,1,0,1,1,0,1,1,6,4,1,34,Suitable
1,0,0,1,0,1,1,1,1,0,1,7,0,5,1,94,Highly Suitable
0,0,1,0,1,1,1,0,1,0,0,7,6,0,0,21,Suitable
0,1,0,0,0,1,1,1,0,1,1,3,4,4,1,44,Highly Suitable
1,1,0,0,1,1,1,0,0,1,1,0,1,4,2,31,Highly Suitable
0,0,0,0,1,1,0,0,0,0,1,3,2,2,0,100,Suitable
0,1,0,0,1,1,1,0,0,1,0,8,1,1,2,42,Highly Suitable
0,0,0,0,1,1,1,0,1,0,1,8,8,0,1,52,Highly Suitable
1,1,0,0,1,0,1,0,0,0,1,2,2,2,0,83,Suitable
0,0,0,0,1,1,1,0,1,0,0,0,5,5,2,80,Highly Suitable
0,1,0,1,0,0,0,1,0,0,1,8,2,1,0,30,Suitable
1,0,1,1,1,1,1,0,0,0,1,7,0,5,0,73,Highly Suitable
0,0,0,0,1,0,1,1,1,1,1,3,6,1,2,36,Suitable
0,1,0,0,0,0,1,1,1,1,0,2,1,4,1,85,Highly Suitable
1,1,1,1,1,0,1,1,1,0,0,4,7,2,1,36,Highly Suitable
1,1,1,0,1,0,1,1,1,0,1,4,4,2,1,66,Highly Suitable
1,0,1,1,0,1,0,1,1,1,1,0,8,4,0,23,Highly Suitable
0,0,1,1,0,0,0,0,0,1,1,5,4,4,0,98,Suitable
1,1,1,0,1,0,1,1,0,0,1,1,2,2,0,46,Highly Suitable
0,1,0,0,1,1,0,0,0,1,0,0,7,2,0,96,Suitable
1,0,1,0,0,1,0,0,0,1,1,3,3,2,0,32,Needs Improvement
1,0,1,1,1,0,1,0,0,0,1,5,1,5,0,91,Highly Suitable
1,0,0,0,1,0,0,1,0,1,0,0,6,2,0,45,Suitable
1,1,0,1,0,0,1,1,0,1,0,0,4,0,2,47,Suitable
1,0,1,0,0,0,0,1,0,0,1,3,3,1,1,49,Needs Improvement
1,0,1,1,1,0,0,1,0,0,0,2,5,3,2,89,Highly Suitable
1,0,0,0,1,0,0,1,0,1,1,5,2,0,1,69,Suitable
0,1,0,0,0,0,1,1,1,0,1,6,5,0,0,88,Suitable
0,1,1,1,0,0,1,1,1,0,0,2,3,0,1,37,Suitable
1,1,0,0,0,0,0,1,1,1,1,4,3,4,1,50,Highly Suitable
1,1,0,1,1,0,1,0,0,0,0,2,1,4,0,44,Suitable
0,1,0,1,0,0,0,0,0,0,0,2,6,1,0,76,Needs Improvement
1,0,1,1,1,0,1,0,0,0,1,4,6,2,2,55,Highly Suitable
1,0,0,1,0,1,1,1,0,0,1,5,3,2,2,56,Highly Suitable
0,1,0,1,1,1,1,1,0,0,1,7,6,0,1,58,Highly Suitable
1,0,1,1,1,0,0,1,0,0,1,6,4,1,1,56,Highly Suitable
1,0,1,1,0,1,0,1,0,0,1,8,7,1,0,33,Highly Suitable
0,0,1,1,1,0,1,0,0,0,1,4,2,2,0,31,Suitable
0,1,0,1,0,1,0,0,1,1,1,8,3,3,1,61,Highly Suitable
1,1,1,1,1,0,1,1,0,0,1,3,6,4,0,81,Highly Suitable
1,1,1,1,0,1,1,1,0,1,0,0,8,0,1,87,Highly Suitable
1,1,1,1,0,0,0,0,1,1,1,1,2,3,1,41,Suitable
1,0,0,0,0,1,1,0,1,0,1,5,7,0,1,46,Suitable
0,0,1,0,0,0,0,1,1,1,1,1,7,1,2,92,Suitable
0,0,0,1,1,1,0,1,0,0,1,0,1,0,1,29,Not Suitable
0,0,1,0,1,0,1,1,1,0,1,7,3,3,0,33,Highly Suitable
0,1,1,0,1,1,1,0,0,0,0,6,7,3,1,26,Highly Suitable
1,0,0,0,0,1,1,1,0,0,1,1,0,4,1,51,Suitable
0,0,1,0,0,0,0,0,0,0,0,2,6,4,0,98,Needs Improvement
1,0,0,0,0,0,1,0,1,0,0,6,7,3,2,86,Highly Suitable
0,0,0,1,1,0,0,1,0,0,0,2,5,0,2,68,Needs Improvement
0,1,1,0,1,1,0,0,0,1,0,2,5,2,1,96,Highly Suitable
1,1,0,0,1,0,0,0,1,1,0,5,7,2,2,62,Highly Suitable
0,1,0,1,0,1,0,0,1,0,0,1,7,5,1,56,Highly Suitable
1,1,0,0,0,0,0,0,1,0,0,2,0,1,0,87,Needs Improvement
1,1,1,1,1,0,0,1,0,1,0,0,0,2,2,75,Highly Suitable
0,1,1,1,1,1,0,1,0,0,1,4,1,5,0,52,Highly Suitable
0,1,1,1,1,1,1,1,1,1,1,7,1,1,2,77,Highly Suitable
1,0,1,0,1,0,0,1,0,0,0,7,6,3,1,52,Highly Suitable
1,0,1,1,1,1,1,1,1,0,0,0,0,1,2,32,Suitable
0,1,1,1,1,1,0,0,0,0,0,4,5,5,0,47,Highly Suitable
1,1,0,0,1,1,1,1,1,0,0,3,8,0,0,45,Highly Suitable
1,1,0,0,1,1,1,0,0,1,0,1,1,2,2,87,Highly Suitable
1,0,0,0,1,0,1,0,0,0,1,8,7,5,1,63,Highly Suitable
0,1,0,1,1,0,1,1,0,0,1,1,0,5,2,91,Suitable
0,0,1,1,0,0,0,0,1,1,0,2,0,5,1,62,Suitable
1,0,1,1,0,0,0,1,0,0,1,7,6,5,0,32,Highly Suitable
1,0,0,0,1,1,0,1,0,1,0,4,2,3,2,57,Suitable
0,0,1,1,1,0,1,0,0,0,1,7,4,5,2,37,Highly Suitable
1,1,0,1,1,1,1,0,1,1,1,2,8,4,1,40,Highly Suitable
1,1,1,0,0,1,1,1,1,0,1,2,1,0,0,34,Suitable
1,0,0,1,1,1,1,1,0,0,1,7,8,3,1,36,Highly Suitable
0,0,0,1,0,0,0,0,1,1,0,5,2,5,1,71,Suitable
1,1,0,0,0,1,0,1,1,1,0,1,3,0,2,34,Needs Improvement
1,1,0,1,0,0,1,0,1,0,1,2,1,2,0,63,Suitable
1,1,0,1,1,0,1,0,0,1,0,5,8,5,2,30,Highly Suitable
1,1,0,1,1,0,1,0,1,1,0,3,1,3,0,39,Suitable
0,1,1,1,0,1,1,1,0,1,0,6,7,1,0,95,Highly Suitable
1,0,1,1,0,0,1,1,1,1,1,1,6,2,2,50,Highly Suitable
0,0,0,1,1,1,1,0,0,1,0,1,8,0,1,21,Suitable
1,0,0,0,1,0,1,0,0,0,1,5,6,0,0,27,Suitable
0,1,0,1,1,1,1,1,0,0,0,7,4,2,2,77,Highly Suitable
1,1,0,1,1,1,0,0,0,1,0,3,2,2,0,51,Highly Suitable
0,0,1,1,1,1,1,1,0,1,0,2,5,0,1,68,Highly Suitable
1,0,1,1,0,1,0,1,0,0,1,8,6,2,1,46,Highly Suitable
1,1,1,1,0,1,0,0,1,0,1,3,6,4,1,85,Highly Suitable
1,1,0,0,0,0,0,0,1,0,1,3,8,4,0,95,Highly Suitable
0,1,0,0,0,0,1,0,0,1,1,0,1,4,0,79,Needs Improvement
1,1,0,0,0,1,1,1,0,0,1,2,4,4,0,62,Suitable
0,0,0,1,1,1,0,1,1,0,0,3,1,4,1,57,Highly Suitable
0,0,0,1,0,1,1,0,1,1,0,7,6,5,1,28,Highly Suitable
0,1,1,1,1,0,1,0,0,1,0,7,1,2,1,88,Highly Suitable
1,0,0,0,1,0,0,1,0,0,0,4,6,0,2,80,Suitable
1,1,1,1,1,1,1,1,1,1,0,1,8,3,0,98,Highly Suitable
0,0,0,1,1,1,1,1,0,1,0,3,1,2,0,46,Suitable
1,1,0,1,1,1,1,0,1,1,1,7,7,0,0,59,Highly Suitable
0,1,0,0,1,0,0,1,1,1,0,7,6,3,1,73,Highly Suitable
0,1,1,0,0,0,0,1,1,1,1,4,4,0,0,91,Suitable
0,1,0,0,0,0,0,0,1,0,0,5,8,1,1,34,Suitable
0,0,0,0,0,0,1,1,1,1,1,5,1,4,1,80,Highly Suitable
1,1,1,1,1,1,1,1,0,0,1,1,7,4,1,73,Highly Suitable
0,1,0,0,1,0,0,0,0,1,1,6,8,3,2,97,Highly Suitable
1,0,0,0,0,0,1,1,0,0,0,5,2,2,0,32,Needs Improvement
0,0,1,1,1,0,0,0,1,0,1,5,7,3,0,51,Highly Suitable
1,0,0,1,0,1,0,1,1,0,1,8,7,3,0,38,Highly Suitable
1,1,1,1,0,0,0,1,1,1,1,1,4,5,0,35,Highly Suitable
0,0,1,1,0,0,0,0,0,1,0,4,0,0,0,55,Not Suitable
1,0,0,1,1,0,0,1,0,0,0,3,4,5,0,59,Suitable
1,1,0,1,1,0,0,1,1,1,0,2,1,0,0,83,Suitable
1,1,0,0,1,0,1,1,0,1,1,3,1,1,0,55,Suitable
1,1,0,1,1,0,1,1,0,1,0,4,5,3,0,74,Highly Suitable
1,1,0,0,1,1,1,1,0,1,0,2,1,4,2,93,Highly Suitable
0,1,1,1,0,1,0,0,0,0,1,6,2,5,1,59,Highly Suitable
0,1,1,0,0,0,0,1,0,1,1,6,5,4,1,96,Highly Suitable
1,1,1,1,0,0,0,0,0,0,1,8,6,4,1,23,Highly Suitable
0,1,1,1,1,1,1,1,1,1,1,3,0,4,0,53,Highly Suitable
1,0,0,0,0,0,0,0,1,1,1,0,4,0,0,40,Needs Improvement
1,1,0,1,0,1,1,1,1,0,0,4,2,5,1,74,Highly Suitable
0,1,1,1,1,0,0,0,0,1,0,0,0,1,1,60,Suitable
1,1,0,1,0,1,1,0,0,0,0,8,3,5,0,87,Highly Suitable
1,0,1,0,1,0,1,0,1,0,1,5,2,5,0,51,Highly Suitable
0,1,0,1,1,0,1,0,0,0,1,8,4,4,1,23,Highly Suitable
0,1,0,1,0,1,1,0,0,1,1,2,8,0,0,77,Highly Suitable
1,1,1,1,1,0,1,0,0,0,1,7,4,3,2,93,Highly Suitable
0,0,0,1,0,1,1,0,1,0,1,2,6,0,0,50,Suitable
0,1,1,1,0,1,1,0,1,0,1,6,1,1,0,94,Highly Suitable
0,1,0,1,1,0,1,1,1,0,1,7,2,3,2,86,Highly Suitable
0,0,1,0,1,0,1,0,0,1,1,2,4,5,1,22,Suitable
0,1,0,1,1,0,1,1,1,1,0,4,5,1,1,57,Highly Suitable
1,0,0,1,1,1,1,0,0,0,0,6,4,3,2,30,Highly Suitable
0,0,0,0,0,1,0,0,1,1,0,7,6,4,1,75,Highly Suitable
0,0,1,0,1,1,0,1,0,0,1,8,1,1,0,83,Highly Suitable
0,0,0,1,0,1,1,1,0,0,0,4,4,2,1,75,Suitable
0,0,0,0,0,1,1,1,0,0,1,1,7,3,2,96,Suitable
0,0,0,0,1,1,1,0,1,0,1,6,5,5,0,21,Highly Suitable
0,1,0,0,0,1,1,0,0,0,1,3,0,5,1,93,Highly Suitable
0,0,0,1,1,0,1,1,0,0,0,2,8,2,0,66,Suitable
0,1,0,1,1,0,0,0,0,0,1,0,4,5,2,89,Highly Suitable
1,1,1,0,1,1,0,0,1,1,1,7,1,4,0,83,Highly Suitable
0,1,1,1,1,1,0,1,1,1,0,3,0,5,0,67,Highly Suitable
0,1,1,1,0,1,0,0,0,0,1,0,6,3,2,67,Highly Suitable
1,0,1,0,1,0,1,1,1,1,1,7,8,4,0,80,Highly Suitable
0,0,1,1,1,0,1,0,0,0,1,2,1,5,2,69,Suitable
0,0,0,1,1,1,1,0,1,0,1,3,2,0,0,29,Suitable
0,0,1,1,0,0,1,1,0,0,0,3,0,4,2,51,Suitable
1,1,0,0,1,0,0,1,1,0,0,2,8,3,1,39,Highly Suitable
1,1,1,1,1,0,1,0,0,0,1,8,5,5,0,89,Highly Suitable
1,1,1,0,0,1,1,0,1,1,0,8,0,3,1,99,Highly Suitable
0,1,0,1,0,1,1,1,1,0,1,4,1,3,0,24,Suitable
1,1,1,0,1,1,1,1,1,1,1,3,6,1,1,83,Highly Suitable
1,1,1,0,0,0,1,1,0,0,0,6,2,1,1,74,Highly Suitable
1,0,1,0,1,1,0,0,1,0,1,8,0,5,1,46,Highly Suitable
0,1,0,0,0,0,1,1,0,0,1,0,2,3,2,57,Suitable
0,1,1,1,0,1,0,0,0,0,1,6,1,4,2,72,Highly Suitable
0,0,1,1,1,0,0,0,1,1,1,0,8,3,1,77,Highly Suitable
0,1,0,1,0,1,0,1,1,1,1,7,7,4,2,27,Highly Suitable
0,0,1,1,0,1,0,0,0,1,1,5,5,0,2,36,Suitable
0,1,0,1,0,1,1,0,0,1,0,7,0,5,2,68,Highly Suitable
0,1,1,1,0,0,1,1,0,0,0,5,6,4,0,55,Highly Suitable
0,1,1,0,1,1,0,0,1,1,1,0,1,1,1,29,Suitable
1,0,0,0,1,0,1,1,0,1,1,1,4,4,1,32,Suitable
1,1,0,1,0,1,0,1,0,1,1,1,8,0,2,52,Highly Suitable
0,1,1,0,1,0,0,0,0,1,0,4,6,2,1,63,Suitable
0,0,0,1,0,1,1,0,0,0,1,3,3,0,0,42,Needs Improvement
1,0,0,1,0,0,0,1,0,1,1,0,4,1,0,69,Needs Improvement
1,0,1,1,0,1,0,1,0,0,1,5,4,4,0,26,Highly Suitable
0,1,0,1,1,0,0,1,1,1,0,6,0,5,1,27,Suitable
1,0,1,1,0,1,0,1,0,0,1,4,1,0,2,98,Highly Suitable
0,1,1,1,1,0,0,1,1,0,1,0,0,3,0,89,Highly Suitable
0,0,0,1,0,1,1,0,1,1,1,8,2,1,1,28,Highly Suitable
1,1,1,1,0,1,1,1,1,1,1,5,1,1,2,85,Highly Suitable
1,1,0,0,1,1,1,1,1,1,0,3,1,5,0,30,Highly Suitable
0,0,0,0,1,1,0,1,0,0,1,4,8,1,1,56,Suitable
1,1,0,1,0,0,1,0,1,1,0,0,3,2,2,51,Suitable
0,0,1,0,1,0,1,1,1,0,1,8,2,5,1,80,Highly Suitable
1,1,1,1,0,0,0,0,0,0,0,2,2,0,2,37,Suitable
1,1,0,0,0,1,0,0,0,0,1,4,1,2,0,41,Suitable
0,0,1,0,0,1,1,1,0,1,0,5,0,2,1,35,Suitable
1,1,1,1,0,0,0,1,0,0,0,6,8,2,0,45,Highly Suitable
1,0,1,1,1,1,0,0,0,1,0,1,0,2,1,30,Suitable
1,0,0,0,0,1,1,1,1,0,1,8,7,3,2,40,Highly Suitable
1,0,0,0,1,1,1,0,0,0,1,8,1,4,2,67,Highly Suitable
1,1,1,1,0,0,0,1,1,1,1,1,2,1,2,30,Highly Suitable
0,0,0,1,0,1,1,0,1,1,1,3,7,1,1,46,Suitable
0,1,0,0,1,1,1,1,1,1,0,1,1,3,0,28,Needs Improvement
1,1,0,1,1,1,0,1,1,1,0,1,0,2,1,76,Highly Suitable
0,0,0,0,0,1,1,1,0,1,1,7,3,2,2,58,Highly Suitable
1,0,0,0,1,1,1,0,0,0,1,8,6,0,1,37,Highly Suitable
0,0,0,1,0,0,1,0,1,0,1,0,5,0,2,64,Needs Improvement
0,0,1,1,1,0,1,0,1,1,0,2,2,3,1,77,Suitable
1,1,0,0,1,1,0,1,0,1,0,4,0,4,0,78,Highly Suitable
1,0,1,0,1,1,0,1,1,0,0,1,8,5,2,33,Highly Suitable
0,1,1,1,0,1,0,0,1,0,0,0,7,4,2,21,Highly Suitable
1,0,1,0,1,0,0,1,1,0,0,1,7,0,0,64,Suitable
0,1,1,0,1,0,1,0,1,1,1,8,7,1,1,45,Highly Suitable
0,1,0,0,0,1,0,0,0,0,0,3,2,2,1,93,Suitable
1,1,1,0,0,0,0,0,1,0,1,8,3,4,1,89,Highly Suitable
0,0,1,1,0,0,1,1,0,0,0,3,4,5,2,35,Suitable
0,1,1,1,0,1,1,1,0,0,1,4,6,5,0,62,Highly Suitable
1,1,0,0,0,0,0,1,0,1,1,2,7,4,2,47,Highly Suitable
1,1,1,1,1,0,0,1,0,0,1,0,6,2,0,75,Highly Suitable
0,0,0,0,1,1,0,0,1,1,1,8,3,0,1,62,Suitable
0,1,0,0,1,0,0,1,0,1,0,0,5,1,1,97,Suitable
1,0,1,1,0,1,0,0,0,1,1,5,4,1,1,82,Highly Suitable
1,1,1,1,1,1,0,1,1,0,0,1,3,1,0,36,Highly Suitable
0,0,1,0,0,1,1,0,1,0,1,4,1,4,1,35,Suitable
1,1,1,0,1,0,0,1,1,0,1,0,6,4,0,40,Highly Suitable
1,1,1,0,1,0,0,1,1,0,1,2,3,1,2,63,Highly Suitable
0,1,0,1,0,0,0,0,1,1,0,1,2,0,0,80,Needs Improvement
0,0,0,1,1,0,0,0,0,1,0,2,3,0,0,51,Needs Improvement
0,0,0,1,0,0,0,0,1,1,0,8,7,4,0,76,Highly Suitable
1,1,1,0,0,1,0,1,0,0,1,6,5,0,1,52,Highly Suitable
1,1,1,1,0,0,1,0,0,1,0,4,8,5,1,92,Highly Suitable
0,1,0,0,0,0,0,0,0,0,1,3,3,4,0,57,Needs Improvement
0,0,1,1,0,0,0,1,0,1,1,5,0,2,1,50,Needs Improvement
1,0,0,0,0,1,1,0,1,0,1,3,6,1,1,27,Suitable
1,0,1,0,0,0,0,0,1,0,1,7,4,0,0,51,Suitable
1,0,0,1,1,1,0,1,0,1,0,8,5,0,1,49,Highly Suitable
1,0,0,1,1,1,1,1,1,1,0,3,2,5,2,27,Highly Suitable
0,0,0,1,1,0,0,1,0,0,0,1,4,3,0,36,Not Suitable
1,0,1,1,0,0,0,1,0,0,0,3,5,3,0,30,Suitable
1,1,1,0,0,1,0,1,0,1,1,7,8,5,1,31,Highly Suitable
0,0,0,1,1,1,0,1,0,0,1,7,3,0,2,91,Highly Suitable
0,0,0,0,0,0,1,0,1,0,1,3,0,2,1,59,Needs Improvement
1,1,0,1,1,0,1,0,0,0,1,6,8,5,2,97,Highly Suitable
0,1,1,0,0,1,0,1,0,0,0,0,3,0,1,69,Suitable
0,1,0,1,0,1,1,1,1,1,0,0,8,3,0,87,Highly Suitable
0,0,1,1,0,0,1,1,1,0,1,5,7,1,1,83,Highly Suitable
0,0,0,1,0,1,0,0,0,1,0,4,4,0,1,40,Needs Improvement
0,0,0,1,0,1,1,1,0,1,0,1,8,2,2,93,Highly Suitable
1,1,0,1,1,0,1,1,0,0,1,5,6,2,1,55,Highly Suitable
1,1,1,1,1,1,0,1,1,0,0,1,2,0,1,22,Suitable
0,1,0,1,1,1,0,1,0,1,1,2,5,3,1,30,Highly Suitable
0,0,0,1,1,0,1,0,1,0,0,4,3,2,0,40,Suitable
1,1,0,0,0,0,0,0,0,0,0,0,4,0,0,51,Needs Improvement
1,1,1,0,0,1,0,1,1,1,0,2,5,3,2,82,Highly Suitable
0,1,0,0,1,0,1,1,0,1,0,1,8,1,2,73,Highly Suitable
0,1,0,1,1,0,1,0,1,1,1,1,7,5,1,60,Highly Suitable
1,1,0,1,0,1,1,1,0,1,0,2,4,2,0,76,Highly Suitable
0,1,0,1,1,1,0,1,1,0,1,4,8,0,2,88,Highly Suitable
1,1,1,0,0,0,0,0,1,0,1,4,1,2,0,22,Needs Improvement
0,1,1,0,0,0,1,0,1,1,0,4,7,4,1,45,Highly Suitable
1,0,0,1,0,1,0,0,0,0,0,4,5,2,1,70,Highly Suitable
1,0,0,0,0,1,1,1,1,0,1,7,3,0,1,92,Highly Suitable
0,1,1,1,1,0,1,0,1,0,0,0,3,5,1,71,Highly Suitable
1,1,1,0,0,0,0,0,0,1,1,5,5,0,0,27,Suitable
1,1,0,1,1,1,0,0,1,1,0,7,5,3,0,43,Highly Suitable
0,0,1,1,0,0,0,1,0,1,0,1,3,5,1,70,Needs Improvement
1,0,0,0,0,1,0,0,0,1,1,5,6,3,1,98,Highly Suitable
1,1,1,0,0,1,0,1,1,0,1,8,8,4,2,24,Highly Suitable
1,1,1,1,1,1,1,1,1,1,1,5,1,5,2,42,Highly Suitable
0,1,0,1,1,0,1,0,1,1,0,2,8,3,0,61,Highly Suitable
0,1,1,1,0,1,0,1,1,1,1,7,4,3,1,45,Highly Suitable
1,0,0,0,0,1,0,1,1,1,0,6,8,4,2,68,Highly Suitable
1,0,0,1,0,1,1,1,1,0,0,1,6,1,1,72,Highly Suitable
0,1,1,0,1,0,0,0,0,1,0,3,8,1,2,98,Highly Suitable
1,0,1,1,1,0,1,1,1,0,0,7,0,5,1,92,Highly Suitable
1,1,0,0,1,1,0,0,1,1,0,2,4,3,1,62,Highly Suitable
1,1,1,0,1,0,1,0,0,0,0,2,7,5,0,30,Highly Suitable
0,0,0,0,0,1,0,0,1,1,1,5,5,3,2,82,Highly Suitable
1,0,0,0,0,0,0,0,0,0,1,6,4,4,2,51,Suitable
0,1,1,1,0,0,1,1,1,1,1,2,7,0,2,44,Highly Suitable
0,0,1,1,1,1,1,0,0,1,1,0,4,3,2,45,Suitable
1,0,1,1,1,1,1,0,1,1,1,6,3,0,0,87,Highly Suitable
0,0,0,1,1,0,0,0,0,0,0,0,2,0,1,32,Not Suitable
1,0,0,1,1,0,1,1,0,1,1,2,3,3,0,20,Suitable
1,1,1,1,0,0,0,0,0,0,1,0,7,1,1,79,Highly Suitable
1,0,0,1,1,1,1,1,1,0,0,0,3,1,0,49,Highly Suitable
1,1,0,1,1,1,0,0,1,1,0,1,6,5,1,63,Highly Suitable
1,0,0,1,0,0,0,0,0,1,1,8,8,4,2,45,Highly Suitable
0,0,0,1,0,1,0,0,1,1,0,6,7,0,1,83,Highly Suitable
0,1,1,1,1,1,1,1,0,0,0,1,5,5,1,87,Highly Suitable
0,0,0,0,1,0,1,1,1,1,0,4,6,4,1,67,Highly Suitable
0,0,0,0,0,1,1,1,0,1,0,2,7,2,0,43,Suitable
0,0,1,1,0,0,0,0,0,1,0,8,8,0,1,51,Highly Suitable
1,1,1,0,1,1,0,0,1,1,0,3,5,3,0,44,Highly Suitable
1,0,0,0,0,0,1,0,0,0,0,8,2,1,0,27,Needs Improvement
0,0,0,0,0,1,1,0,0,1,1,6,1,3,0,21,Needs Improvement
1,1,0,1,1,1,0,0,1,0,0,6,6,2,0,71,Highly Suitable
1,1,1,0,0,1,0,0,1,0,0,5,0,1,2,59,Highly Suitable
0,1,0,0,1,0,1,0,1,0,1,4,5,3,1,68,Highly Suitable
1,1,1,1,1,1,0,1,0,1,0,0,0,0,2,34,Suitable
1,1,0,1,1,1,0,0,1,0,0,3,2,1,1,89,Highly Suitable
0,1,1,0,0,0,0,1,1,0,0,5,4,0,1,83,Highly Suitable
1,1,1,1,0,0,0,0,0,1,0,1,8,3,0,54,Highly Suitable
0,0,0,1,0,1,0,0,1,1,0,1,5,5,1,64,Suitable
0,0,1,1,1,1,1,1,0,0,0,8,3,5,2,90,Highly Suitable
0,1,0,1,1,1,1,1,0,0,0,8,1,1,2,66,Highly Suitable
0,1,0,0,0,1,1,1,1,0,0,7,7,1,0,82,Highly Suitable
0,0,1,1,0,1,0,1,1,1,0,2,7,4,0,30,Highly Suitable
0,0,1,0,1,1,1,1,0,1,0,4,1,4,1,98,Highly Suitable
0,1,1,1,0,0,0,0,0,0,1,5,8,3,1,48,Highly Suitable
0,0,1,1,0,0,1,0,0,1,0,8,6,4,0,86,Highly Suitable
0,1,1,1,1,0,1,1,1,1,1,2,2,0,1,92,Highly Suitable
0,1,1,0,0,0,0,1,0,1,1,6,3,2,2,57,Highly Suitable
0,0,1,0,1,0,0,0,1,0,1,7,8,1,1,26,Highly Suitable
0,0,0,0,1,1,0,1,1,0,0,0,3,2,0,42,Not Suitable
1,0,1,0,1,1,1,1,1,0,1,1,8,2,2,87,Highly Suitable
0,0,0,0,0,0,0,0,0,0,1,8,0,2,0,30,Not Suitable
0,0,0,1,0,0,1,1,0,1,1,3,7,5,1,56,Highly Suitable
1,0,1,1,0,1,0,0,1,1,1,4,7,0,2,95,Highly Suitable
1,1,0,0,0,0,0,0,1,1,1,1,7,4,2,94,Highly Suitable
0,0,1,1,1,0,1,0,1,1,0,8,6,5,1,65,Highly Suitable
1,1,1,1,1,1,1,1,1,1,0,8,0,0,1,60,Highly Suitable
1,0,0,0,1,0,0,0,1,1,1,1,2,3,1,91,Suitable
1,1,1,0,1,0,1,1,1,0,1,2,1,3,0,37,Suitable
0,0,0,1,1,0,0,0,0,1,1,7,6,4,0,27,Suitable
0,1,0,1,0,0,1,0,0,0,1,4,3,2,1,99,Suitable
1,1,1,0,1,1,1,0,0,1,0,4,8,5,1,94,Highly Suitable
0,1,0,1,1,0,1,0,1,0,1,7,2,2,0,84,Highly Suitable
1,0,1,0,0,0,0,0,1,1,1,7,0,0,2,99,Suitable
1,0,1,0,0,1,1,0,0,1,0,8,8,5,0,39,Highly Suitable
0,0,0,1,0,1,0,0,1,1,0,1,7,1,1,31,Suitable
1,0,1,1,1,1,1,1,0,0,0,3,5,2,2,29,Highly Suitable
1,0,1,1,1,0,0,0,1,0,0,8,6,5,1,85,Highly Suitable
1,0,0,1,1,1,0,1,0,1,0,1,1,3,1,49,Suitable
1,1,0,1,1,1,1,1,0,0,1,1,4,2,0,55,Highly Suitable
1,1,0,1,0,1,0,0,1,0,1,1,8,2,0,68,Highly Suitable
0,1,1,1,0,0,0,1,0,0,0,4,1,1,1,55,Suitable
1,1,0,0,0,0,1,0,0,1,0,3,2,5,0,70,Suitable
1,0,0,1,1,1,0,0,0,1,0,2,8,5,0,20,Suitable
1,0,0,0,0,0,1,1,0,1,1,1,7,3,1,35,Suitable
1,0,1,0,0,1,0,0,0,0,1,1,3,5,0,66,Suitable
0,1,0,1,1,0,1,0,1,1,0,4,0,4,1,33,Suitable
1,1,0,1,0,0,0,0,1,1,1,8,2,0,1,44,Highly Suitable
0,1,0,0,1,1,1,0,0,0,0,2,2,2,0,75,Suitable
1,0,1,0,0,1,1,0,1,1,0,8,7,4,1,81,Highly Suitable
0,1,1,1,1,0,1,1,1,0,1,4,1,0,1,78,Highly Suitable
1,0,1,1,0,1,0,0,0,0,1,4,4,5,2,49,Highly Suitable
1,0,1,1,0,1,1,1,1,1,0,8,1,5,1,77,Highly Suitable
1,1,0,1,0,0,1,0,0,0,1,3,7,3,0,53,Highly Suitable
1,1,0,1,1,0,1,0,1,0,0,0,5,3,2,37,Suitable
0,0,0,1,0,0,0,0,0,1,0,1,0,5,2,95,Needs Improvement
0,0,1,1,1,0,0,0,0,1,0,0,2,2,0,22,Not Suitable
0,0,1,0,1,1,0,1,1,0,0,6,0,1,0,41,Suitable
0,0,1,1,0,0,0,1,0,1,0,5,0,3,2,61,Suitable
1,1,0,1,0,0,1,0,1,0,0,2,8,3,1,25,Suitable
1,1,1,0,0,1,0,1,0,0,1,4,8,5,1,51,Highly Suitable
0,1,0,0,0,1,1,1,0,1,0,2,7,4,2,74,Highly Suitable
1,0,1,1,0,1,1,1,0,1,1,7,0,0,1,31,Highly Suitable
0,0,0,1,0,0,1,0,1,0,0,7,2,1,1,21,Needs Improvement
0,1,1,1,1,0,0,1,0,1,0,6,1,0,1,58,Suitable
0,0,1,1,0,0,1,1,1,0,1,3,3,3,2,69,Highly Suitable
1,0,1,0,0,0,1,1,0,0,0,8,0,0,0,20,Suitable
0,0,0,1,1,0,0,1,1,1,1,1,8,4,2,84,Highly Suitable
1,1,1,0,1,0,1,1,0,1,0,3,4,2,2,52,Highly Suitable
0,0,1,1,0,0,0,0,0,1,1,6,8,0,2,88,Highly Suitable
0,0,0,1,1,0,1,1,1,0,0,0,7,2,0,63,Suitable
0,1,1,0,0,0,1,1,0,0,0,7,6,2,0,22,Suitable
0,0,1,1,0,1,1,1,1,1,0,3,1,4,1,75,Highly Suitable
1,1,0,1,1,0,0,1,0,0,1,8,6,5,2,50,Highly Suitable
0,0,1,0,0,0,1,0,1,1,0,3,2,2,1,87,Suitable
0,0,0,0,1,1,1,0,1,0,0,7,8,2,1,36,Highly Suitable
1,1,1,0,0,1,0,1,1,1,1,7,1,1,1,52,Highly Suitable
1,1,1,1,0,1,0,1,0,0,1,0,0,2,1,58,Suitable
1,0,1,0,0,1,1,0,1,0,0,7,6,3,2,71,Highly Suitable
1,0,1,1,0,0,0,0,1,1,1,0,6,2,2,28,Suitable
0,1,1,0,1,1,0,1,0,1,0,6,8,0,0,92,Highly Suitable
0,1,0,1,1,0,0,0,1,0,1,0,1,3,2,77,Suitable
1,1,1,0,0,0,1,0,0,1,1,2,7,0,0,90,Highly Suitable
0,0,0,0,0,0,1,0,0,1,1,7,4,0,1,32,Suitable
1,0,0,0,0,1,1,1,0,1,1,2,8,3,1,44,Suitable
1,0,0,1,1,0,0,1,0,1,1,5,8,3,0,68,Highly Suitable
0,0,0,0,0,0,0,1,0,1,0,1,8,1,0,62,Needs Improvement
1,1,0,0,1,0,0,0,0,0,1,0,1,3,2,29,Suitable
1,1,1,1,1,1,1,1,0,1,0,6,7,0,0,82,Highly Suitable
0,0,0,1,1,1,1,0,1,1,1,5,2,1,0,26,Suitable
0,1,0,0,0,1,0,1,1,1,0,3,3,5,2,65,Suitable
1,0,0,0,0,1,0,0,1,0,0,0,6,3,1,100,Suitable
0,0,0,0,1,0,0,0,0,0,0,0,4,3,0,26,Not Suitable
0,0,1,1,1,1,1,1,0,0,0,8,5,1,1,43,Highly Suitable
1,0,0,0,0,1,0,0,1,1,0,7,6,4,2,75,Highly Suitable
1,1,1,1,1,0,1,0,0,1,1,3,1,1,2,57,Highly Suitable
0,1,1,1,0,0,1,0,1,1,0,8,2,1,0,47,Highly Suitable
1,1,1,1,1,1,1,1,1,1,1,5,1,5,1,42,Highly Suitable
1,1,0,0,1,0,1,0,1,0,0,3,1,2,0,88,Suitable
1,1,1,1,0,0,0,1,1,1,1,2,5,5,2,34,Highly Suitable
1,0,0,1,1,1,0,0,1,0,0,3,4,3,2,70,Highly Suitable
0,1,1,0,0,0,0,0,0,0,1,0,7,1,2,84,Suitable
1,1,0,1,0,1,0,1,0,0,1,6,2,3,2,62,Highly Suitable
1,0,0,1,1,0,1,0,1,0,0,4,4,2,1,64,Suitable
1,1,1,0,0,0,1,1,1,0,0,8,4,2,1,56,Highly Suitable
0,0,0,0,0,0,1,0,0,0,0,0,5,4,0,27,Not Suitable
0,0,0,0,0,0,0,1,0,1,1,6,7,0,2,71,Suitable
0,0,0,1,1,1,1,0,0,0,1,7,3,2,2,57,Highly Suitable
1,0,1,1,0,0,0,0,0,1,1,3,0,0,0,63,Needs Improvement
1,0,1,1,1,1,0,1,0,1,1,5,6,2,1,22,Highly Suitable
0,1,0,0,0,0,1,1,1,0,0,5,5,2,0,40,Suitable
1,1,1,1,0,0,1,1,1,0,1,8,3,5,1,26,Highly Suitable
0,0,1,0,0,1,1,0,0,0,1,5,2,4,1,56,Suitable
0,0,1,0,0,1,0,1,0,1,0,7,0,3,2,40,Suitable
1,0,0,0,1,0,0,1,0,1,0,7,7,5,2,85,Highly Suitable
0,1,1,0,1,0,1,1,0,1,1,8,4,5,0,59,Highly Suitable
1,1,0,1,0,1,1,1,0,1,1,2,2,4,0,45,Highly Suitable
0,0,1,1,0,1,1,1,0,0,0,4,7,5,2,32,Highly Suitable
0,1,0,1,0,1,1,1,1,1,0,6,5,1,1,55,Highly Suitable
1,1,1,1,0,1,0,1,1,0,1,1,1,0,1,86,Highly Suitable
1,0,1,0,1,0,1,1,1,1,0,5,6,5,0,54,Highly Suitable
0,1,0,0,0,0,0,0,0,0,1,1,4,0,0,30,Not Suitable
0,0,0,1,1,1,1,0,1,1,1,1,4,1,0,84,Suitable
0,0,0,1,1,0,1,1,0,0,1,0,2,3,2,66,Suitable
1,0,1,1,0,1,1,0,1,1,0,2,6,4,0,100,Highly Suitable
1,1,1,1,0,0,1,0,1,0,0,3,1,5,2,76,Highly Suitable
1,0,0,1,1,1,0,1,1,0,0,0,3,4,2,61,Highly Suitable
0,0,1,1,0,0,1,0,1,0,1,8,4,4,1,33,Highly Suitable
1,0,1,1,1,1,0,1,0,1,0,6,0,3,0,89,Highly Suitable
0,0,0,0,0,0,1,0,1,1,0,4,6,2,2,60,Suitable
0,0,0,0,0,0,0,0,1,0,0,5,8,1,0,39,Needs Improvement
0,1,0,0,1,1,0,1,0,1,0,8,3,4,2,30,Highly Suitable
1,0,0,0,0,0,0,1,1,1,0,7,1,0,2,32,Suitable
1,0,0,0,0,0,1,1,0,0,1,5,5,2,1,77,Suitable
0,1,0,0,1,1,1,1,0,0,1,7,3,0,0,82,Highly Suitable
1,0,0,1,1,0,0,0,0,1,0,8,3,0,2,78,Highly Suitable
0,1,1,1,1,1,1,1,0,1,1,3,3,1,1,48,Highly Suitable
0,1,0,0,0,1,0,1,1,1,1,6,1,4,0,79,Highly Suitable
0,0,0,1,1,0,1,0,1,0,0,4,2,3,1,74,Suitable
1,0,1,0,0,0,1,0,0,0,1,5,5,2,2,70,Highly Suitable
1,1,1,0,1,0,0,1,1,1,1,4,8,4,0,82,Highly Suitable
1,1,1,0,0,0,0,1,0,0,0,0,8,1,0,58,Needs Improvement
1,0,1,1,0,0,0,0,0,0,0,5,4,1,0,51,Suitable
0,0,0,1,0,1,0,1,1,1,0,2,2,5,2,37,Suitable
0,0,0,1,0,0,0,1,0,0,1,6,7,4,1,45,Suitable
0,0,1,0,1,1,1,0,1,1,1,4,4,2,2,28,Suitable
1,0,0,0,1,1,0,1,0,1,1,7,3,0,2,33,Highly Suitable
0,1,0,1,1,0,0,0,0,0,1,2,7,5,1,40,Suitable
1,0,1,0,0,0,0,1,0,1,0,6,6,1,2,40,Highly Suitable
1,1,1,1,0,1,1,1,0,1,1,0,5,1,2,58,Highly Suitable
1,1,1,0,1,0,1,1,1,0,1,4,6,1,2,36,Highly Suitable
0,1,1,0,1,0,1,0,0,0,0,0,0,0,1,80,Suitable
0,0,0,1,0,1,1,0,1,0,0,2,2,2,0,85,Needs Improvement
0,0,0,0,1,1,1,1,1,1,1,4,7,1,1,86,Highly Suitable
0,1,1,1,1,0,1,1,0,1,1,8,6,3,2,93,Highly Suitable
0,0,1,0,0,1,1,0,0,1,1,1,8,1,1,97,Highly Suitable
0,1,1,0,0,0,0,0,0,0,1,3,5,5,2,34,Suitable
1,1,0,0,0,1,0,0,1,0,0,3,5,3,0,84,Highly Suitable
1,0,1,0,0,1,0,0,0,1,0,0,0,2,0,43,Not Suitable
0,0,0,0,1,1,1,1,1,1,0,0,3,0,1,41,Suitable
1,0,0,1,1,0,0,1,1,1,0,4,1,5,2,68,Highly Suitable
0,1,1,0,0,0,1,1,1,0,1,1,4,0,1,71,Highly Suitable
1,1,0,1,0,0,0,1,1,0,1,7,2,1,1,80,Highly Suitable
0,0,0,1,0,0,0,0,1,0,1,4,4,5,2,66,Suitable
0,0,0,1,1,0,1,1,1,1,1,2,3,4,1,76,Highly Suitable
0,0,1,1,0,1,0,0,1,1,0,6,7,4,1,21,Highly Suitable
0,1,0,1,0,0,0,1,1,1,0,3,6,0,1,65,Suitable
1,0,0,0,1,1,1,0,1,1,1,1,4,4,0,36,Highly Suitable
0,1,1,0,0,0,0,1,0,0,1,4,8,5,1,44,Highly Suitable
0,0,1,1,1,0,1,0,1,0,1,1,7,2,2,44,Suitable
1,0,1,0,0,1,1,1,0,0,1,7,6,0,0,73,Highly Suitable
0,1,1,1,1,0,1,1,0,1,1,8,0,4,1,62,Highly Suitable
0,1,1,1,1,0,0,0,1,1,1,4,5,3,1,81,Highly Suitable
0,1,0,1,1,0,1,1,1,1,0,2,7,5,1,59,Highly Suitable
0,1,1,1,0,1,1,0,0,1,1,2,6,3,2,92,Highly Suitable
0,0,1,0,1,0,0,0,1,1,1,3,1,3,2,55,Suitable
0,1,1,1,0,0,0,1,1,1,0,8,8,1,2,48,Highly Suitable
0,1,0,0,1,1,1,0,0,0,1,6,6,2,0,53,Highly Suitable
1,0,0,0,0,0,0,0,0,0,0,2,6,3,1,31,Needs Improvement
0,1,1,1,0,1,0,1,1,1,1,0,2,5,2,57,Highly Suitable
1,0,0,0,0,0,1,0,1,0,1,5,2,3,0,95,Highly Suitable
1,1,0,1,0,1,0,0,0,0,0,0,7,5,0,34,Suitable
1,1,1,1,0,0,1,1,1,0,1,5,0,3,2,45,Highly Suitable
0,0,0,0,1,0,1,1,1,0,0,7,4,0,2,23,Highly Suitable
0,1,1,0,1,0,1,1,1,1,0,3,7,5,0,36,Highly Suitable
1,0,0,1,1,0,1,1,1,0,0,2,1,5,2,92,Highly Suitable
1,1,0,1,0,1,1,0,0,0,1,5,4,4,2,82,Highly Suitable
1,1,1,1,0,1,1,0,0,0,0,0,3,4,2,80,Highly Suitable
1,0,0,1,0,1,0,0,0,0,0,0,4,3,2,82,Highly Suitable
1,1,0,0,0,0,1,1,1,1,0,5,5,5,1,86,Highly Suitable
0,0,0,0,1,1,1,0,1,0,0,5,6,3,0,96,Highly Suitable
0,1,0,1,0,1,1,1,0,0,1,8,3,4,2,93,Highly Suitable
0,1,1,0,0,1,1,1,0,0,1,8,3,5,0,77,Highly Suitable
0,1,0,0,1,1,0,0,1,1,0,8,3,1,2,70,Highly Suitable
0,1,0,1,0,1,0,1,0,0,0,0,1,2,1,52,Needs Improvement
1,1,0,0,0,1,1,0,1,0,0,3,7,0,0,35,Suitable
1,1,0,0,0,1,0,0,0,1,0,6,0,0,2,87,Highly Suitable
1,1,1,1,1,1,0,0,1,0,1,7,6,4,1,79,Highly Suitable
1,1,1,1,0,0,1,1,1,0,0,3,2,2,0,72,Highly Suitable
1,1,0,0,0,0,1,1,0,1,0,3,8,0,1,97,Highly Suitable
1,0,1,0,0,0,1,1,1,1,0,1,2,2,0,57,Suitable
0,1,0,1,0,0,0,1,1,1,0,3,7,1,2,58,Highly Suitable
1,1,0,0,1,1,1,0,1,1,1,4,6,4,2,28,Highly Suitable
1,0,0,0,1,1,0,1,1,0,0,6,8,3,1,34,Highly Suitable
0,1,1,0,1,1,0,0,1,1,1,1,0,3,1,96,Highly Suitable
0,1,1,0,0,1,0,0,1,0,1,2,7,0,0,43,Suitable
0,0,1,1,0,1,0,0,1,0,1,1,1,3,2,81,Suitable
0,1,1,0,1,0,1,0,0,1,1,1,0,5,0,51,Suitable
1,0,0,1,0,0,1,1,1,0,0,2,3,0,0,58,Suitable
0,1,1,1,0,0,1,0,0,0,1,6,3,0,0,87,Highly Suitable
1,0,0,1,0,1,0,1,1,1,1,3,1,4,0,48,Suitable
0,1,1,1,0,1,0,1,0,0,1,0,5,2,2,20,Suitable
1,1,1,0,1,0,1,0,1,0,0,1,4,2,0,98,Highly Suitable
0,1,0,0,1,1,1,1,1,1,0,2,2,1,1,81,Highly Suitable
0,0,0,0,1,1,1,0,1,0,1,3,4,2,1,64,Suitable
0,1,1,1,1,0,0,0,0,0,1,3,4,2,0,82,Suitable
0,1,0,1,1,1,1,0,0,1,0,5,3,5,1,92,Highly Suitable
0,1,1,0,0,0,1,0,1,0,0,2,7,3,1,70,Highly Suitable
0,0,0,1,1,0,0,1,0,1,1,7,5,1,0,43,Suitable
0,0,0,1,0,0,0,1,0,0,0,3,8,3,2,46,Suitable
1,1,0,1,0,0,0,0,1,1,0,8,3,3,1,73,Highly Suitable
1,0,1,1,1,1,0,1,1,0,0,4,4,2,2,61,Highly Suitable
0,1,1,1,0,1,1,1,0,0,0,8,8,4,2,70,Highly Suitable
1,1,1,0,0,1,0,0,0,0,1,4,1,3,2,42,Highly Suitable
1,1,0,1,1,0,0,1,0,1,1,4,7,3,1,32,Highly Suitable
1,1,1,0,1,1,0,1,0,0,0,4,5,3,0,92,Highly Suitable
0,1,1,1,1,0,1,0,0,0,0,4,7,3,0,63,Highly Suitable
1,1,1,1,1,0,0,1,0,0,1,4,1,2,1,82,Highly Suitable
1,0,0,1,0,0,1,0,1,0,1,2,0,4,0,30,Needs Improvement
1,1,1,1,1,1,1,1,0,0,0,7,1,4,0,32,Highly Suitable
1,1,0,0,1,1,0,1,0,0,1,3,8,5,1,54,Highly Suitable
1,1,0,0,1,1,0,0,1,1,0,6,1,2,0,38,Highly Suitable
1,0,1,1,0,0,0,1,0,1,0,8,1,0,2,50,Highly Suitable
1,1,0,0,0,0,0,1,0,1,1,0,1,1,2,100,Suitable
1,1,0,1,0,0,1,0,0,0,1,6,7,0,1,36,Highly Suitable
1,1,0,0,1,1,0,1,1,0,0,3,5,4,2,55,Highly Suitable
1,1,0,1,1,1,0,0,0,0,0,4,6,0,1,97,Highly Suitable
0,1,0,1,0,1,0,0,1,0,1,4,3,3,0,34,Suitable
1,0,1,1,0,1,0,1,1,1,1,8,7,0,2,26,Highly Suitable
1,1,1,0,1,1,1,0,1,1,0,1,6,3,2,63,Highly Suitable
1,1,1,1,0,0,1,1,1,0,0,0,3,5,1,29,Highly Suitable
0,0,1,0,0,1,0,1,1,1,0,3,6,4,0,77,Highly Suitable
0,0,1,0,1,0,1,1,0,1,1,6,1,5,0,25,Suitable
1,1,1,1,1,1,1,1,0,1,0,6,3,5,2,34,Highly Suitable
0,0,0,0,0,1,0,0,0,0,1,8,2,0,1,88,Suitable
0,1,0,0,0,0,0,1,1,0,1,7,5,4,0,30,Suitable
0,0,0,0,0,0,0,1,0,1,1,7,4,5,0,90,Suitable
0,1,1,0,0,0,0,0,0,1,1,4,3,4,0,75,Highly Suitable
0,0,0,0,0,0,0,0,0,1,1,3,6,0,1,27,Not Suitable
1,1,0,1,1,1,0,1,0,0,0,0,6,5,2,97,Highly Suitable
0,0,0,0,0,1,1,0,0,0,0,0,8,4,2,29,Needs Improvement
1,0,0,0,0,1,1,1,0,0,0,4,4,0,0,85,Highly Suitable
0,1,1,1,0,1,0,1,1,0,1,4,1,3,2,62,Highly Suitable
1,1,1,0,0,0,0,0,0,0,0,5,7,0,2,31,Suitable
1,0,1,0,0,1,0,0,0,1,0,5,0,2,2,69,Suitable
0,0,1,0,1,1,1,0,1,1,1,8,6,0,2,80,Highly Suitable
1,0,1,0,0,1,0,1,1,0,0,1,4,0,0,23,Needs Improvement
0,1,0,0,0,1,1,0,0,1,1,8,2,2,0,60,Suitable
0,0,1,1,0,1,1,1,0,1,0,8,4,5,2,95,Highly Suitable
0,1,0,1,0,0,1,1,0,0,1,8,8,3,1,36,Highly Suitable
0,0,0,1,1,0,0,0,0,1,0,2,1,0,0,81,Needs Improvement
0,0,0,0,0,1,0,0,1,0,1,2,7,2,2,30,Needs Improvement
1,0,0,0,1,0,1,0,1,0,1,3,5,2,0,58,Highly Suitable
0,0,1,1,1,1,1,1,1,0,0,3,0,2,0,47,Suitable
1,0,0,1,1,0,1,0,1,0,0,5,8,5,0,96,Highly Suitable
1,0,1,0,1,0,0,0,0,0,0,8,6,5,1,63,Highly Suitable
1,0,0,0,0,0,1,0,1,1,0,7,5,0,0,43,Suitable
1,1,0,0,1,0,1,1,0,0,0,1,4,0,2,78,Highly Suitable
0,1,0,0,1,1,0,1,0,0,0,8,3,0,1,50,Suitable
1,0,0,0,1,1,0,0,1,1,0,1,7,2,0,89,Highly Suitable
0,0,0,1,0,0,0,0,1,0,1,5,8,0,2,49,Suitable
0,0,0,0,1,1,0,1,1,1,1,2,3,2,0,100,Highly Suitable
0,0,1,1,0,0,1,0,1,0,1,3,4,2,1,79,Highly Suitable
0,1,1,0,0,0,1,1,0,1,1,0,4,2,2,44,Suitable
0,1,0,1,1,0,1,0,1,1,1,4,3,1,2,83,Highly Suitable
0,1,0,0,0,0,0,0,0,0,0,1,1,0,2,58,Not Suitable
1,1,1,1,1,0,0,1,0,1,1,4,3,0,1,47,Highly Suitable
1,1,1,1,0,0,0,0,0,1,0,3,7,5,0,94,Highly Suitable
0,1,0,0,1,0,1,1,0,1,1,4,2,4,1,75,Highly Suitable
1,0,1,0,0,0,0,0,0,0,0,7,0,2,2,53,Suitable
0,1,1,0,0,1,1,1,1,0,1,5,8,0,0,50,Highly Suitable
0,0,0,1,1,0,1,0,1,0,0,7,3,3,2,54,Highly Suitable
0,1,1,1,0,0,0,0,1,0,1,2,1,5,1,72,Suitable
0,0,1,1,1,0,0,1,0,0,1,5,5,5,1,44,Highly Suitable
0,1,0,1,1,1,0,0,1,1,0,2,3,4,1,73,Highly Suitable
0,1,0,1,0,0,0,1,1,1,1,4,5,3,1,94,Highly Suitable
0,1,0,1,1,0,0,1,0,1,1,3,5,1,1,34,Suitable
0,1,1,0,0,1,0,0,1,0,0,4,2,4,1,47,Suitable
0,0,0,0,1,1,1,1,1,1,1,4,3,3,1,82,Highly Suitable
1,0,0,1,0,0,1,0,0,1,1,0,3,5,2,46,Suitable
1,1,1,0,1,0,1,1,0,0,1,4,2,5,1,37,Highly Suitable
1,0,0,1,1,0,0,0,1,0,0,6,6,3,0,43,Suitable
0,1,1,1,1,0,1,1,1,1,0,0,4,2,0,48,Highly Suitable
1,1,0,1,0,1,1,0,1,0,1,0,6,1,0,24,Highly Suitable
0,0,0,0,1,1,0,1,1,0,0,1,1,4,1,90,Needs Improvement
1,0,1,1,1,0,1,0,0,1,1,3,4,2,1,86,Highly Suitable
0,0,1,1,1,1,0,0,1,0,1,6,2,5,2,98,Highly Suitable
1,0,1,1,0,1,1,1,1,0,1,6,3,2,0,80,Highly Suitable
1,0,0,1,1,1,0,1,0,1,0,3,8,1,2,93,Highly Suitable
0,0,1,1,0,0,0,1,0,1,1,8,8,5,1,35,Highly Suitable
0,1,1,0,1,1,1,0,0,0,0,8,0,1,0,42,Highly Suitable
1,1,1,0,1,1,0,1,1,1,1,6,2,3,1,83,Highly Suitable
1,0,0,0,0,0,1,0,0,0,1,1,7,3,1,93,Highly Suitable
1,1,1,1,0,1,0,1,1,0,1,0,5,2,1,39,Suitable
0,1,1,1,1,0,1,1,1,1,0,8,1,5,1,72,Highly Suitable
0,1,0,0,0,0,0,1,1,1,1,6,0,0,0,40,Needs Improvement
0,0,1,1,0,0,0,0,0,1,1,2,2,0,2,59,Needs Improvement
0,1,1,1,0,0,0,0,0,1,1,0,4,0,0,44,Suitable
1,1,1,1,0,1,1,0,1,1,1,6,8,1,1,58,Highly Suitable
1,0,0,1,0,1,1,1,0,0,0,1,4,5,0,21,Suitable
0,1,0,0,1,1,1,0,0,1,0,8,2,1,1,29,Suitable
1,1,0,1,0,0,0,1,1,1,0,6,8,4,1,85,Highly Suitable
0,0,0,0,1,1,0,1,0,1,1,1,8,5,2,63,Suitable
1,0,1,0,0,1,1,0,0,0,0,4,1,2,2,44,Suitable
1,1,1,0,0,1,0,0,0,0,0,8,6,2,2,68,Highly Suitable
0,0,1,1,0,0,1,0,0,0,1,7,4,3,1,60,Highly Suitable
0,0,1,0,1,0,1,1,0,1,0,1,2,2,0,39,Needs Improvement
1,0,1,1,1,0,1,1,0,0,1,3,0,0,1,69,Highly Suitable
1,0,1,0,1,0,1,0,1,1,1,4,1,1,0,69,Suitable
0,0,1,0,0,0,0,0,0,0,0,3,3,3,0,52,Needs Improvement
0,0,1,0,1,0,1,0,0,1,0,8,7,1,1,62,Highly Suitable
0,1,0,1,0,1,1,1,1,0,0,6,0,5,0,80,Highly Suitable
1,0,1,1,1,1,1,0,0,0,1,5,5,1,0,33,Highly Suitable
1,0,0,1,0,1,1,1,1,1,1,1,3,2,0,34,Suitable
0,0,0,1,0,0,1,0,1,1,1,5,5,2,1,25,Suitable
1,1,1,1,0,1,0,1,0,1,1,8,4,2,0,70,Highly Suitable
0,1,0,1,1,0,1,0,0,0,0,0,7,3,1,44,Suitable
0,1,0,0,0,0,0,0,1,1,1,0,5,1,2,83,Suitable
0,1,0,1,0,0,1,0,0,0,1,3,3,1,2,65,Highly Suitable
1,0,1,0,1,0,1,1,0,0,0,2,1,0,2,61,Suitable
1,1,1,0,0,1,1,0,0,0,1,8,1,0,1,33,Highly Suitable
1,1,1,0,0,1,0,1,1,0,1,3,7,1,0,59,Highly Suitable
0,0,1,0,1,1,0,0,0,0,1,8,5,3,2,46,Highly Suitable
1,0,1,0,1,1,1,0,0,0,0,4,3,0,0,87,Highly Suitable
1,1,1,1,1,1,1,1,0,1,0,3,2,0,2,56,Highly Suitable
0,1,1,0,0,0,1,0,0,1,1,1,8,3,0,100,Highly Suitable
1,0,0,1,1,1,0,0,1,1,1,2,5,0,2,86,Highly Suitable
0,0,1,0,1,1,1,1,1,0,0,3,7,1,1,95,Highly Suitable
0,0,0,0,0,1,0,1,0,1,1,6,0,2,1,95,Suitable
1,1,1,0,1,1,1,0,1,0,1,1,3,2,0,100,Highly Suitable
0,0,1,0,0,1,1,0,0,1,1,7,6,0,1,58,Suitable
1,0,1,0,1,0,1,1,1,0,1,1,6,0,1,71,Highly Suitable
0,0,0,1,0,1,1,1,1,0,1,3,1,1,2,81,Highly Suitable
0,1,1,1,1,1,0,1,1,1,0,4,2,2,0,81,Highly Suitable
1,0,0,1,1,0,0,0,1,0,0,4,8,3,1,97,Highly Suitable
1,0,1,0,1,0,0,1,1,1,0,0,4,0,2,74,Highly Suitable
0,0,1,1,1,0,0,1,0,1,1,1,6,2,1,98,Highly Suitable
1,1,0,0,0,1,1,0,1,0,0,7,8,3,1,79,Highly Suitable
0,0,1,1,0,0,0,0,0,1,0,7,0,3,1,51,Suitable
0,0,1,1,1,0,0,1,1,0,1,1,2,4,0,59,Suitable
1,0,1,1,0,1,0,1,0,0,1,5,1,5,0,71,Highly Suitable
1,1,0,1,0,1,0,1,0,0,1,8,8,1,0,39,Highly Suitable
1,0,0,0,0,1,1,1,0,0,0,8,1,2,2,84,Highly Suitable
1,1,1,0,1,0,1,1,0,1,0,1,5,1,2,48,Highly Suitable
1,1,1,1,0,1,1,1,0,0,0,4,2,3,1,90,Highly Suitable
1,1,1,0,0,1,1,1,0,1,0,6,4,5,0,67,Highly Suitable
1,1,1,0,0,1,0,1,0,1,1,3,0,3,1,89,Highly Suitable
0,1,1,0,1,0,0,0,1,1,1,5,2,0,1,57,Suitable
1,1,1,0,1,1,1,0,0,1,1,1,4,2,1,93,Highly Suitable
1,1,0,0,1,1,1,1,0,0,1,6,1,1,2,22,Highly Suitable
0,0,1,1,0,0,1,1,1,0,1,6,8,3,2,69,Highly Suitable
1,1,1,0,0,1,1,0,1,0,1,1,7,5,1,34,Highly Suitable
1,1,1,0,1,1,0,1,0,0,0,0,1,3,0,75,Highly Suitable
1,1,1,0,1,0,0,0,0,1,0,7,3,0,2,72,Highly Suitable
0,1,0,1,0,0,0,0,1,1,1,2,6,3,0,67,Suitable
0,1,1,0,0,0,0,1,1,1,0,6,4,3,0,82,Highly Suitable
1,0,0,1,1,1,0,1,0,0,0,4,5,2,1,85,Highly Suitable
1,0,0,0,0,0,0,1,1,1,1,4,1,2,1,37,Suitable
0,0,0,0,1,0,0,1,1,0,0,7,0,2,2,74,Suitable
1,0,0,1,1,0,0,0,1,1,0,2,3,0,1,69,Suitable
0,1,1,0,0,1,1,1,0,0,1,6,2,1,0,24,Highly Suitable
1,0,0,0,0,0,0,1,0,1,0,4,7,4,0,57,Suitable
0,1,1,0,0,1,1,1,0,1,1,3,4,2,1,34,Highly Suitable
1,1,1,1,0,1,0,0,0,0,0,2,5,0,0,95,Highly Suitable
1,0,0,0,0,0,1,1,0,1,0,6,7,5,0,62,Suitable
0,0,0,0,0,1,1,0,1,1,0,1,3,0,1,36,Not Suitable
0,1,0,1,0,1,0,0,0,1,1,5,6,3,0,43,Suitable
0,0,1,1,0,0,1,0,0,0,1,2,2,1,1,94,Suitable
1,1,1,0,1,1,0,1,0,0,0,0,7,3,2,55,Highly Suitable
1,0,0,0,1,1,0,1,0,0,0,1,7,1,1,64,Suitable
0,1,0,0,0,0,1,0,1,0,1,1,3,2,0,86,Suitable
1,0,0,1,0,0,1,1,0,0,1,5,5,4,0,60,Highly Suitable
0,1,0,1,0,0,1,1,0,0,1,2,1,5,0,81,Suitable
0,1,0,1,1,0,1,1,0,1,0,2,2,5,1,30,Suitable
0,1,0,0,0,0,0,0,0,0,0,4,3,5,0,93,Suitable
1,0,1,0,0,0,0,0,0,1,0,1,3,4,1,38,Suitable
1,0,1,1,0,0,0,1,0,0,1,6,8,0,2,95,Highly Suitable
0,1,1,1,1,0,1,1,0,1,1,2,5,1,2,99,Highly Suitable
0,1,1,0,0,0,1,1,1,1,0,5,4,2,0,48,Suitable
1,1,0,0,1,1,1,0,0,0,0,7,1,0,2,77,Highly Suitable
1,0,0,1,1,1,1,0,1,0,1,4,7,3,1,62,Highly Suitable
0,1,1,0,1,0,0,1,1,0,0,0,1,3,0,34,Suitable
1,1,1,1,0,0,1,0,1,0,1,4,1,5,2,22,Highly Suitable
0,1,1,1,0,1,1,0,0,0,1,6,1,4,0,34,Highly Suitable
1,1,0,1,0,1,1,1,0,0,0,6,4,3,0,94,Highly Suitable
1,1,0,1,0,0,1,0,1,1,0,3,3,1,0,72,Highly Suitable
1,1,0,0,0,0,1,1,0,1,1,1,6,4,1,90,Highly Suitable
0,1,1,1,0,0,1,0,1,0,1,2,7,0,2,68,Highly Suitable
1,1,1,1,1,1,0,0,1,0,0,4,7,3,2,71,Highly Suitable
1,1,1,0,1,1,1,0,1,0,0,8,3,3,2,49,Highly Suitable
0,0,0,1,0,0,0,0,0,0,0,0,5,3,2,63,Needs Improvement
0,0,1,0,1,0,0,1,0,0,0,6,4,0,2,72,Highly Suitable
1,0,1,0,1,0,1,1,1,0,1,0,3,0,2,87,Highly Suitable
1,1,0,1,0,0,0,1,1,1,0,3,6,3,2,20,Highly Suitable
0,1,0,0,1,0,0,0,0,0,0,0,5,0,0,39,Not Suitable
0,0,1,0,1,1,1,0,1,1,0,3,3,0,2,52,Highly Suitable
1,1,1,1,0,1,1,1,1,0,1,4,6,1,1,46,Highly Suitable
0,0,0,0,0,1,1,0,1,1,0,3,4,5,0,66,Suitable
0,0,0,0,1,0,0,0,0,0,1,2,0,3,2,84,Needs Improvement
1,1,0,1,1,1,1,1,0,1,0,7,0,5,1,50,Highly Suitable
1,0,1,1,0,1,0,1,0,1,1,4,6,5,0,36,Highly Suitable
1,1,1,1,0,0,1,1,0,0,0,6,1,4,0,67,Highly Suitable
0,1,0,1,0,1,1,0,0,1,1,5,6,0,2,52,Highly Suitable
1,1,1,1,1,1,1,1,1,1,0,2,3,2,0,25,Highly Suitable
1,0,0,0,1,0,0,1,0,1,1,2,4,1,0,32,Needs Improvement
0,1,0,0,0,1,0,1,0,0,0,8,2,2,0,96,Highly Suitable
1,1,1,1,0,1,0,0,1,0,0,0,7,1,1,83,Highly Suitable
0,1,0,1,1,1,1,1,0,1,0,5,8,2,0,60,Highly Suitable
1,0,1,1,0,1,0,1,0,1,0,8,7,1,1,50,Highly Suitable
1,1,0,1,1,0,1,1,0,1,0,6,3,1,1,62,Highly Suitable
0,0,1,1,0,0,1,0,1,1,1,4,5,0,2,61,Highly Suitable
0,1,1,0,1,0,1,1,1,0,1,6,8,1,1,26,Highly Suitable
0,0,1,1,0,0,1,1,1,1,1,0,1,2,0,95,Suitable
0,0,0,1,0,1,0,1,0,0,0,1,0,2,1,58,Needs Improvement
0,1,1,0,1,1,0,1,0,0,1,6,6,1,1,97,Highly Suitable
1,1,0,1,1,1,1,0,0,1,1,5,4,1,1,43,Highly Suitable
0,0,0,0,0,0,0,0,0,0,0,8,7,3,0,90,Needs Improvement
0,1,1,0,1,1,0,1,1,1,1,3,3,0,1,61,Suitable
0,0,0,0,1,0,1,0,0,1,0,5,4,1,2,49,Suitable
1,1,1,0,1,0,1,0,1,0,1,8,0,0,1,49,Highly Suitable
1,1,0,0,0,0,0,0,0,0,0,1,2,3,2,88,Suitable
0,0,1,0,1,1,1,1,1,0,1,1,8,0,2,79,Highly Suitable
0,1,0,1,1,0,1,1,0,1,1,7,0,2,2,31,Suitable
0,0,0,0,1,1,0,0,1,1,1,8,5,3,1,37,Highly Suitable
0,1,1,0,0,1,1,0,0,1,0,7,2,2,1,64,Highly Suitable
0,0,1,0,1,0,1,0,0,0,0,0,2,2,0,22,Not Suitable
0,1,1,1,0,1,1,0,1,1,1,8,7,2,1,34,Highly Suitable
0,1,1,0,0,1,0,1,1,0,0,4,0,5,2,56,Highly Suitable
0,0,1,1,0,1,0,1,1,0,0,6,3,5,2,36,Highly Suitable
1,0,1,1,1,0,1,0,0,0,0,8,7,0,0,85,Highly Suitable
1,0,1,0,1,0,1,1,0,1,1,4,6,1,2,57,Highly Suitable
1,1,1,1,1,0,0,0,0,0,0,5,2,1,2,29,Highly Suitable
0,1,1,0,0,0,1,1,1,0,0,3,2,1,1,32,Needs Improvement
0,1,0,0,1,1,1,1,1,0,0,1,7,3,2,33,Suitable
0,0,0,1,1,0,1,0,0,0,1,1,4,1,0,76,Suitable
1,1,1,1,1,0,1,0,0,0,0,6,5,5,1,84,Highly Suitable
1,1,1,0,1,0,1,1,1,1,0,7,2,4,1,52,Highly Suitable
0,0,1,0,0,1,0,1,1,0,0,2,4,2,0,32,Suitable
1,1,0,1,1,1,0,0,1,1,0,0,8,2,2,48,Highly Suitable
0,1,0,0,1,1,0,0,1,1,1,1,3,0,0,91,Suitable
0,1,0,1,1,1,0,1,1,0,1,5,6,3,0,93,Highly Suitable
1,1,1,1,0,1,0,0,0,1,0,8,5,3,2,58,Highly Suitable
0,1,1,0,1,0,1,1,0,0,0,1,6,5,1,88,Highly Suitable
0,1,0,1,0,1,1,1,1,1,1,1,6,4,1,57,Highly Suitable
0,0,0,0,1,0,1,0,1,1,1,1,3,5,2,98,Highly Suitable
1,0,0,0,1,1,1,0,0,0,1,0,2,1,2,76,Highly Suitable
0,0,0,0,1,1,1,0,1,0,1,2,6,1,2,40,Suitable
1,1,0,1,1,0,0,0,1,0,0,7,2,3,0,25,Highly Suitable
1,1,1,1,0,1,1,0,0,0,1,5,3,3,1,67,Highly Suitable
0,0,1,0,1,0,1,0,1,1,1,2,4,1,1,99,Suitable
0,1,0,1,0,0,1,1,0,0,0,8,8,4,2,41,Highly Suitable
1,1,0,1,1,0,0,1,0,1,0,4,4,1,0,25,Suitable
0,0,0,0,0,1,1,1,0,0,0,5,4,1,1,23,Suitable
0,0,0,0,0,1,0,0,1,0,1,8,8,5,0,25,Suitable
1,1,0,0,1,1,1,1,0,1,1,8,8,5,2,58,Highly Suitable
1,1,0,0,0,0,1,1,0,1,0,4,6,2,1,31,Highly Suitable
1,0,1,1,1,0,1,1,0,0,1,5,0,0,0,75,Suitable
0,0,1,0,0,0,1,0,1,1,0,1,0,4,1,98,Suitable
0,1,0,0,1,1,1,0,0,0,0,6,3,0,1,28,Suitable
0,1,1,0,0,1,1,0,1,1,1,4,2,4,1,35,Highly Suitable
0,1,1,0,1,0,0,1,0,1,0,4,4,3,0,22,Suitable
1,1,1,1,1,0,0,1,1,0,1,2,1,2,0,31,Suitable
1,0,1,0,0,1,1,1,0,0,1,0,3,4,0,92,Highly Suitable
0,1,0,0,1,0,1,1,0,1,1,2,2,1,1,76,Suitable
1,1,0,0,1,1,0,1,0,1,0,4,5,3,1,72,Highly Suitable
0,1,0,0,0,0,0,1,0,0,1,7,5,5,2,98,Highly Suitable
1,1,1,1,1,1,1,1,1,1,1,6,6,3,1,93,Highly Suitable
0,1,0,1,1,0,0,0,1,0,0,1,6,5,1,65,Suitable
0,1,1,0,0,1,1,0,0,0,1,8,3,2,2,25,Highly Suitable
1,0,0,1,1,0,1,1,0,1,0,8,3,3,1,65,Highly Suitable
1,0,0,1,1,0,1,0,0,0,1,5,0,4,1,27,Suitable
1,1,1,0,0,1,1,0,0,1,0,2,0,5,2,91,Highly Suitable
1,0,0,0,0,0,1,1,1,1,0,4,1,4,2,76,Suitable
1,1,1,1,0,1,0,0,0,0,1,0,3,1,2,25,Suitable
0,1,0,0,1,0,1,1,0,1,0,1,6,2,0,59,Suitable
0,0,0,1,1,1,0,1,0,0,1,3,7,0,0,35,Suitable
0,1,1,0,0,1,1,1,1,0,0,3,1,1,0,45,Suitable
0,1,0,1,1,1,1,0,0,0,1,2,1,2,0,95,Highly Suitable
1,0,1,0,0,1,1,0,0,0,1,8,4,4,2,56,Highly Suitable
1,1,0,0,1,0,0,1,1,0,0,3,5,1,0,51,Suitable
1,0,1,1,0,0,0,1,1,1,1,8,2,2,1,53,Highly Suitable
0,1,1,0,0,0,1,1,0,1,0,7,3,0,2,96,Highly Suitable
1,0,1,1,1,0,1,1,1,1,0,1,3,4,2,71,Highly Suitable
1,0,0,1,1,1,1,0,0,0,0,1,4,1,2,65,Highly Suitable
0,0,1,0,1,0,0,0,1,1,1,6,0,2,0,42,Suitable
1,1,1,1,1,0,1,1,0,0,0,5,7,4,0,99,Highly Suitable
0,1,1,0,0,1,0,1,1,0,0,3,6,0,1,38,Suitable
0,0,0,0,0,1,1,1,1,1,1,5,6,5,2,21,Highly Suitable
0,1,1,1,0,1,1,0,0,1,1,5,4,4,0,78,Highly Suitable
0,1,0,0,1,0,0,1,1,1,1,7,2,4,0,35,Highly Suitable
1,1,0,0,1,1,0,0,0,0,1,1,7,5,0,65,Highly Suitable
0,1,1,0,1,0,0,1,1,1,0,2,8,4,2,67,Highly Suitable
0,0,1,1,1,1,1,1,0,1,1,1,8,1,1,23,Highly Suitable
1,0,0,0,1,0,0,1,0,1,0,1,2,0,0,67,Needs Improvement
0,0,1,1,0,1,0,1,1,0,1,0,5,2,2,92,Highly Suitable
0,0,1,0,1,1,0,0,0,1,1,0,2,2,2,94,Suitable
1,1,1,1,1,0,0,0,1,1,1,2,1,1,2,84,Highly Suitable
1,1,0,0,1,0,1,0,1,0,0,3,0,0,2,29,Suitable
0,1,1,1,1,0,0,1,0,1,1,2,1,2,2,74,Highly Suitable
1,1,1,0,1,1,1,0,0,0,0,6,6,1,2,74,Highly Suitable
0,1,1,0,1,1,1,0,1,0,0,8,8,3,1,89,Highly Suitable
0,0,1,1,0,1,0,1,1,1,0,0,3,2,0,20,Needs Improvement
0,1,0,0,1,0,1,0,1,1,1,5,0,0,2,81,Suitable
1,1,1,0,1,0,0,1,0,1,1,1,1,2,1,100,Highly Suitable
0,1,0,0,1,0,0,0,1,0,0,3,0,4,2,49,Suitable
1,0,0,0,1,1,0,1,0,0,0,4,5,0,2,92,Highly Suitable
0,1,0,0,1,1,1,1,0,0,1,0,6,0,1,27,Suitable
1,0,1,0,0,0,0,1,0,0,1,4,0,3,2,22,Needs Improvement
0,0,1,0,0,1,0,0,1,1,0,5,5,1,0,57,Highly Suitable
0,0,0,1,0,1,0,0,1,0,1,5,8,5,0,61,Highly Suitable
0,1,0,0,1,1,1,0,1,1,1,6,8,5,1,76,Highly Suitable
0,0,1,1,1,1,0,0,0,1,1,4,3,0,1,90,Highly Suitable
1,1,1,1,0,0,0,0,1,1,0,4,6,2,2,24,Highly Suitable
0,1,0,0,0,0,1,1,0,0,0,8,8,0,2,48,Highly Suitable
0,0,0,0,1,1,0,1,1,1,1,5,3,5,0,64,Highly Suitable
1,0,0,0,1,0,0,0,1,1,0,6,5,4,2,36,Suitable
1,1,1,0,1,1,0,0,0,0,1,6,4,5,0,59,Highly Suitable
1,1,0,0,0,1,1,1,0,0,1,3,5,2,2,91,Highly Suitable
0,1,0,0,1,1,0,0,0,1,1,7,3,0,0,21,Needs Improvement
1,0,1,1,0,0,1,1,0,1,0,4,4,0,2,22,Highly Suitable
1,1,1,0,0,1,0,0,0,0,0,7,6,5,0,61,Highly Suitable
1,1,1,0,1,0,1,0,1,1,1,6,7,5,0,36,Highly Suitable
1,1,1,0,1,0,0,1,0,1,0,3,8,0,1,78,Highly Suitable
0,0,1,1,0,1,1,0,1,0,1,2,8,4,0,53,Highly Suitable
1,1,1,1,1,0,1,1,0,0,0,1,3,1,2,24,Highly Suitable
1,0,0,1,1,0,1,1,1,1,1,0,4,2,1,41,Suitable
0,1,1,0,1,0,0,1,1,1,0,7,0,0,0,48,Suitable
1,0,1,1,1,0,0,0,0,1,1,0,5,5,2,23,Highly Suitable
1,1,0,0,0,1,0,0,1,0,1,2,0,3,1,50,Needs Improvement
1,1,0,0,1,1,1,1,0,1,1,8,6,0,0,61,Highly Suitable
0,1,1,1,0,1,1,1,0,1,1,2,1,1,1,28,Highly Suitable
1,0,1,0,1,0,1,1,0,1,0,7,2,0,0,75,Highly Suitable
1,1,1,0,0,0,0,1,0,1,0,4,8,0,0,22,Suitable
1,0,1,0,1,1,0,1,0,0,0,5,8,0,2,83,Highly Suitable
0,1,0,1,1,1,0,0,0,0,1,1,5,5,2,28,Highly Suitable
0,0,0,1,1,0,1,1,0,1,1,0,1,4,0,91,Suitable
1,0,0,1,1,0,1,0,0,1,0,4,2,5,2,69,Highly Suitable
0,0,1,0,1,0,0,0,0,0,0,8,7,1,0,25,Suitable
0,0,0,1,1,1,0,1,1,1,1,4,1,0,2,95,Highly Suitable
1,0,0,1,0,1,1,0,0,1,1,4,4,5,0,44,Highly Suitable
0,1,1,1,0,0,1,1,1,1,0,2,8,2,0,53,Highly Suitable
0,1,0,0,1,1,1,0,0,0,0,3,0,2,1,32,Suitable
0,0,0,0,0,1,0,0,1,1,0,8,2,5,0,47,Suitable
0,0,0,0,0,0,0,0,0,1,0,3,3,0,2,28,Not Suitable
0,1,0,0,0,0,1,0,0,1,0,3,5,5,2,73,Suitable
0,1,0,1,1,1,1,0,1,1,1,0,2,2,1,73,Highly Suitable
1,0,0,1,1,1,1,0,0,1,0,2,0,3,1,52,Suitable
0,1,0,0,1,1,1,0,1,0,0,5,6,2,2,68,Highly Suitable
0,1,0,0,1,1,1,1,1,0,1,7,3,5,0,73,Highly Suitable
0,1,1,1,0,0,0,1,1,1,1,1,4,2,2,74,Highly Suitable
1,1,0,1,1,0,0,1,0,1,0,1,4,0,0,41,Suitable
1,1,0,1,1,1,1,0,0,1,0,4,4,1,1,22,Highly Suitable
1,1,0,0,1,1,1,1,1,1,1,8,2,3,2,47,Highly Suitable
0,0,1,0,0,0,1,1,0,1,1,4,6,3,1,47,Suitable
1,0,1,0,1,1,1,0,0,0,0,3,4,1,2,31,Highly Suitable
0,1,1,1,0,0,1,0,1,0,0,6,1,5,0,35,Highly Suitable
1,0,1,0,0,0,0,0,1,1,1,7,8,5,2,56,Highly Suitable
0,0,1,1,0,0,0,0,1,1,0,7,2,3,0,58,Suitable
0,0,1,1,1,1,0,0,0,1,0,5,1,1,0,95,Suitable
0,0,1,1,0,1,0,1,1,0,1,7,1,4,2,87,Highly Suitable
0,1,1,1,0,1,1,1,1,0,1,7,2,3,1,78,Highly Suitable
0,0,0,1,0,0,0,0,1,1,0,2,1,2,1,54,Not Suitable
0,1,0,1,1,0,1,0,1,1,1,1,3,3,1,44,Suitable
0,1,0,1,0,0,1,1,1,1,1,8,4,0,0,56,Highly Suitable
0,0,1,1,1,1,0,0,1,1,1,7,3,4,2,43,Highly Suitable
0,1,0,1,0,1,0,0,1,0,0,8,1,0,0,44,Suitable
0,1,0,0,0,1,0,1,1,1,1,4,4,2,1,44,Suitable
0,1,0,1,1,1,1,1,0,1,1,4,7,2,0,20,Highly Suitable
0,0,0,1,0,1,0,1,0,1,0,8,8,0,0,51,Highly Suitable
0,1,0,1,0,1,1,1,1,0,1,3,7,2,0,42,Highly Suitable
0,1,0,0,1,0,1,1,0,0,0,2,4,3,2,24,Suitable
0,0,0,0,1,0,0,1,1,0,1,4,2,4,0,91,Suitable
1,1,0,1,0,0,0,0,0,0,1,4,1,1,0,100,Suitable
0,0,1,1,1,0,1,0,0,1,1,0,6,2,0,67,Suitable
0,0,0,0,1,0,0,0,1,0,0,0,2,1,0,44,Not Suitable
0,0,0,1,0,1,0,1,0,1,0,2,2,0,2,54,Suitable
0,1,0,0,0,1,0,0,0,0,1,7,8,5,1,42,Highly Suitable
0,1,0,1,0,1,0,1,0,1,1,3,0,5,0,96,Highly Suitable
0,0,1,1,0,0,1,1,0,0,1,1,0,2,2,91,Suitable
0,0,1,1,1,1,0,0,0,0,0,7,3,3,1,38,Highly Suitable
0,1,0,1,0,0,1,1,1,1,1,1,6,3,0,38,Highly Suitable
1,1,0,0,0,0,1,1,0,1,0,3,2,2,2,94,Highly Suitable
0,1,0,0,1,1,1,1,0,0,0,2,2,4,2,64,Highly Suitable
0,1,0,0,1,0,1,1,1,1,0,1,5,3,2,36,Suitable
1,1,0,0,1,0,1,1,0,1,0,4,7,0,1,75,Highly Suitable
1,0,1,0,0,0,1,0,1,0,0,4,5,1,0,89,Highly Suitable
0,0,0,1,1,0,0,0,0,0,0,8,5,5,0,25,Suitable
1,1,1,1,0,0,1,1,0,1,1,6,5,5,2,66,Highly Suitable
1,1,0,1,0,1,1,1,0,0,1,4,5,2,1,97,Highly Suitable
0,0,0,0,1,1,1,1,0,0,0,2,5,5,2,78,Highly Suitable
0,1,1,0,0,1,1,1,0,1,1,8,6,5,1,28,Highly Suitable
0,0,0,0,1,0,1,0,0,0,0,8,4,3,0,51,Needs Improvement
0,1,1,1,1,1,0,1,0,0,0,4,3,1,1,94,Highly Suitable
0,1,1,1,0,1,1,1,1,1,0,4,6,5,1,46,Highly Suitable
0,0,1,0,1,1,1,1,0,1,0,6,5,3,2,70,Highly Suitable
1,1,1,0,1,0,0,1,1,1,1,1,7,0,0,27,Highly Suitable
1,1,1,0,0,1,1,0,0,1,1,3,6,4,0,84,Highly Suitable
0,1,1,0,0,1,1,1,1,1,0,7,3,1,2,51,Highly Suitable
0,0,0,1,1,1,1,0,1,0,1,5,0,1,1,90,Suitable
1,1,1,0,1,0,1,1,1,1,1,0,8,5,1,77,Highly Suitable
1,1,0,0,1,0,0,1,0,1,1,2,2,3,0,99,Highly Suitable
0,0,1,0,1,1,1,1,1,1,0,0,6,5,0,82,Highly Suitable
1,1,0,0,1,1,1,1,0,1,1,6,6,2,2,80,Highly Suitable
0,1,1,0,0,0,1,0,0,0,1,4,5,5,1,42,Suitable
1,0,1,1,1,0,1,0,1,0,0,5,7,4,0,91,Highly Suitable
0,0,1,0,0,0,0,1,1,1,1,0,5,1,0,25,Needs Improvement
1,0,0,1,0,1,1,0,1,1,1,1,1,0,0,21,Suitable
1,1,1,0,0,1,0,1,1,0,1,1,6,3,2,32,Highly Suitable
0,1,0,1,1,1,0,1,0,0,1,8,0,4,2,20,Highly Suitable
1,1,1,1,1,0,0,1,0,1,0,3,8,4,2,38,Highly Suitable
0,1,1,1,1,1,0,1,1,0,0,1,5,1,1,29,Suitable
1,1,0,1,1,1,1,0,1,0,0,5,1,1,2,30,Highly Suitable
0,1,1,0,0,1,0,0,0,1,1,8,3,3,2,62,Highly Suitable
0,0,0,1,0,0,1,0,0,1,0,2,3,5,1,71,Needs Improvement
0,0,1,0,0,1,1,0,0,0,1,7,4,4,0,28,Suitable
1,0,1,0,1,0,1,0,0,1,1,6,4,5,1,49,Highly Suitable
0,1,1,0,1,0,0,1,0,1,1,4,4,1,2,61,Highly Suitable
0,1,1,1,0,1,0,1,1,0,0,6,0,3,2,30,Suitable
0,0,0,0,0,0,0,0,0,1,1,2,6,4,1,76,Needs Improvement
0,0,1,0,0,1,0,0,1,0,0,6,2,4,2,98,Highly Suitable
0,1,0,1,1,0,0,1,0,0,0,1,4,1,2,68,Suitable
1,1,0,0,1,1,1,1,1,1,0,3,0,0,2,82,Highly Suitable
1,0,0,1,1,1,1,1,0,1,0,8,8,1,1,77,Highly Suitable
1,1,1,1,1,0,0,1,1,1,0,1,0,4,1,49,Highly Suitable
0,1,1,1,1,0,0,0,1,0,0,7,5,5,0,93,Highly Suitable
1,1,1,1,0,0,1,0,1,0,0,6,5,2,2,87,Highly Suitable
1,0,0,0,1,0,1,0,1,1,0,6,7,4,0,52,Highly Suitable
0,1,1,1,1,0,0,1,0,1,0,4,8,0,2,77,Highly Suitable
1,0,0,0,0,0,1,1,1,1,1,6,1,4,1,30,Suitable
1,1,0,1,0,1,1,1,0,0,1,6,6,1,0,72,Highly Suitable
1,1,0,0,0,1,1,1,1,0,1,7,8,3,1,70,Highly Suitable
0,1,0,0,0,0,0,0,1,1,1,1,5,2,1,98,Suitable
1,1,0,1,0,1,0,0,1,1,0,8,0,4,0,48,Highly Suitable
0,0,1,1,0,0,0,0,0,1,1,3,2,3,0,36,Needs Improvement
0,1,1,0,0,1,0,1,1,1,0,8,5,0,0,54,Highly Suitable
1,1,0,1,0,0,1,0,0,1,0,7,8,3,0,31,Highly Suitable
0,0,0,1,1,0,0,1,0,0,1,8,8,5,2,79,Highly Suitable
0,1,1,0,1,1,0,0,1,1,1,2,8,3,1,79,Highly Suitable
1,1,1,0,1,1,0,1,1,0,0,4,1,1,2,45,Highly Suitable
0,0,0,1,1,0,0,1,1,1,0,2,0,4,1,37,Needs Improvement
0,1,0,0,0,1,1,1,1,1,0,6,1,1,0,60,Suitable
1,0,0,0,0,1,0,1,1,1,0,1,2,1,1,71,Needs Improvement
1,1,0,1,1,0,0,0,1,1,1,4,5,3,2,73,Highly Suitable
0,0,1,0,1,0,0,0,1,1,1,5,3,4,2,36,Suitable
1,1,0,1,0,0,1,0,1,1,0,1,7,4,0,84,Highly Suitable
1,1,0,1,0,1,0,0,0,1,1,0,8,5,1,28,Highly Suitable
1,1,0,1,1,0,0,0,0,0,1,7,1,4,1,25,Highly Suitable
1,1,1,0,0,0,1,0,1,0,1,6,3,4,0,26,Highly Suitable
1,1,0,0,1,0,1,1,0,0,0,4,7,0,0,38,Highly Suitable
0,1,1,0,0,1,1,0,0,1,0,0,1,1,1,38,Needs Improvement
1,1,1,0,0,0,1,0,0,0,0,3,1,4,1,86,Highly Suitable
1,0,1,0,0,1,0,1,0,1,1,7,8,4,2,87,Highly Suitable
1,1,0,1,0,0,0,0,1,0,0,2,8,4,0,48,Highly Suitable
0,1,1,1,0,0,1,0,1,1,1,4,0,2,2,58,Highly Suitable
1,1,0,0,1,0,0,1,0,1,0,2,4,4,2,35,Suitable
0,0,1,0,1,1,1,1,1,0,1,0,0,2,1,58,Suitable
1,1,0,1,1,0,1,0,1,0,0,6,5,1,1,38,Highly Suitable
1,1,1,0,0,0,1,1,0,1,0,6,2,0,0,94,Highly Suitable
0,1,1,0,1,0,0,1,0,1,0,8,7,0,1,53,Highly Suitable
0,0,1,1,1,1,0,1,0,1,1,2,4,3,0,20,Suitable
0,0,0,1,1,1,1,0,1,0,1,1,5,4,1,97,Highly Suitable
1,0,0,1,1,0,1,0,1,0,0,5,0,0,2,32,Suitable
0,1,0,1,0,0,1,1,1,0,1,7,7,2,2,47,Highly Suitable
0,1,1,1,0,1,1,0,0,0,0,6,7,0,0,95,Highly Suitable
1,0,1,0,1,1,1,0,1,0,0,0,7,2,2,64,Highly Suitable
1,0,1,1,1,0,0,0,0,0,0,2,0,3,1,71,Suitable
0,1,1,1,0,0,1,0,1,0,0,2,8,5,2,42,Highly Suitable
1,0,0,0,1,1,0,0,0,0,1,1,2,1,2,75,Suitable
0,1,1,0,0,1,1,0,1,0,1,8,1,1,0,22,Highly Suitable
0,0,1,0,1,0,0,0,0,0,0,3,0,3,0,87,Needs Improvement
0,0,0,0,0,0,1,0,1,1,0,1,0,0,0,76,Needs Improvement
1,1,0,0,1,0,0,0,0,1,0,5,8,0,2,67,Highly Suitable
0,0,0,1,0,1,0,0,0,1,0,1,1,1,2,78,Needs Improvement
0,0,1,1,0,0,0,1,0,0,1,1,4,4,0,83,Needs Improvement
0,0,1,1,0,1,0,1,1,0,1,5,6,0,0,92,Highly Suitable
0,1,0,1,0,0,1,1,0,1,0,4,7,4,2,27,Highly Suitable
0,0,0,1,1,1,0,0,1,0,1,6,3,5,1,54,Suitable
1,1,0,0,1,1,1,1,0,1,0,7,7,2,1,74,Highly Suitable
0,1,0,0,1,0,0,1,0,0,0,0,7,1,2,64,Needs Improvement
1,0,0,1,1,0,0,1,1,0,1,0,0,4,1,51,Suitable
1,1,1,0,1,1,0,1,1,1,0,4,4,3,2,97,Highly Suitable
1,1,0,1,0,1,0,0,0,0,0,4,4,0,1,63,Suitable
0,1,1,1,1,0,0,1,1,0,1,0,0,0,0,33,Needs Improvement
0,1,1,0,1,1,0,0,0,0,1,7,2,2,2,58,Highly Suitable
0,0,1,0,1,0,1,1,1,1,0,5,0,3,2,92,Highly Suitable
0,1,1,0,1,0,1,1,0,1,0,4,1,4,0,42,Suitable
0,1,0,1,1,0,0,1,1,0,0,0,5,1,0,27,Needs Improvement
0,1,0,1,1,1,0,1,1,1,0,2,3,0,0,77,Suitable
1,1,0,1,1,1,0,0,1,0,1,0,0,3,1,91,Highly Suitable
0,0,1,0,0,0,0,0,0,0,1,2,6,1,0,81,Needs Improvement
1,1,1,1,1,0,1,1,0,1,0,0,6,4,1,51,Highly Suitable
1,1,1,0,0,0,1,0,0,0,0,7,8,1,0,49,Highly Suitable
1,0,0,0,1,1,0,1,1,1,0,8,8,1,1,68,Highly Suitable
1,0,1,0,0,1,1,0,1,1,1,3,1,5,1,88,Highly Suitable
1,1,0,0,1,1,1,0,1,0,0,8,8,2,2,60,Highly Suitable
0,0,1,1,0,1,1,1,1,0,1,7,0,1,2,84,Highly Suitable
1,0,0,0,0,1,0,1,1,1,0,7,0,0,0,36,Suitable
0,1,0,0,1,1,1,0,0,1,1,7,6,0,0,48,Highly Suitable
0,1,0,1,1,0,0,0,1,1,0,8,2,3,1,37,Suitable
1,0,0,1,1,1,1,1,1,1,1,8,4,0,1,43,Highly Suitable
0,0,0,1,1,1,0,1,1,1,1,7,1,1,0,40,Suitable
1,1,1,0,1,1,1,0,0,0,0,1,3,4,1,87,Highly Suitable
0,0,0,1,1,1,0,0,0,1,0,1,3,2,0,49,Needs Improvement
1,1,1,1,0,1,0,1,1,1,1,4,7,1,0,57,Highly Suitable
1,0,1,1,1,1,1,1,0,1,1,0,4,0,2,42,Highly Suitable
0,1,1,0,1,0,1,1,1,1,0,8,3,4,1,47,Highly Suitable
1,1,0,0,1,0,1,1,1,1,0,2,0,0,1,49,Suitable
1,0,0,1,0,1,0,0,1,1,1,7,5,1,0,99,Highly Suitable
0,0,1,1,0,1,1,0,1,0,1,6,4,5,0,28,Highly Suitable
0,0,1,1,1,0,0,1,0,1,0,8,4,3,0,85,Highly Suitable
0,1,0,1,0,1,0,0,1,0,0,2,6,0,1,51,Suitable
0,1,1,1,1,1,0,0,1,1,0,4,0,5,0,29,Highly Suitable
1,1,0,1,0,1,1,0,1,0,0,7,7,0,0,66,Highly Suitable
0,1,0,0,0,0,0,0,0,0,1,4,0,0,1,52,Not Suitable
0,1,0,1,0,0,0,1,1,0,0,5,6,3,0,95,Highly Suitable
1,0,1,1,0,0,0,1,1,1,0,8,3,5,0,48,Highly Suitable
0,0,1,0,0,0,0,0,1,1,1,1,7,5,1,87,Suitable
1,1,0,1,0,0,0,0,0,1,0,4,1,1,2,75,Suitable
1,1,1,0,0,0,0,0,0,1,1,8,0,0,2,42,Highly Suitable
0,1,1,1,1,0,1,1,1,1,1,4,4,5,1,38,Highly Suitable
1,0,1,0,1,0,0,0,0,1,0,3,7,5,1,67,Highly Suitable
0,1,1,0,0,0,0,0,1,1,0,1,2,3,1,64,Suitable
1,1,1,1,0,1,1,0,1,0,1,1,8,1,0,48,Highly Suitable
1,1,0,1,1,0,0,0,1,1,0,0,3,5,1,30,Suitable
0,1,0,0,0,0,0,0,0,1,0,8,2,1,2,75,Suitable
1,1,1,1,0,0,1,0,1,1,1,3,8,3,1,74,Highly Suitable
0,0,1,0,0,0,0,1,0,0,1,0,3,1,1,67,Not Suitable
0,1,1,1,0,0,0,0,0,0,1,5,3,1,0,50,Suitable
1,0,0,1,1,1,0,0,1,0,1,4,4,3,1,97,Highly Suitable
0,1,1,1,0,1,0,0,0,0,1,7,0,1,0,40,Suitable
0,0,1,0,0,0,1,1,0,0,0,5,3,4,2,87,Highly Suitable
0,0,0,0,1,1,0,0,0,1,0,6,0,0,0,99,Suitable
0,0,0,0,0,0,0,0,1,0,0,6,0,5,2,82,Suitable
1,1,0,1,0,0,1,1,1,1,0,1,0,0,2,59,Suitable
0,0,1,0,0,0,1,1,0,0,1,1,4,3,2,42,Suitable
1,0,1,1,0,0,0,0,1,1,0,4,4,2,2,48,Suitable
1,1,0,1,0,0,1,0,1,1,1,3,0,3,0,79,Highly Suitable
0,1,1,1,1,0,1,0,0,1,0,1,3,4,2,91,Highly Suitable
0,0,0,1,1,0,0,0,0,1,1,2,3,2,0,36,Needs Improvement
1,0,0,1,1,0,0,0,1,1,0,3,0,2,1,69,Suitable
1,1,1,0,1,0,0,1,0,1,1,3,4,1,0,23,Highly Suitable
1,0,0,0,0,0,1,1,1,1,1,8,0,1,1,91,Highly Suitable
1,1,0,0,1,1,1,0,0,1,1,6,8,2,2,94,Highly Suitable
1,1,1,1,0,1,1,0,0,0,1,7,4,3,2,55,Highly Suitable
0,1,1,1,1,1,0,1,1,1,0,0,0,0,0,82,Suitable
0,1,0,0,0,1,0,1,0,0,1,6,5,1,1,40,Suitable
1,0,1,1,0,1,1,1,0,0,0,2,0,1,0,54,Suitable
0,0,1,1,0,0,0,0,0,1,0,2,3,4,2,59,Needs Improvement
1,1,1,0,1,0,1,0,0,0,1,3,1,4,2,66,Highly Suitable
1,0,1,1,1,1,1,1,0,0,1,5,1,3,1,30,Highly Suitable
1,1,1,1,0,1,0,1,0,0,1,1,5,1,0,91,Highly Suitable
1,1,0,0,0,1,1,1,0,1,0,5,7,3,0,46,Highly Suitable
0,0,0,1,1,0,0,1,0,1,0,0,3,3,1,27,Not Suitable
0,1,0,1,0,1,0,1,1,0,0,1,6,4,2,76,Highly Suitable
0,1,0,1,1,1,0,0,1,1,0,1,4,4,0,55,Suitable
0,1,0,1,0,0,1,0,1,0,0,5,5,2,1,58,Suitable
1,1,0,0,1,1,0,0,1,0,1,0,1,5,1,30,Suitable
0,0,0,0,0,1,0,1,1,0,0,4,3,1,0,69,Needs Improvement
1,1,1,0,1,1,1,1,0,1,0,8,6,4,0,61,Highly Suitable
0,1,1,1,1,0,1,1,0,1,0,6,0,5,2,89,Highly Suitable
0,1,1,0,1,0,0,0,0,1,1,1,4,3,0,72,Suitable
1,1,1,0,0,0,0,0,1,1,1,4,7,0,2,59,Highly Suitable
1,0,0,1,1,1,0,0,1,1,1,2,5,3,2,64,Highly Suitable
0,1,0,1,0,0,0,1,0,1,0,2,8,5,1,83,Highly Suitable
1,1,1,0,0,1,0,1,0,1,1,6,3,2,2,90,Highly Suitable
0,0,1,0,0,1,0,1,0,0,0,1,2,4,0,64,Needs Improvement
1,0,0,1,0,1,0,0,0,1,1,6,0,3,2,28,Highly Suitable
0,1,0,0,0,1,0,0,0,0,0,1,4,1,0,30,Not Suitable
1,1,1,1,0,1,0,0,0,0,1,0,5,1,2,63,Highly Suitable
0,0,1,1,0,0,0,1,1,0,0,0,7,2,2,30,Needs Improvement
1,1,1,0,1,0,0,0,0,0,0,8,8,3,0,73,Highly Suitable
0,0,0,1,0,0,0,1,0,0,0,6,8,0,1,50,Needs Improvement
0,1,1,0,1,1,0,0,0,1,1,5,0,5,1,74,Highly Suitable
1,0,1,0,0,0,1,1,0,1,0,7,2,3,1,60,Highly Suitable
1,1,0,0,1,0,0,1,0,1,0,1,8,2,2,43,Highly Suitable
0,0,0,1,1,0,0,1,1,1,1,1,6,3,0,34,Suitable
1,1,0,0,0,0,0,0,1,0,1,8,6,3,1,65,Highly Suitable
0,1,1,1,0,0,0,1,0,0,1,5,1,3,1,83,Highly Suitable
0,1,0,1,0,1,0,1,0,1,0,1,2,0,2,66,Needs Improvement
0,0,0,0,0,1,1,0,0,0,0,0,3,2,2,23,Needs Improvement
1,0,0,0,0,0,1,1,0,1,1,6,3,4,2,58,Highly Suitable
0,1,1,1,0,1,1,0,0,0,0,3,7,1,1,45,Highly Suitable
1,1,0,0,1,0,0,1,1,0,0,6,8,1,1,28,Highly Suitable
1,1,1,1,1,1,1,0,0,0,0,2,6,3,2,97,Highly Suitable
1,0,1,1,1,0,1,0,0,1,1,2,1,5,1,64,Highly Suitable
1,1,1,1,1,0,0,1,1,1,1,2,7,1,1,52,Highly Suitable
0,0,0,1,0,0,0,0,0,0,0,4,3,4,1,33,Needs Improvement
0,0,0,0,0,1,0,1,0,0,0,4,0,0,1,81,Needs Improvement
0,0,0,0,1,1,0,0,0,1,1,0,2,2,2,28,Not Suitable
1,0,1,1,1,1,1,0,1,1,1,7,3,0,2,79,Highly Suitable
0,1,0,0,0,1,0,0,1,1,1,4,2,4,1,51,Suitable
1,1,1,0,1,1,0,0,0,0,0,5,4,5,2,43,Highly Suitable
1,1,1,1,1,1,1,0,0,0,0,8,1,5,1,69,Highly Suitable
0,1,0,0,0,0,0,1,1,0,1,6,7,2,0,80,Suitable
1,0,0,1,1,0,1,0,1,0,1,2,7,3,2,33,Suitable
1,0,1,1,0,1,0,1,0,0,0,0,4,0,1,51,Needs Improvement
0,0,1,0,0,1,0,0,0,0,0,7,3,3,1,31,Suitable
1,1,0,1,1,1,0,1,0,1,1,7,1,2,0,75,Highly Suitable
0,1,1,1,0,0,1,0,0,0,0,7,1,5,2,37,Highly Suitable
1,0,1,0,1,0,1,0,0,1,1,3,4,4,2,39,Highly Suitable
1,0,1,1,1,0,1,1,0,1,1,8,5,5,0,36,Highly Suitable
1,0,0,1,1,0,1,0,0,1,1,8,7,3,0,66,Highly Suitable
0,1,0,0,1,0,0,0,1,0,1,8,6,2,0,35,Suitable
0,0,0,1,0,0,0,0,0,1,1,5,6,5,1,44,Highly Suitable
0,1,1,1,0,0,1,1,0,1,1,7,7,1,0,31,Highly Suitable
0,0,1,0,1,1,0,1,0,1,0,6,2,5,1,71,Highly Suitable
1,1,1,1,0,1,1,1,0,0,0,0,6,3,1,25,Highly Suitable
1,0,1,1,0,0,1,1,0,0,0,4,8,0,1,90,Highly Suitable
0,1,1,1,0,0,1,0,0,1,0,3,7,2,0,62,Highly Suitable
1,0,0,0,1,0,0,1,1,1,0,4,0,3,2,86,Suitable
1,1,1,1,1,0,0,0,0,1,0,0,5,3,1,25,Suitable
1,1,1,0,1,1,1,1,0,1,0,8,7,5,1,32,Highly Suitable
1,0,1,1,1,1,1,1,1,0,0,1,4,4,0,92,Highly Suitable
1,0,1,0,1,0,1,1,1,1,0,1,6,0,0,42,Suitable
0,1,1,1,1,0,1,1,0,1,0,4,1,3,2,28,Highly Suitable
0,1,1,1,0,1,1,0,0,0,0,6,8,3,1,81,Highly Suitable
0,0,0,1,1,1,0,1,1,1,1,1,8,3,2,57,Highly Suitable
0,0,1,0,0,1,0,0,1,1,1,1,4,1,1,24,Suitable
0,0,0,0,0,0,1,1,0,1,0,2,4,0,0,74,Needs Improvement
1,0,0,1,1,1,1,0,0,0,1,4,1,0,0,35,Highly Suitable
0,0,0,1,0,0,1,0,1,1,1,2,7,5,1,31,Highly Suitable
1,0,0,1,1,0,1,1,1,1,0,0,4,4,2,61,Highly Suitable
1,0,1,0,1,1,1,1,0,0,1,2,8,0,0,36,Suitable
0,0,1,1,1,0,1,1,0,0,1,5,4,4,1,92,Highly Suitable
1,1,0,1,1,1,0,0,1,1,0,8,4,2,0,38,Highly Suitable
0,0,0,1,0,1,0,0,1,1,0,3,6,0,1,33,Needs Improvement
0,0,1,1,0,0,0,0,1,1,0,0,7,3,2,61,Suitable
0,1,1,1,1,0,0,1,1,1,1,6,1,5,1,63,Highly Suitable
1,0,1,0,0,1,0,1,1,0,0,2,6,3,0,63,Suitable
0,0,0,1,0,0,1,0,0,0,0,2,4,3,1,81,Suitable
1,1,0,1,1,0,0,0,0,0,1,2,6,3,0,42,Suitable
1,1,0,1,1,0,0,1,0,1,0,7,1,5,0,26,Highly Suitable
1,1,0,1,0,0,1,1,0,1,1,7,5,0,1,46,Highly Suitable
1,0,0,1,0,1,0,1,0,0,1,2,5,3,1,32,Highly Suitable
1,1,0,1,1,0,0,0,1,1,0,6,6,2,0,55,Highly Suitable
0,1,0,1,0,1,1,0,0,0,0,2,2,2,0,31,Suitable
1,0,1,1,0,1,1,0,0,1,1,2,1,0,1,36,Suitable
0,1,0,1,0,1,0,1,0,1,1,1,3,0,0,50,Suitable
1,1,0,1,1,0,0,0,0,1,1,6,7,2,1,51,Highly Suitable
1,0,1,1,0,0,1,1,0,1,0,6,0,1,0,39,Suitable
0,1,1,0,0,0,1,1,1,0,0,2,7,5,1,33,Highly Suitable
1,1,1,0,0,1,1,0,0,1,0,2,0,3,1,55,Suitable
0,1,1,0,1,0,0,1,1,0,0,2,1,5,1,75,Suitable
1,0,0,0,1,1,0,0,1,0,0,5,1,4,1,79,Highly Suitable
1,0,0,0,1,1,0,0,0,0,0,6,4,4,0,48,Suitable
1,0,1,1,1,0,0,0,1,1,1,4,5,1,2,44,Highly Suitable
1,0,1,1,1,0,0,1,1,0,1,4,8,2,0,64,Highly Suitable
1,1,1,1,0,1,0,1,1,0,1,5,5,4,2,63,Highly Suitable
0,0,0,1,1,1,1,1,1,1,0,1,1,0,0,26,Suitable
0,0,0,0,0,1,0,1,1,0,1,1,7,1,2,32,Suitable
0,0,0,0,0,0,1,1,0,0,0,0,7,2,2,89,Suitable
1,0,0,1,1,1,0,1,0,0,0,8,6,3,1,62,Highly Suitable
0,1,0,0,1,0,0,0,0,0,1,4,6,4,1,54,Highly Suitable
1,1,1,0,0,1,1,1,0,1,0,2,5,3,2,31,Highly Suitable
0,0,1,1,0,1,0,1,0,0,0,0,6,3,0,77,Suitable
1,0,1,0,0,0,0,0,1,0,1,5,8,4,0,36,Suitable
1,0,1,1,0,0,1,1,1,1,0,4,0,2,0,89,Highly Suitable
1,1,1,1,0,0,1,0,1,1,1,2,8,0,0,72,Highly Suitable
0,1,1,1,0,0,0,0,1,1,0,2,3,5,2,54,Highly Suitable
1,0,0,1,0,1,0,1,0,1,0,6,4,2,0,54,Highly Suitable
1,1,1,1,1,1,0,0,1,0,0,3,2,0,1,96,Highly Suitable
1,1,0,1,1,1,0,1,0,0,0,5,5,1,1,23,Suitable
0,0,1,0,1,1,0,0,1,1,0,3,3,1,0,63,Suitable
0,1,0,0,0,0,1,1,1,1,0,6,0,2,2,99,Highly Suitable
0,0,1,0,0,1,1,0,1,0,1,7,1,4,2,86,Highly Suitable
1,1,0,0,0,0,1,0,1,1,0,0,7,2,1,90,Highly Suitable
0,1,1,1,0,0,1,0,0,1,1,4,1,3,1,61,Highly Suitable
0,0,0,1,0,1,0,1,0,1,0,8,5,3,0,50,Suitable
0,0,0,1,1,0,0,0,0,1,0,4,7,0,2,94,Suitable
0,1,0,0,0,1,1,1,1,0,0,0,3,2,2,41,Suitable
0,1,1,0,0,0,0,1,0,0,0,0,7,4,0,100,Suitable
0,1,1,0,1,1,0,0,1,1,0,2,3,1,0,73,Suitable
0,0,0,1,1,0,0,0,1,0,0,1,5,1,0,85,Needs Improvement
1,0,0,1,1,0,1,1,0,0,0,3,2,1,1,67,Suitable
0,0,0,0,1,1,0,1,0,0,1,2,7,3,1,75,Suitable
1,0,1,1,0,0,1,0,1,0,1,0,2,0,1,43,Needs Improvement
0,1,0,0,1,0,0,1,1,1,1,8,2,0,0,93,Highly Suitable
0,0,1,1,1,0,1,0,1,1,1,3,7,0,2,39,Highly Suitable
1,0,0,0,0,0,1,1,1,0,1,3,4,1,1,28,Suitable
0,0,0,1,0,0,0,1,1,1,0,4,8,4,2,51,Suitable
1,0,0,0,0,1,0,0,1,0,0,2,1,5,0,69,Needs Improvement
0,0,1,0,0,0,1,1,1,1,1,7,8,0,0,56,Highly Suitable
0,0,1,0,0,1,0,1,1,1,1,0,8,2,1,58,Suitable
0,1,1,0,1,1,1,1,1,1,0,2,2,5,1,70,Highly Suitable
1,0,0,0,1,1,0,0,0,1,0,4,3,0,2,39,Suitable
0,0,1,0,1,0,0,1,0,0,1,3,8,0,0,28,Suitable
1,0,0,0,1,1,0,1,0,1,1,7,3,4,0,44,Suitable
1,1,0,0,1,1,0,1,0,1,0,1,0,5,2,65,Highly Suitable
1,0,1,1,1,1,1,1,0,0,1,4,2,5,0,100,Highly Suitable
0,1,1,1,1,0,0,0,1,0,1,8,8,5,2,26,Highly Suitable
1,1,0,1,0,0,0,0,1,1,1,7,1,1,2,54,Highly Suitable
1,0,0,1,0,0,0,0,1,0,1,3,6,3,0,26,Suitable
0,1,0,1,1,1,0,1,1,1,1,0,7,0,1,38,Suitable
0,1,0,1,1,1,1,1,1,1,1,8,1,0,0,20,Highly Suitable
1,1,1,1,1,0,0,1,0,1,1,3,3,4,1,40,Highly Suitable
0,1,1,0,0,1,0,1,0,0,1,4,8,1,0,39,Highly Suitable
0,0,1,0,0,1,0,1,0,0,1,8,3,4,0,94,Highly Suitable
1,0,1,1,1,0,0,1,0,0,1,0,5,4,2,79,Suitable
1,0,0,0,1,0,0,0,0,1,0,5,0,4,1,37,Needs Improvement
0,1,1,0,1,0,0,0,0,0,1,8,7,1,2,49,Highly Suitable
0,1,0,1,0,1,0,1,1,0,1,5,6,3,1,71,Highly Suitable
0,0,1,0,0,0,1,0,1,1,1,0,4,4,1,27,Needs Improvement
0,0,1,0,0,1,1,1,1,0,0,7,7,4,2,50,Highly Suitable
0,1,1,0,0,0,0,0,1,1,0,4,1,4,0,83,Highly Suitable
1,0,1,1,1,0,0,0,0,0,1,1,3,3,0,43,Suitable
1,1,1,0,0,0,0,0,0,0,0,3,8,4,1,98,Highly Suitable
0,1,1,0,1,0,1,0,1,1,0,4,1,3,2,63,Highly Suitable
1,1,0,1,0,0,1,0,1,0,1,3,4,3,1,92,Highly Suitable
0,0,0,0,1,0,1,1,1,1,0,3,0,3,2,41,Suitable
1,1,1,0,0,1,0,1,0,1,0,2,7,0,1,43,Suitable
1,0,1,0,0,1,0,1,0,1,0,6,8,0,0,90,Highly Suitable
1,0,1,0,0,1,0,1,1,0,0,5,7,5,2,47,Highly Suitable
1,0,0,0,0,1,1,1,0,1,1,4,0,0,1,78,Highly Suitable
1,1,0,0,1,0,0,1,0,0,0,7,4,3,1,63,Highly Suitable
1,1,0,0,0,0,0,1,1,1,0,3,2,0,1,37,Needs Improvement
1,0,0,1,1,0,1,0,1,1,0,1,3,3,1,37,Suitable
1,0,0,0,0,0,1,1,1,0,0,3,2,3,2,58,Suitable
1,1,0,0,0,0,0,0,0,1,1,5,8,1,2,65,Highly Suitable
0,1,1,0,0,0,1,1,0,1,0,2,4,4,0,83,Suitable
0,1,0,0,1,1,0,0,1,1,1,4,7,2,0,48,Highly Suitable
0,1,0,1,1,0,1,1,1,0,1,8,0,0,0,23,Suitable
0,0,0,1,0,1,1,1,1,1,1,4,0,4,2,91,Highly Suitable
1,0,0,1,0,0,0,0,1,0,0,8,4,4,0,95,Highly Suitable
0,1,1,0,0,1,0,1,0,0,0,1,5,3,0,57,Suitable
1,1,0,1,0,0,0,1,1,1,1,3,2,5,2,96,Highly Suitable
1,1,1,1,0,0,1,0,1,1,1,1,3,4,0,80,Highly Suitable
1,1,0,0,1,0,0,0,0,0,0,2,3,5,2,77,Suitable
0,0,0,1,0,0,1,0,0,1,0,0,6,0,0,87,Needs Improvement
0,0,1,1,1,1,1,0,0,0,1,3,7,3,0,71,Highly Suitable
0,0,1,1,1,0,0,0,1,0,1,1,7,5,1,43,Suitable
0,1,0,0,0,0,1,1,1,1,0,7,5,5,0,83,Highly Suitable
0,1,0,0,0,0,0,1,0,1,1,1,1,3,2,36,Needs Improvement
1,0,0,0,0,0,1,1,0,0,1,5,7,0,1,87,Highly Suitable
1,0,0,0,0,0,0,0,1,1,1,0,5,3,1,56,Suitable
1,0,0,0,1,0,1,1,1,1,0,7,2,1,0,87,Highly Suitable
0,0,1,0,1,0,0,0,1,1,1,2,0,5,1,41,Needs Improvement
1,0,0,1,1,0,0,1,0,1,0,5,6,1,2,53,Highly Suitable
1,1,0,0,1,0,1,0,0,1,0,6,2,3,0,59,Highly Suitable
1,0,0,1,0,0,1,1,1,1,0,1,3,5,1,82,Highly Suitable
1,1,1,1,1,0,1,0,1,1,1,1,0,3,0,78,Highly Suitable
0,1,1,1,0,0,1,1,1,0,0,3,1,2,1,57,Suitable
0,0,0,1,1,1,1,1,1,1,1,8,1,5,0,58,Highly Suitable
1,1,1,1,1,0,0,1,1,1,0,7,8,3,0,43,Highly Suitable
1,1,1,1,1,1,1,0,1,1,0,6,2,2,0,97,Highly Suitable
0,1,1,1,1,0,0,1,0,0,1,2,4,5,2,21,Suitable
1,1,1,0,0,0,1,0,0,1,1,2,6,1,2,33,Highly Suitable
0,0,1,0,0,1,1,0,1,0,0,0,1,0,2,23,Needs Improvement
1,1,0,1,1,0,0,1,1,1,1,1,1,2,1,88,Highly Suitable
1,0,1,0,0,0,0,0,1,0,0,2,4,0,2,81,Suitable
1,1,1,0,1,1,1,1,0,0,0,7,3,1,0,25,Highly Suitable
1,1,1,0,0,0,0,1,1,1,0,5,3,1,2,72,Highly Suitable
0,1,1,0,0,1,1,1,0,0,1,2,0,4,2,45,Suitable
0,1,0,0,0,1,1,1,1,1,1,0,0,2,1,65,Suitable
1,0,0,0,0,1,0,0,1,0,0,6,3,4,1,29,Needs Improvement
0,0,0,0,0,1,0,1,0,1,0,0,5,3,0,85,Suitable
1,0,1,0,1,0,1,0,1,1,1,4,6,4,0,66,Highly Suitable
0,0,0,0,0,1,1,1,1,0,0,3,5,3,0,54,Needs Improvement
1,0,1,1,0,0,0,1,1,1,1,8,7,5,2,69,Highly Suitable
0,1,1,1,0,1,1,1,1,0,0,6,3,5,2,100,Highly Suitable
1,1,1,0,0,0,1,0,0,1,0,6,4,0,2,20,Suitable
0,0,1,0,1,1,1,0,0,1,0,6,2,5,1,51,Highly Suitable
0,1,1,0,1,1,0,1,0,1,0,1,7,5,2,98,Highly Suitable
1,0,0,0,1,1,0,1,0,0,0,2,3,3,1,50,Suitable
1,1,0,0,1,0,0,0,0,0,0,2,7,1,0,34,Suitable
0,0,1,1,0,0,0,1,0,0,1,0,5,4,1,51,Needs Improvement
1,1,0,0,0,1,1,0,1,0,1,6,3,4,0,77,Highly Suitable
0,1,1,0,0,0,0,0,0,0,0,3,7,0,2,72,Needs Improvement
0,0,1,0,1,0,0,1,0,0,0,3,3,4,0,90,Suitable
1,1,1,1,1,0,1,0,0,1,1,2,5,0,1,78,Highly Suitable
0,0,0,0,1,0,0,0,0,0,1,6,4,2,0,97,Needs Improvement
0,1,0,0,1,0,0,0,1,1,0,0,1,1,2,29,Needs Improvement
1,0,1,1,1,0,0,0,0,1,1,1,3,2,1,91,Suitable
1,0,1,1,1,0,0,0,1,1,1,2,6,3,0,47,Highly Suitable
0,1,1,1,0,1,1,0,1,1,1,0,7,1,2,58,Highly Suitable
0,0,0,0,0,1,0,0,1,1,0,4,2,5,2,23,Needs Improvement
1,1,0,1,0,1,0,1,1,1,1,5,2,4,2,89,Highly Suitable
1,0,0,0,1,0,0,0,1,1,0,5,1,0,0,32,Needs Improvement
1,0,0,1,0,1,1,1,0,1,0,6,7,2,0,21,Highly Suitable
0,1,1,0,1,1,0,0,1,1,0,4,7,2,0,61,Highly Suitable
0,1,1,1,1,1,0,1,1,1,1,3,1,3,0,46,Highly Suitable
1,1,1,0,1,0,1,0,1,0,0,8,0,5,2,87,Highly Suitable
0,0,1,0,0,0,1,0,0,0,0,8,0,2,0,73,Suitable
0,1,0,1,0,1,1,1,0,1,1,0,6,0,1,28,Suitable
0,0,0,1,0,1,0,1,1,1,1,4,2,1,0,49,Suitable
1,1,1,1,0,0,1,1,1,1,1,1,1,3,0,57,Highly Suitable
1,1,0,1,0,1,0,1,1,0,0,1,3,1,0,87,Suitable
1,1,0,1,0,1,1,0,0,0,1,2,6,0,1,68,Highly Suitable
1,0,1,1,0,1,1,0,0,1,1,4,5,0,2,37,Highly Suitable
0,1,0,1,0,0,0,1,1,1,1,2,4,4,2,51,Suitable
1,1,1,1,1,0,0,0,1,1,0,3,4,2,2,43,Highly Suitable
0,1,0,1,1,1,1,1,1,0,0,4,7,3,2,24,Highly Suitable
0,1,1,1,1,0,0,0,1,1,1,3,6,3,2,74,Highly Suitable
0,0,1,0,1,0,1,1,1,1,0,7,2,2,1,61,Highly Suitable
1,1,1,0,0,1,0,0,0,1,0,6,0,0,1,54,Highly Suitable
0,1,1,1,0,1,1,1,1,1,0,4,0,4,1,78,Highly Suitable
0,1,0,0,1,1,0,1,0,1,0,3,2,1,1,71,Highly Suitable
1,0,0,1,1,0,0,1,1,1,0,2,6,0,1,99,Suitable
1,1,0,1,1,0,0,1,0,0,1,5,4,3,0,27,Highly Suitable
1,0,0,0,1,0,0,1,1,0,0,6,4,0,2,77,Highly Suitable
0,0,1,0,0,0,1,0,0,0,1,8,7,1,1,58,Suitable
1,1,1,0,1,0,0,1,0,0,0,2,7,3,0,34,Highly Suitable
1,1,0,1,1,0,1,1,0,1,0,7,5,4,0,54,Highly Suitable
1,1,0,1,0,1,0,0,1,1,1,0,5,4,2,53,Highly Suitable
1,1,0,1,0,1,0,0,1,1,1,8,8,5,2,50,Highly Suitable
0,0,1,0,0,0,0,0,1,0,0,3,4,4,2,81,Suitable
1,0,0,1,1,0,1,1,1,1,0,8,6,3,2,87,Highly Suitable
0,0,0,0,0,1,1,1,1,1,1,8,3,1,1,68,Highly Suitable
0,0,0,0,1,0,1,1,1,1,1,3,0,4,1,43,Suitable
1,0,1,1,0,0,0,1,0,0,1,6,3,3,2,51,Highly Suitable
0,0,1,1,1,0,0,0,1,0,0,2,8,5,2,73,Highly Suitable
0,0,1,0,1,0,1,1,0,0,1,8,0,1,0,43,Highly Suitable
0,0,1,0,0,0,1,0,0,1,0,0,1,4,2,58,Needs Improvement
1,1,0,0,0,1,1,1,0,1,0,8,0,0,1,63,Highly Suitable
1,1,1,0,0,1,1,1,0,1,0,6,0,3,1,74,Highly Suitable
0,1,1,0,1,0,0,1,1,0,1,2,2,4,0,49,Suitable
1,1,0,1,1,1,0,1,0,0,1,4,3,0,2,76,Highly Suitable
1,1,1,0,0,0,1,1,1,1,1,3,5,4,1,23,Highly Suitable
0,0,1,0,1,1,1,1,0,0,1,6,2,1,2,58,Highly Suitable
0,0,0,0,1,0,1,0,0,1,1,8,2,3,0,95,Highly Suitable
0,0,1,1,0,1,1,1,0,0,0,7,8,0,1,72,Highly Suitable
1,1,0,0,0,0,1,0,1,1,0,6,3,1,1,30,Highly Suitable
0,0,1,1,1,1,1,0,1,0,1,8,1,5,2,84,Highly Suitable
0,1,1,1,0,0,0,0,1,1,0,4,6,0,2,74,Highly Suitable
1,0,1,1,0,0,1,1,0,1,0,2,3,3,0,38,Suitable
0,0,1,0,0,0,1,1,0,0,1,7,3,4,2,74,Highly Suitable
1,1,0,1,1,0,1,1,1,0,0,2,7,2,2,96,Highly Suitable
1,0,0,1,1,0,1,0,0,0,0,6,0,0,1,74,Highly Suitable
0,1,0,0,0,1,0,0,0,0,1,8,1,1,1,24,Suitable
0,1,1,1,1,1,1,1,0,1,0,8,1,4,0,83,Highly Suitable
1,0,1,1,1,1,1,0,0,1,0,1,2,2,2,68,Highly Suitable
1,1,1,1,0,0,1,0,0,0,1,1,7,0,2,78,Highly Suitable
1,1,0,0,1,0,0,1,1,0,0,5,2,2,0,90,Suitable
1,1,1,0,1,1,1,1,0,1,0,4,4,5,1,64,Highly Suitable
1,0,0,0,1,0,0,0,1,0,1,6,8,3,2,61,Highly Suitable
1,1,0,0,0,1,1,1,1,1,0,1,5,0,0,61,Highly Suitable
1,0,0,0,1,1,0,1,1,1,1,2,1,1,1,22,Needs Improvement
1,0,0,0,1,0,0,1,0,0,1,1,0,4,2,99,Suitable
1,0,0,0,1,0,0,0,1,1,0,6,8,0,0,54,Highly Suitable
0,0,1,0,1,1,0,0,0,1,1,1,7,0,0,21,Not Suitable
1,1,1,0,0,1,0,0,1,0,1,2,3,1,1,64,Highly Suitable
0,0,1,0,0,0,0,0,1,0,0,2,5,4,2,45,Needs Improvement
0,0,1,0,0,0,0,1,1,0,1,7,4,2,1,49,Suitable
0,0,0,1,0,1,1,1,1,1,1,3,3,2,2,44,Suitable
1,1,1,0,1,0,0,0,0,0,0,6,1,1,1,47,Highly Suitable
1,0,1,0,1,0,0,0,1,0,0,6,3,5,2,81,Highly Suitable
1,1,1,0,1,0,1,0,0,0,1,2,6,0,0,76,Highly Suitable
0,0,1,0,1,0,1,0,0,0,1,0,0,4,2,82,Suitable
0,0,0,0,0,1,0,1,1,1,1,8,5,5,1,55,Highly Suitable
0,1,0,0,0,0,0,0,1,1,0,2,1,1,2,57,Needs Improvement
0,0,0,0,0,0,0,0,1,0,1,6,0,1,0,36,Needs Improvement
0,0,1,1,0,0,0,0,1,1,0,0,0,5,0,61,Needs Improvement
1,0,0,1,0,1,0,0,0,1,0,8,7,2,1,49,Highly Suitable
0,0,1,0,1,1,0,1,1,0,0,0,7,3,0,43,Suitable
0,1,0,1,1,1,1,0,0,0,1,2,0,1,1,66,Suitable
1,0,1,0,0,1,0,0,0,1,1,2,5,1,2,45,Suitable
0,1,0,1,0,1,1,0,0,0,1,2,1,1,0,26,Needs Improvement
0,1,1,1,0,1,1,1,1,1,0,3,2,0,2,79,Highly Suitable
0,1,0,1,0,0,1,1,0,0,0,6,8,5,0,74,Highly Suitable
0,0,1,1,0,1,0,0,1,1,1,2,6,2,1,72,Suitable
1,1,1,0,0,1,1,0,1,0,1,4,8,2,1,96,Highly Suitable
1,0,1,1,1,1,0,1,0,1,0,6,0,3,2,84,Highly Suitable
1,1,0,1,1,1,0,0,0,1,0,2,8,3,2,26,Highly Suitable
1,0,0,0,1,1,0,0,0,0,1,8,6,4,2,100,Highly Suitable
0,0,0,1,1,1,1,1,1,0,0,2,4,5,0,38,Highly Suitable
1,0,1,0,0,0,0,1,0,1,0,1,8,3,1,76,Highly Suitable
0,0,1,1,1,1,1,1,1,1,1,3,7,4,1,87,Highly Suitable
1,1,0,0,1,0,1,0,1,0,1,3,3,3,2,88,Highly Suitable
1,1,0,1,1,0,0,1,0,0,1,1,5,5,2,98,Highly Suitable
1,1,0,1,1,0,0,0,0,0,1,4,5,5,2,72,Highly Suitable
1,0,0,0,1,1,0,0,0,0,1,1,4,1,0,64,Suitable
0,1,1,1,0,1,0,1,0,0,1,0,0,4,2,68,Highly Suitable
0,0,1,0,0,0,1,0,1,1,0,8,3,2,2,56,Suitable
0,1,0,1,0,1,0,1,1,0,1,7,6,2,0,49,Highly Suitable
0,1,0,0,0,1,0,0,0,1,0,7,7,4,2,39,Suitable
0,1,0,0,1,0,1,1,1,0,0,1,2,3,0,81,Suitable
0,1,0,0,1,0,1,0,0,1,0,1,1,4,2,82,Suitable
1,1,0,1,1,0,1,1,0,1,1,4,6,5,2,63,Highly Suitable
0,1,1,1,1,0,1,0,1,0,1,7,4,4,0,91,Highly Suitable
0,1,0,0,0,1,0,1,1,0,0,3,3,0,0,38,Needs Improvement
0,1,1,1,1,1,0,0,1,1,0,0,3,0,2,46,Suitable
1,0,1,0,1,0,0,1,1,1,0,6,4,2,0,96,Highly Suitable
0,1,1,1,1,0,1,0,1,0,1,0,0,2,1,39,Suitable
1,0,1,1,1,0,1,0,1,1,1,4,4,0,0,87,Highly Suitable
0,1,0,0,1,1,0,1,0,1,0,3,8,0,1,32,Suitable
1,0,1,0,0,0,0,1,0,0,0,5,5,0,1,71,Suitable
1,0,1,1,1,0,1,0,1,0,0,8,2,0,0,96,Highly Suitable
0,0,0,0,1,0,0,1,1,0,1,7,3,4,2,48,Highly Suitable
1,1,0,1,0,0,1,0,0,0,0,2,3,4,2,41,Suitable
0,1,0,1,1,1,1,0,1,0,1,2,5,0,2,28,Highly Suitable
1,0,0,1,1,1,1,1,1,1,1,8,8,3,0,44,Highly Suitable
1,0,1,0,0,0,1,1,0,0,1,6,8,4,2,68,Highly Suitable
1,1,0,1,1,0,1,0,1,1,0,0,3,4,0,58,Highly Suitable
0,1,0,0,0,1,0,0,1,0,0,5,8,1,1,44,Suitable
1,1,0,1,1,1,0,1,0,1,1,3,7,3,0,32,Highly Suitable
0,0,1,1,0,1,1,0,1,0,1,6,3,5,1,26,Highly Suitable
0,1,0,1,0,0,0,1,0,1,0,2,4,2,1,83,Suitable
0,1,0,1,1,0,0,0,1,1,0,3,8,1,0,26,Suitable
0,1,1,0,0,0,0,1,0,1,0,1,3,1,2,65,Suitable
0,1,1,0,1,0,0,1,0,0,0,5,5,4,2,91,Highly Suitable
1,1,0,0,1,1,0,1,0,1,1,0,2,5,1,40,Suitable
0,1,0,1,0,1,1,1,0,1,0,0,7,0,0,75,Highly Suitable
0,1,0,1,0,0,0,1,0,1,1,3,7,2,2,89,Highly Suitable
0,1,1,1,0,1,0,0,1,1,0,0,0,1,1,61,Suitable
1,0,1,1,0,0,0,0,0,0,0,3,7,1,2,64,Suitable
0,1,0,0,1,0,0,1,1,1,1,0,6,0,2,49,Suitable
1,0,1,1,1,0,0,0,0,1,1,5,4,4,0,92,Highly Suitable
0,0,0,1,0,1,0,1,0,0,0,7,7,4,2,76,Highly Suitable
1,0,1,1,0,0,1,0,0,1,0,1,7,3,1,98,Highly Suitable
1,1,0,0,0,0,1,0,1,1,1,0,7,5,2,22,Highly Suitable
1,0,1,1,1,1,0,1,0,0,0,1,2,5,1,95,Highly Suitable
0,0,0,1,0,0,1,0,1,1,1,5,1,3,2,72,Suitable
0,1,0,0,1,0,1,1,1,0,0,5,0,1,2,78,Highly Suitable
1,0,0,0,0,1,1,1,1,1,0,6,2,0,2,60,Highly Suitable
1,1,1,0,1,0,1,0,0,0,0,0,2,0,1,90,Suitable
0,0,1,0,1,1,0,0,0,1,1,8,5,3,1,39,Highly Suitable
0,1,1,0,0,0,0,0,0,1,0,0,5,0,2,36,Needs Improvement
1,0,0,0,1,0,1,0,1,1,1,7,0,3,0,47,Suitable
1,1,0,0,1,1,1,0,1,1,0,1,6,4,0,94,Highly Suitable
1,1,1,0,0,1,1,1,0,1,1,4,7,4,2,38,Highly Suitable
0,1,0,1,1,1,0,0,1,0,0,7,4,4,2,97,Highly Suitable
0,1,0,0,0,0,0,0,1,1,1,7,7,2,0,34,Suitable
0,1,0,1,1,1,1,0,1,1,1,4,7,4,2,93,Highly Suitable
1,1,0,1,1,1,0,1,0,1,0,7,4,1,0,34,Highly Suitable
0,0,1,0,1,0,0,0,1,1,0,3,2,1,0,99,Needs Improvement
1,0,0,1,0,1,0,1,0,1,0,0,7,0,2,85,Highly Suitable
1,1,0,0,0,1,0,1,0,0,0,3,1,1,2,44,Suitable
0,1,1,0,0,1,0,0,0,1,1,7,6,5,0,50,Highly Suitable
1,1,0,1,0,0,0,1,0,0,0,0,3,4,1,94,Suitable
0,1,0,1,0,1,1,1,1,1,0,5,6,4,2,48,Highly Suitable
0,0,0,0,0,0,0,1,1,0,0,8,2,3,1,34,Suitable
1,1,1,1,1,1,1,0,0,0,1,7,4,5,1,59,Highly Suitable
1,1,1,1,1,0,1,1,0,1,0,3,2,4,0,84,Highly Suitable
0,0,1,1,1,1,1,1,0,1,0,6,4,0,1,33,Highly Suitable
0,0,0,0,1,1,1,0,1,1,0,4,5,3,1,61,Highly Suitable
0,0,0,0,0,0,1,1,0,0,1,7,2,4,2,36,Suitable
0,0,1,0,0,1,0,0,0,0,0,2,2,3,2,75,Needs Improvement
1,1,0,1,0,0,1,1,0,0,0,1,8,2,2,47,Suitable
0,0,1,1,1,0,0,1,0,1,0,8,1,2,2,67,Highly Suitable
0,1,0,1,1,0,1,0,0,1,1,2,7,3,1,40,Highly Suitable
1,1,1,0,0,1,0,1,1,1,0,7,4,1,2,98,Highly Suitable
0,0,0,1,0,0,0,0,0,0,0,7,0,2,0,57,Needs Improvement
1,0,1,1,0,1,0,0,1,0,0,0,7,1,2,81,Suitable
0,1,0,0,1,0,1,0,0,1,1,1,6,5,1,75,Highly Suitable
1,0,1,1,0,1,1,1,1,1,1,2,4,2,0,54,Highly Suitable
1,1,1,0,1,1,1,0,0,1,1,2,7,3,1,76,Highly Suitable
0,1,1,0,1,1,0,1,0,0,0,1,2,3,2,33,Suitable
1,1,0,1,0,1,1,1,1,1,1,1,0,2,1,68,Highly Suitable
0,1,0,1,0,1,0,0,1,0,1,0,0,2,0,64,Needs Improvement
0,1,0,1,0,1,1,0,0,0,0,4,0,5,2,54,Highly Suitable
1,1,0,1,0,1,1,1,0,0,0,6,2,3,1,78,Highly Suitable
0,0,0,0,0,1,0,0,0,1,1,2,7,2,2,21,Needs Improvement
0,0,1,0,0,1,1,1,1,0,0,8,4,3,0,77,Highly Suitable
0,1,0,1,1,1,1,0,0,1,0,4,7,5,1,34,Highly Suitable
0,1,0,1,0,1,1,1,1,0,0,3,5,3,0,77,Highly Suitable
1,0,1,1,0,1,1,1,0,1,1,2,8,0,2,37,Highly Suitable
1,0,1,0,0,1,1,1,0,1,0,7,3,3,0,85,Highly Suitable
1,1,1,0,1,1,0,0,1,1,0,0,1,0,2,86,Suitable
0,1,1,1,0,0,0,0,0,1,1,6,3,1,0,91,Suitable
1,1,0,1,1,0,0,1,1,0,1,0,5,1,0,79,Suitable
0,0,1,0,1,1,0,1,0,1,1,6,2,4,1,93,Highly Suitable
1,1,1,0,0,0,0,1,1,0,0,5,8,2,0,57,Highly Suitable
1,0,0,0,1,0,1,1,1,0,0,7,7,5,1,27,Highly Suitable
1,1,1,1,1,1,0,1,1,0,0,4,8,4,1,92,Highly Suitable
1,1,0,0,0,0,0,1,1,1,1,5,3,0,2,83,Highly Suitable
1,1,0,1,1,0,0,0,1,0,0,8,3,2,0,80,Highly Suitable
0,1,1,0,1,1,1,1,1,0,0,6,1,1,2,53,Highly Suitable
0,0,0,1,1,1,0,1,0,1,0,1,7,1,0,63,Needs Improvement
0,1,1,1,0,1,0,0,1,1,0,6,3,4,2,33,Highly Suitable
0,1,1,1,0,0,1,0,0,1,0,0,7,4,2,53,Highly Suitable
0,1,0,1,0,1,1,0,0,0,0,7,5,0,0,50,Highly Suitable
1,1,1,1,0,0,0,0,0,0,0,4,0,0,1,48,Suitable
0,1,1,1,0,0,0,1,1,1,1,0,0,4,1,20,Needs Improvement
0,1,0,1,0,0,1,1,0,1,0,6,3,2,0,67,Suitable
0,0,0,1,1,0,0,1,0,0,1,1,8,1,0,48,Needs Improvement
1,1,0,1,0,1,0,1,1,1,0,4,4,1,2,51,Highly Suitable
1,0,0,1,1,0,0,0,0,1,1,4,6,4,1,92,Highly Suitable
1,0,1,1,0,0,1,0,0,1,1,7,8,5,0,91,Highly Suitable
1,0,1,1,1,0,0,1,0,1,1,7,2,0,0,26,Suitable
1,0,0,0,1,0,0,1,1,0,0,8,3,1,0,47,Suitable
1,0,1,0,0,1,0,1,0,1,0,0,4,0,1,70,Needs Improvement
1,0,0,0,0,0,1,1,0,1,0,3,7,5,1,36,Suitable
0,0,1,0,1,0,0,0,1,0,0,1,2,0,1,38,Not Suitable
1,0,1,0,0,1,1,1,0,1,0,5,7,5,1,69,Highly Suitable
0,0,0,1,0,0,1,0,0,0,0,4,3,4,0,86,Suitable
0,0,0,1,1,0,1,1,0,1,0,4,7,0,2,49,Highly Suitable
0,1,1,0,1,1,0,0,1,0,1,0,3,3,1,87,Suitable
0,0,1,1,0,1,1,1,1,1,1,1,7,1,1,83,Highly Suitable
0,0,0,0,0,1,1,1,1,1,1,1,4,4,0,20,Needs Improvement
0,1,0,0,0,1,0,0,0,0,0,8,3,2,0,69,Suitable
1,1,1,1,0,0,0,1,1,1,0,4,4,0,1,72,Highly Suitable
1,1,1,0,1,1,0,1,0,0,0,0,2,4,2,45,Highly Suitable
0,1,1,1,1,0,1,1,0,0,0,3,7,4,2,55,Highly Suitable
0,0,0,0,0,1,1,1,1,0,0,6,4,4,1,58,Highly Suitable
0,0,0,1,1,0,1,1,1,0,1,8,5,4,1,44,Highly Suitable
1,0,0,0,0,1,0,1,0,1,1,4,8,0,1,78,Highly Suitable
0,0,0,0,1,1,1,1,1,0,0,4,5,3,0,81,Highly Suitable
1,0,0,0,0,0,0,1,0,1,1,1,7,4,2,50,Suitable
0,1,0,0,1,1,1,0,0,0,0,2,3,5,0,71,Suitable
0,1,1,1,0,1,0,0,0,0,0,4,2,1,1,90,Suitable
0,1,0,1,1,1,1,0,1,1,1,3,0,1,2,46,Highly Suitable
1,1,1,1,0,1,1,1,0,0,0,2,1,1,2,76,Highly Suitable
0,0,0,1,1,0,0,0,1,1,1,4,3,2,0,88,Highly Suitable
0,1,1,1,1,0,1,0,0,0,1,4,5,4,2,37,Highly Suitable
1,0,1,0,1,1,0,1,0,0,1,4,0,5,0,27,Suitable
0,1,0,1,1,1,1,0,1,0,0,5,6,0,0,73,Highly Suitable
0,0,0,0,1,1,0,1,1,0,1,1,0,3,2,22,Not Suitable
0,0,0,0,0,0,0,0,0,1,1,3,3,5,1,53,Needs Improvement
0,1,1,1,0,0,1,1,1,0,0,1,6,1,2,41,Highly Suitable
1,1,0,0,0,1,0,1,1,0,1,0,6,5,0,78,Highly Suitable
0,0,0,1,0,1,0,1,0,0,0,6,5,1,2,63,Highly Suitable
1,0,1,0,0,0,0,0,1,0,1,2,4,5,2,62,Suitable
0,1,0,0,0,1,1,1,0,1,1,7,3,5,0,54,Highly Suitable
1,1,0,1,0,1,0,0,0,1,1,3,0,0,1,59,Suitable
1,1,0,1,1,1,0,0,0,0,0,5,5,0,0,68,Highly Suitable
0,1,0,1,0,1,0,0,0,1,0,8,6,3,0,41,Highly Suitable
1,0,0,1,1,0,0,0,1,0,1,0,3,2,0,81,Suitable
0,1,0,0,1,1,1,0,1,1,0,4,7,0,1,39,Suitable
1,1,1,1,1,0,1,1,0,0,0,2,2,3,2,58,Highly Suitable
1,0,1,1,0,0,1,0,1,0,0,2,1,3,0,67,Highly Suitable
0,0,0,1,0,1,0,1,1,0,0,4,1,3,0,51,Needs Improvement
1,0,1,1,1,0,0,0,0,0,0,2,7,3,0,46,Highly Suitable
0,0,0,1,1,0,1,1,0,1,1,1,2,4,2,84,Highly Suitable
1,0,0,0,1,0,0,1,1,0,1,6,3,2,0,83,Highly Suitable
0,0,1,0,1,1,1,0,0,1,1,0,5,5,2,51,Suitable
0,1,0,0,1,0,1,1,1,0,0,8,0,1,1,54,Highly Suitable
0,0,1,0,1,1,1,1,1,1,1,8,6,4,2,41,Highly Suitable
1,1,0,0,1,0,0,0,0,1,0,6,3,5,1,21,Highly Suitable
1,1,1,1,1,1,0,1,1,0,1,2,3,5,2,73,Highly Suitable
1,1,0,1,0,0,0,0,1,0,1,0,1,5,0,33,Needs Improvement
0,1,0,1,1,0,0,1,1,1,0,8,1,0,2,70,Highly Suitable
1,1,0,1,0,1,0,1,1,1,1,6,5,4,0,57,Highly Suitable
1,0,1,1,1,1,0,0,0,1,0,1,1,3,0,22,Needs Improvement
1,1,1,1,1,1,1,0,0,0,0,7,6,1,1,77,Highly Suitable
1,1,1,1,0,0,0,1,1,1,0,1,6,1,1,45,Highly Suitable
0,0,0,1,0,0,1,0,1,1,0,7,2,3,1,32,Suitable
0,1,1,0,0,1,0,0,1,1,1,8,5,2,2,26,Highly Suitable
1,1,0,0,1,0,0,0,0,1,1,6,2,5,2,61,Highly Suitable
1,1,1,0,0,1,1,1,1,0,1,5,0,1,1,60,Highly Suitable
0,1,0,1,1,1,0,1,1,1,0,2,3,3,2,42,Highly Suitable
1,0,1,1,1,1,1,1,0,1,1,3,0,4,1,56,Highly Suitable
0,1,1,1,0,1,1,1,1,1,1,1,5,0,2,75,Highly Suitable
0,0,1,1,0,1,0,1,0,0,0,6,7,0,2,77,Highly Suitable
1,0,0,1,1,0,0,0,1,0,1,1,5,1,1,55,Suitable
0,0,0,0,0,0,1,0,0,0,0,8,7,5,1,44,Highly Suitable
1,0,0,1,0,0,0,1,1,1,1,8,6,0,2,92,Highly Suitable
1,0,0,1,0,1,1,0,0,0,0,5,3,3,1,60,Suitable
0,0,1,0,1,0,0,0,0,1,0,5,7,0,1,28,Suitable
1,1,1,1,0,0,0,1,1,0,1,0,7,0,0,46,Highly Suitable
0,1,0,1,1,0,1,1,1,1,1,8,4,4,2,90,Highly Suitable
1,1,1,0,0,1,0,1,1,1,0,7,0,5,0,33,Highly Suitable
1,1,0,1,1,0,0,1,1,0,1,2,2,2,1,35,Suitable
1,1,0,0,0,0,0,0,0,0,0,6,3,4,2,25,Needs Improvement
0,0,1,0,1,0,1,0,0,0,1,0,7,5,1,28,Suitable
1,0,1,0,0,1,1,0,1,0,0,2,4,2,1,95,Highly Suitable
0,1,1,0,0,1,1,1,0,0,1,2,1,2,1,46,Suitable
0,0,0,0,0,0,0,0,0,1,0,2,6,3,0,51,Not Suitable
1,0,0,1,0,1,0,1,1,1,1,2,7,4,2,39,Highly Suitable
1,1,0,0,1,1,1,1,0,1,0,5,6,1,1,82,Highly Suitable
1,0,0,1,1,0,0,1,1,1,1,0,6,2,0,26,Needs Improvement
0,1,1,1,0,1,0,1,1,0,1,2,1,5,0,60,Highly Suitable
0,1,0,0,1,0,0,1,1,0,0,1,0,5,2,25,Needs Improvement
1,1,1,0,0,0,0,1,1,1,0,3,8,1,1,82,Highly Suitable
1,0,1,1,1,0,1,0,1,0,0,8,6,0,1,21,Highly Suitable
1,0,0,1,1,0,0,1,0,1,1,7,0,1,1,79,Suitable
0,0,1,0,1,1,1,1,1,0,0,5,0,5,1,53,Highly Suitable
1,0,0,0,0,1,0,0,0,1,1,7,0,3,0,95,Highly Suitable
0,1,1,1,0,0,1,0,1,1,0,3,4,1,2,78,Highly Suitable
1,1,0,0,0,0,0,1,1,1,0,2,7,4,0,36,Suitable
0,1,1,0,1,1,0,0,0,0,1,8,1,0,0,51,Suitable
1,1,0,0,0,1,1,0,0,0,1,5,8,0,0,66,Highly Suitable
0,0,1,1,1,0,1,0,0,1,0,6,8,1,1,86,Highly Suitable
1,0,1,0,0,0,0,1,0,1,0,8,4,1,1,43,Suitable
0,0,0,0,0,0,1,1,1,1,0,5,4,1,0,42,Needs Improvement
0,1,1,1,0,0,1,1,0,0,0,0,7,4,2,34,Suitable
1,0,1,0,0,1,1,0,0,0,1,3,5,0,2,25,Suitable
0,1,0,1,0,1,0,1,1,1,1,1,5,2,2,20,Highly Suitable
1,1,0,1,1,1,1,1,0,1,0,1,8,3,0,61,Highly Suitable
0,0,0,1,0,1,0,1,0,0,0,6,2,5,0,69,Suitable
0,1,1,1,1,1,1,0,0,1,1,0,7,4,2,23,Highly Suitable
1,1,1,1,0,0,0,0,0,1,0,1,2,1,0,92,Suitable
0,0,0,0,1,0,1,0,1,0,0,1,2,0,1,29,Not Suitable
0,0,1,0,1,1,1,0,1,1,0,4,0,0,2,32,Suitable
1,0,1,0,1,0,0,1,1,1,1,0,7,2,2,62,Highly Suitable
0,1,1,1,1,0,0,1,0,0,1,6,4,0,2,73,Highly Suitable
1,0,0,1,0,1,0,1,0,1,1,1,6,3,2,100,Highly Suitable
0,0,1,1,1,1,1,1,0,1,0,2,4,5,0,45,Highly Suitable
0,1,0,0,0,1,1,0,1,0,1,8,5,1,0,63,Highly Suitable
1,0,1,0,0,0,1,1,1,1,1,3,8,1,1,72,Highly Suitable
0,0,1,1,0,1,1,0,0,0,0,2,0,4,1,59,Needs Improvement
0,0,1,1,0,0,0,0,0,1,1,8,8,1,1,87,Highly Suitable
0,0,0,1,1,0,0,1,1,1,1,0,2,2,1,49,Suitable
0,0,1,0,1,0,1,0,0,1,1,7,7,4,1,54,Highly Suitable
1,0,1,0,0,1,0,0,1,0,1,0,6,2,1,75,Highly Suitable
0,1,1,0,0,1,0,1,1,0,1,2,8,4,1,85,Highly Suitable
0,1,1,1,0,1,0,1,1,0,1,7,1,3,1,41,Highly Suitable
1,1,0,0,1,1,1,1,1,1,0,4,6,2,2,95,Highly Suitable
0,0,1,0,0,1,0,0,0,0,0,5,3,0,1,85,Suitable
1,1,0,0,0,1,1,0,0,1,1,2,5,0,2,74,Highly Suitable
1,1,1,1,1,0,1,1,0,1,0,7,5,4,1,33,Highly Suitable
0,1,1,1,1,0,0,1,1,0,1,0,0,5,1,24,Suitable
0,1,1,0,1,0,1,1,0,1,1,5,8,4,1,97,Highly Suitable
1,0,1,1,0,1,0,0,1,0,1,8,7,0,0,44,Highly Suitable
0,1,0,0,0,1,0,1,0,1,0,1,7,4,1,73,Suitable
1,1,0,1,1,1,0,0,1,0,0,8,0,0,0,28,Highly Suitable
0,1,0,1,0,0,0,0,0,1,1,0,0,4,0,59,Not Suitable
0,0,1,1,0,1,1,1,1,1,0,4,0,5,1,95,Highly Suitable
0,1,0,0,0,0,0,0,1,0,0,7,6,2,2,51,Suitable
0,0,1,1,0,0,1,0,0,1,1,7,4,2,0,73,Highly Suitable
0,0,1,1,1,1,1,0,1,0,1,1,7,5,1,68,Highly Suitable
0,1,0,1,0,1,1,0,0,1,1,7,0,0,1,22,Suitable
1,0,0,1,1,0,0,0,1,0,0,1,8,4,0,98,Highly Suitable
1,1,0,0,1,0,0,1,0,1,1,2,5,5,0,61,Suitable
1,0,1,0,1,0,0,1,1,1,1,4,0,4,0,94,Highly Suitable
1,0,0,0,1,1,1,0,0,0,1,7,2,5,1,34,Highly Suitable
0,0,1,0,1,0,0,0,1,0,1,4,3,2,1,53,Suitable
1,0,1,1,1,1,1,0,0,0,0,4,0,4,0,77,Highly Suitable
1,1,1,0,0,1,1,0,0,1,1,8,7,3,2,25,Highly Suitable
0,0,1,0,0,0,1,1,0,0,0,8,6,5,2,47,Highly Suitable
1,1,0,0,1,0,1,0,1,1,0,1,4,2,1,66,Highly Suitable
1,0,1,0,1,0,1,1,1,0,0,5,2,2,1,29,Highly Suitable
1,0,0,0,0,0,0,0,0,1,0,7,5,0,1,42,Suitable
1,0,0,1,1,1,0,1,0,0,0,8,4,5,2,67,Highly Suitable
1,0,0,1,1,0,1,0,1,0,0,8,1,1,2,91,Highly Suitable
0,0,1,0,0,1,0,1,1,1,1,4,8,3,2,56,Highly Suitable
0,0,1,0,0,0,0,0,1,0,1,8,0,3,0,78,Suitable
0,1,1,1,0,0,1,1,0,1,0,0,5,0,0,56,Needs Improvement
0,1,0,0,1,1,0,0,1,0,1,0,2,5,1,92,Suitable
1,0,1,0,1,1,0,1,1,0,0,2,8,3,0,27,Suitable
0,0,1,0,0,0,0,0,0,1,1,4,5,0,0,38,Needs Improvement
1,0,1,1,1,0,1,1,1,1,0,0,7,0,1,82,Highly Suitable
0,1,0,0,0,0,0,1,0,0,1,0,5,2,0,45,Not Suitable
0,0,1,0,1,1,1,1,1,1,1,4,6,5,1,63,Highly Suitable
1,1,1,0,1,0,1,0,1,1,0,5,0,4,1,28,Highly Suitable
1,1,1,1,1,0,1,1,1,0,1,2,5,2,2,39,Highly Suitable
0,0,0,1,0,0,1,1,0,1,1,6,8,3,2,45,Highly Suitable
1,0,0,0,1,1,0,0,0,1,1,3,0,1,2,74,Suitable
1,0,1,0,1,1,0,1,0,0,1,8,6,4,2,41,Highly Suitable
0,1,1,0,1,0,0,0,1,1,1,7,3,0,2,89,Highly Suitable
1,0,0,0,1,0,1,1,1,0,0,1,1,0,1,75,Suitable
0,0,0,0,1,1,1,1,0,0,0,2,4,0,0,56,Suitable
1,1,1,1,1,1,0,1,0,0,0,4,5,1,2,76,Highly Suitable
0,1,0,0,1,0,0,0,0,1,1,0,3,0,2,20,Needs Improvement
0,1,0,1,1,1,0,1,1,1,0,1,6,3,1,27,Suitable
1,0,1,1,0,1,1,1,1,1,0,8,0,4,2,44,Highly Suitable
0,1,1,1,0,1,0,1,1,0,0,4,8,0,2,25,Highly Suitable
1,0,0,1,1,1,1,1,1,0,0,5,2,3,0,44,Highly Suitable
1,1,0,1,1,1,1,0,0,1,0,6,0,3,1,88,Highly Suitable
0,1,0,1,1,1,0,1,1,1,0,4,4,2,1,22,Suitable
0,0,0,0,1,0,1,0,1,1,0,5,8,4,0,66,Highly Suitable
1,1,1,1,0,1,0,1,0,0,1,1,6,4,2,45,Highly Suitable
1,0,1,0,1,0,1,0,0,1,0,6,7,0,2,83,Highly Suitable
0,1,0,0,0,0,0,0,0,1,0,3,8,2,0,91,Suitable
0,1,1,0,0,1,1,0,0,0,1,7,1,2,1,82,Highly Suitable
0,1,1,0,1,0,1,1,0,0,1,1,8,2,0,98,Highly Suitable
0,0,0,0,1,0,1,1,0,1,0,0,0,5,0,23,Needs Improvement
1,1,1,1,0,1,1,1,1,0,1,5,8,5,0,44,Highly Suitable
0,0,0,0,1,1,0,0,0,0,1,1,6,5,0,38,Needs Improvement
1,1,1,0,0,0,0,0,0,1,0,6,1,0,0,51,Suitable
0,1,1,0,0,1,1,1,0,1,1,2,6,5,0,21,Suitable
1,1,0,0,0,1,0,1,1,1,0,0,1,1,1,56,Needs Improvement
0,0,0,1,1,1,1,0,1,0,0,2,0,5,1,83,Suitable
0,0,0,1,0,1,1,0,1,0,0,3,5,3,1,38,Needs Improvement
1,0,0,0,1,1,0,1,0,1,0,2,0,4,2,67,Highly Suitable
0,0,0,1,0,1,1,1,0,0,0,6,8,3,1,51,Highly Suitable
1,0,1,0,1,0,0,1,0,0,0,0,1,3,2,71,Suitable
0,1,0,1,1,1,1,0,0,1,0,6,6,5,1,56,Highly Suitable
1,1,1,0,0,0,1,0,1,1,0,1,5,5,0,77,Highly Suitable
1,0,1,0,0,0,1,1,1,1,0,6,3,1,0,95,Highly Suitable
0,1,1,1,1,0,1,0,0,1,0,2,3,3,0,24,Suitable
0,0,1,1,0,1,0,1,0,0,1,1,6,3,2,94,Highly Suitable
0,1,0,0,1,1,1,1,0,1,0,7,4,1,0,76,Highly Suitable
1,0,1,0,1,0,0,1,1,1,1,8,6,3,2,34,Highly Suitable
0,1,1,0,1,0,1,1,0,1,0,0,2,2,0,87,Highly Suitable
0,0,1,0,0,1,0,0,1,1,0,1,0,1,0,24,Not Suitable
0,0,0,1,0,0,0,0,1,0,1,2,6,1,0,39,Needs Improvement
0,0,0,0,0,0,0,1,0,0,0,4,0,0,1,37,Not Suitable
1,0,1,1,1,0,0,1,1,0,1,7,6,4,0,41,Highly Suitable
0,0,1,1,0,1,1,0,0,0,0,6,2,3,2,41,Highly Suitable
1,0,1,0,0,1,1,1,0,1,1,0,1,5,0,69,Highly Suitable
1,0,1,1,1,0,0,0,1,1,0,1,2,2,2,50,Highly Suitable
0,1,0,1,1,1,1,1,0,1,1,4,1,1,0,49,Highly Suitable
1,0,1,0,1,0,0,0,0,1,0,3,4,4,1,62,Suitable
0,1,1,0,1,0,0,1,0,1,1,3,8,5,2,98,Highly Suitable
1,1,0,0,0,1,1,0,1,1,0,0,2,1,0,40,Suitable
1,1,1,0,0,1,0,1,1,0,0,7,3,5,0,49,Highly Suitable
0,0,0,0,0,0,0,0,0,0,0,0,2,4,0,34,Not Suitable
0,1,0,1,0,1,0,1,0,1,1,4,0,0,1,42,Suitable
0,1,1,1,0,1,0,1,0,1,1,2,2,5,2,26,Highly Suitable
0,0,0,1,0,1,1,1,1,1,1,3,2,2,0,57,Suitable
1,0,1,1,0,1,1,0,0,0,0,0,1,5,1,48,Suitable
0,0,1,0,1,0,1,1,0,1,0,0,2,2,0,98,Needs Improvement
1,0,0,1,1,0,0,0,1,1,1,1,5,0,2,35,Suitable
1,0,0,1,0,1,1,0,0,1,0,7,1,5,1,62,Highly Suitable
0,1,1,1,0,0,1,0,0,1,0,3,6,1,1,49,Highly Suitable
1,0,0,1,0,1,0,0,1,1,1,0,5,5,1,54,Highly Suitable
1,0,0,0,0,1,0,0,1,0,1,8,6,0,0,91,Highly Suitable
1,1,1,0,1,1,1,0,1,1,1,3,3,1,2,99,Highly Suitable
1,0,1,0,1,1,0,1,0,1,1,8,0,1,2,34,Highly Suitable
0,1,0,0,0,0,0,1,0,0,1,8,5,5,1,63,Suitable
1,1,0,0,0,1,0,0,1,0,0,4,5,3,0,74,Highly Suitable
1,1,0,1,1,1,0,0,1,1,0,1,6,0,2,34,Suitable
1,1,1,0,1,1,1,0,1,0,1,5,1,0,0,88,Highly Suitable
0,0,1,0,1,1,1,0,0,1,1,8,7,0,0,100,Highly Suitable
0,0,0,0,1,0,1,0,0,0,0,6,6,3,0,75,Suitable
0,1,0,1,1,1,1,0,1,1,1,1,5,1,1,43,Highly Suitable
1,0,0,0,1,0,1,0,1,1,1,3,1,3,0,48,Needs Improvement
0,0,0,0,1,1,0,0,0,0,1,0,6,4,2,85,Suitable
0,0,0,1,1,0,1,1,1,1,1,4,1,5,0,34,Highly Suitable
0,1,0,1,0,0,0,1,1,0,1,0,3,1,0,20,Not Suitable
0,0,0,1,1,0,1,1,0,0,0,1,2,0,0,62,Needs Improvement
1,0,0,0,1,1,0,0,1,0,0,5,6,3,0,42,Suitable
0,1,0,0,0,0,0,1,1,1,0,3,4,1,1,85,Highly Suitable
1,0,1,0,0,0,1,1,1,1,0,0,0,5,2,97,Suitable
0,1,1,1,1,1,1,0,0,1,0,8,2,1,0,55,Highly Suitable
0,0,1,1,0,1,0,1,0,0,1,1,3,4,1,56,Suitable
1,0,1,0,0,0,0,1,0,1,1,1,6,1,0,37,Suitable
1,1,0,1,0,0,1,1,0,1,1,0,5,2,1,96,Highly Suitable
1,0,0,0,0,1,1,1,1,0,0,7,4,4,2,42,Highly Suitable
1,1,0,0,1,0,0,0,0,1,1,1,0,3,0,97,Suitable
1,0,0,1,0,0,0,0,1,1,1,1,2,4,1,65,Suitable
0,1,0,0,0,0,1,0,1,1,1,4,2,0,1,42,Suitable
1,0,1,0,0,1,1,1,1,0,0,6,2,2,2,58,Highly Suitable
0,1,0,0,1,1,1,0,1,0,0,4,4,1,0,98,Highly Suitable
1,0,1,0,1,0,1,0,0,1,1,0,7,1,0,92,Highly Suitable
0,1,0,0,0,0,0,0,1,0,1,1,4,5,1,99,Suitable
1,1,1,0,0,0,0,0,0,1,0,2,1,4,2,100,Highly Suitable
0,1,0,1,0,1,1,0,1,0,1,7,5,2,1,22,Highly Suitable
1,1,1,0,1,1,1,0,0,0,0,8,8,2,2,76,Highly Suitable
1,0,0,0,0,0,0,1,0,1,1,6,6,4,1,33,Suitable
1,1,0,0,1,1,0,0,0,1,0,5,4,5,0,100,Highly Suitable
1,1,1,0,0,1,0,0,1,0,0,6,6,2,0,91,Highly Suitable
1,0,0,1,1,0,0,0,1,1,0,3,2,3,0,35,Needs Improvement
0,0,1,1,1,0,0,1,1,0,1,2,1,4,2,44,Suitable
0,0,0,0,1,0,1,0,1,1,0,2,4,1,0,59,Needs Improvement
0,1,1,0,0,1,0,1,1,1,0,1,8,4,2,93,Highly Suitable
1,1,0,0,1,1,1,0,1,1,1,0,0,1,2,42,Highly Suitable
1,1,0,0,1,0,1,1,0,1,0,7,6,0,1,96,Highly Suitable
1,1,1,0,1,0,1,0,0,1,1,3,4,3,1,79,Highly Suitable
0,1,1,1,0,0,1,1,0,0,0,2,8,0,0,94,Highly Suitable
1,0,1,0,0,1,1,0,0,1,1,7,2,0,1,69,Highly Suitable
0,0,1,0,0,1,0,1,1,0,0,6,7,0,2,50,Suitable
0,1,1,0,0,0,1,0,1,0,0,5,2,4,2,88,Highly Suitable
1,0,0,1,0,1,0,0,0,0,0,7,7,0,1,48,Suitable
0,1,1,1,0,1,0,0,0,1,0,0,5,3,1,53,Highly Suitable
0,0,0,0,0,1,1,0,0,0,0,8,1,2,1,32,Needs Improvement
0,1,0,0,0,1,1,0,0,0,1,6,0,0,1,25,Needs Improvement
1,0,0,1,0,1,1,0,1,1,0,0,1,3,1,74,Suitable
1,0,1,0,1,1,1,0,1,1,1,6,8,1,1,27,Highly Suitable
0,0,1,0,1,1,0,0,0,0,1,0,0,1,1,69,Needs Improvement
0,0,0,1,1,0,0,1,1,0,0,6,8,5,2,83,Highly Suitable
0,1,0,1,1,0,0,0,0,0,0,4,5,4,1,65,Suitable
0,0,0,0,0,1,0,0,0,1,0,4,8,0,0,22,Needs Improvement
0,0,1,0,1,1,1,0,1,0,1,8,4,1,1,34,Highly Suitable
1,0,1,1,0,1,0,1,0,0,0,8,5,3,1,41,Highly Suitable
1,0,0,0,1,0,0,1,0,0,1,8,5,2,0,63,Highly Suitable
1,0,0,1,0,1,1,0,0,0,1,4,1,1,1,42,Suitable
0,0,0,1,0,1,1,0,0,1,1,8,0,0,1,86,Highly Suitable
0,0,1,0,0,0,0,0,0,0,0,5,8,2,1,39,Needs Improvement
1,1,1,0,1,0,0,0,1,0,0,3,5,5,2,79,Highly Suitable
0,0,1,1,0,0,1,0,1,1,0,5,2,0,0,54,Suitable
0,1,0,1,0,0,0,1,1,1,1,1,4,4,1,45,Suitable
0,1,0,0,0,1,0,1,1,1,1,4,5,1,0,60,Suitable
1,0,1,1,0,1,1,0,1,0,0,0,8,3,2,31,Highly Suitable
1,0,0,0,0,1,1,1,0,1,0,5,4,4,0,65,Highly Suitable
1,1,1,0,1,0,1,1,1,0,0,2,3,5,0,97,Highly Suitable
1,0,1,1,0,1,1,0,0,1,0,4,0,3,0,26,Highly Suitable
1,0,1,0,0,0,0,0,0,0,0,1,1,1,0,69,Not Suitable
0,1,1,1,1,1,1,1,0,1,0,5,3,4,0,43,Highly Suitable
0,0,1,0,1,0,1,1,0,1,0,6,4,5,2,52,Highly Suitable
1,1,1,0,0,0,0,1,1,0,0,5,3,5,0,49,Highly Suitable
1,0,1,0,1,0,0,1,0,1,1,6,4,3,0,88,Highly Suitable
0,0,1,0,0,1,1,1,0,1,1,3,5,4,0,62,Suitable
0,1,0,0,0,1,1,0,0,1,0,1,5,1,2,23,Needs Improvement
1,0,1,1,1,0,1,0,0,0,0,3,3,3,1,85,Highly Suitable
0,0,0,0,0,1,0,1,1,1,1,1,8,0,0,52,Needs Improvement
0,0,0,1,0,1,0,1,0,1,0,0,6,3,0,79,Suitable
1,1,0,0,1,0,0,1,0,1,1,3,2,3,2,61,Highly Suitable
1,0,0,1,0,1,0,1,1,0,0,8,5,2,0,60,Highly Suitable
1,1,1,1,0,1,1,0,0,1,1,1,1,2,0,56,Suitable
1,0,1,0,1,1,1,1,1,1,0,0,7,4,0,84,Highly Suitable
1,0,1,0,0,1,1,1,0,1,1,0,3,4,0,59,Suitable
0,0,0,0,0,1,1,1,1,0,0,8,3,0,2,80,Highly Suitable
1,0,0,1,1,1,0,1,0,0,0,1,3,0,0,36,Needs Improvement
0,1,1,0,0,1,1,0,0,0,1,4,7,1,2,79,Highly Suitable
0,0,0,1,1,1,0,1,0,1,1,6,0,5,1,75,Suitable
1,1,1,1,1,0,0,1,0,1,1,8,3,2,2,61,Highly Suitable
1,1,0,1,1,0,0,1,0,0,1,7,3,3,0,75,Highly Suitable
0,0,1,0,0,0,1,0,1,0,0,2,8,2,2,68,Highly Suitable
0,1,1,0,0,1,0,0,1,1,0,5,1,1,2,39,Suitable
0,1,0,0,1,1,0,1,1,0,1,2,0,5,1,89,Highly Suitable
0,1,0,1,1,0,0,1,0,1,1,4,0,4,1,85,Highly Suitable
0,0,0,1,0,1,1,1,0,1,1,5,8,5,0,100,Highly Suitable
0,1,0,0,0,0,1,1,0,0,0,0,1,3,0,66,Needs Improvement
1,0,0,1,1,1,0,1,1,1,1,2,1,5,0,36,Highly Suitable
1,0,1,1,0,1,0,0,0,1,0,6,7,1,1,44,Highly Suitable
1,0,1,0,0,0,1,0,0,0,1,5,3,0,0,24,Needs Improvement
1,0,1,1,1,1,1,1,0,1,0,3,5,4,1,28,Highly Suitable
1,1,0,1,0,1,1,0,0,1,0,2,7,1,1,30,Highly Suitable
1,0,0,0,0,0,1,1,1,1,1,1,3,2,1,36,Needs Improvement
0,0,0,1,1,0,1,1,0,0,0,2,8,0,2,64,Suitable
0,1,0,1,0,0,0,0,1,0,1,4,0,2,0,61,Suitable
1,1,0,1,0,1,1,1,0,0,0,0,8,4,2,63,Highly Suitable
0,1,1,0,1,1,0,1,0,1,0,2,8,1,0,62,Suitable
1,0,1,1,0,0,0,0,1,1,1,2,0,4,1,31,Suitable
1,1,1,1,0,0,1,0,1,1,1,7,2,3,0,31,Highly Suitable
0,0,0,0,0,0,0,1,1,0,1,7,2,4,0,49,Needs Improvement
0,1,1,0,1,1,1,1,0,0,1,6,1,0,1,37,Highly Suitable
1,1,1,1,1,0,0,1,1,0,1,7,0,2,0,37,Highly Suitable
0,0,1,0,1,0,1,0,1,0,1,0,2,2,2,65,Suitable
1,0,1,1,1,1,0,1,1,0,0,2,2,4,0,77,Highly Suitable
0,0,0,0,1,0,0,0,0,1,1,8,4,0,2,23,Needs Improvement
1,1,0,1,1,1,1,0,0,1,0,8,1,3,0,81,Highly Suitable
1,0,0,1,1,1,0,0,1,1,1,3,7,3,0,90,Highly Suitable
1,1,1,1,0,1,1,1,1,1,1,6,4,0,0,23,Highly Suitable
1,0,0,1,0,0,1,0,1,0,0,8,2,5,1,55,Highly Suitable
1,1,1,1,1,1,1,0,0,0,1,6,2,2,2,60,Highly Suitable
0,0,1,0,0,1,0,1,1,1,1,4,1,4,1,58,Suitable
1,1,1,1,0,1,0,1,1,1,1,4,1,2,2,79,Highly Suitable
1,0,1,0,0,0,0,1,0,1,1,6,8,0,0,68,Highly Suitable
1,0,0,1,0,1,1,0,1,1,1,8,0,0,1,84,Highly Suitable
0,0,0,1,1,0,0,1,0,0,1,2,7,2,2,77,Highly Suitable
1,1,1,0,0,0,1,1,0,1,1,2,4,4,2,49,Highly Suitable
0,1,0,0,1,0,0,0,1,0,1,2,6,1,2,83,Suitable
1,0,1,1,1,1,1,1,0,1,0,5,7,2,2,93,Highly Suitable
1,0,0,0,0,1,0,1,1,1,1,5,2,4,0,88,Highly Suitable
0,1,0,1,0,0,1,1,0,0,1,4,2,3,0,38,Suitable
1,0,0,0,1,0,1,1,0,1,1,3,6,4,2,59,Highly Suitable
1,0,1,0,0,0,1,0,0,0,1,5,0,2,1,23,Suitable
1,0,0,1,0,0,0,0,0,0,0,0,4,0,0,66,Needs Improvement
1,0,1,1,0,0,0,1,0,0,0,1,1,4,2,84,Suitable
1,0,1,0,1,0,0,1,0,0,1,1,2,2,2,36,Suitable
1,1,0,1,0,0,1,0,0,0,0,0,0,4,2,54,Suitable
1,0,1,1,0,0,0,1,0,0,1,5,7,3,1,92,Highly Suitable
1,1,0,1,0,0,1,0,1,1,1,6,6,5,2,47,Highly Suitable
1,1,0,0,0,1,1,1,0,1,1,8,4,4,1,31,Highly Suitable
1,0,1,0,1,1,1,1,1,1,0,4,0,2,1,34,Highly Suitable
0,0,0,1,0,0,1,1,0,0,0,3,2,3,0,61,Needs Improvement
1,1,0,0,1,1,0,0,1,0,0,0,5,4,2,100,Highly Suitable
0,1,0,1,0,1,1,0,0,1,1,6,3,2,2,86,Highly Suitable
0,1,0,1,0,0,0,0,0,0,0,2,7,5,2,70,Highly Suitable
1,1,1,1,0,0,0,1,1,0,0,2,8,0,0,60,Highly Suitable
0,0,0,0,1,1,0,1,1,0,0,1,4,4,0,100,Highly Suitable
0,1,0,1,0,0,0,1,1,0,1,0,2,0,0,94,Suitable
1,0,0,1,0,1,0,0,0,0,1,3,4,0,2,35,Suitable
1,0,1,1,0,0,0,0,1,1,1,1,3,3,0,34,Needs Improvement
1,1,1,1,1,0,1,0,1,1,1,6,3,2,0,75,Highly Suitable
1,0,0,1,1,0,0,0,1,0,0,0,4,2,2,79,Suitable
0,0,1,0,0,1,1,0,1,1,0,5,3,0,1,23,Needs Improvement
1,1,1,0,0,1,1,0,1,0,1,5,0,0,2,46,Highly Suitable
0,0,1,1,0,1,1,0,1,0,1,7,1,4,0,38,Highly Suitable
1,0,0,0,0,1,1,1,0,0,0,3,1,2,2,30,Needs Improvement
1,0,1,0,1,1,0,0,0,0,0,8,8,3,0,86,Highly Suitable
1,0,0,0,0,0,0,0,0,0,0,6,0,4,1,23,Not Suitable
0,1,1,1,0,0,1,0,1,0,0,7,3,5,1,57,Highly Suitable
1,0,0,0,0,0,0,0,1,0,1,4,6,0,0,83,Suitable
0,1,0,0,1,0,0,0,1,0,0,4,7,4,0,62,Suitable
0,0,1,1,0,0,0,0,0,1,1,0,5,0,0,29,Not Suitable
1,1,0,1,0,1,1,0,0,1,1,3,7,2,1,88,Highly Suitable
0,0,0,1,1,0,1,0,1,1,1,1,8,4,1,71,Highly Suitable
1,1,1,0,0,0,0,1,0,0,1,2,4,1,1,36,Suitable
0,0,1,0,1,0,1,0,0,0,0,7,1,0,1,68,Suitable
1,0,0,0,1,1,0,1,1,1,0,1,4,1,2,22,Needs Improvement
1,1,1,0,0,1,1,0,1,0,0,2,4,1,0,25,Highly Suitable
1,1,0,0,1,0,1,1,1,1,1,2,6,1,2,49,Highly Suitable
0,0,0,1,1,0,0,0,1,1,0,4,0,5,1,67,Needs Improvement
1,0,1,1,0,0,1,0,1,0,1,6,1,3,1,70,Highly Suitable
1,0,0,1,1,0,0,1,1,1,0,4,6,2,2,45,Highly Suitable
0,1,0,0,0,1,1,0,0,1,1,8,1,5,1,78,Highly Suitable
0,0,0,0,0,1,0,1,1,1,0,4,7,2,0,33,Suitable
1,0,1,1,1,1,1,0,0,1,1,5,4,0,1,78,Highly Suitable
1,0,1,0,0,0,1,0,0,0,1,8,8,3,0,39,Highly Suitable
1,0,1,0,0,0,0,0,1,1,1,3,2,2,2,91,Highly Suitable
1,0,0,1,1,1,1,0,1,1,0,2,8,0,0,96,Highly Suitable
0,1,1,0,1,1,0,0,1,0,1,4,8,4,1,92,Highly Suitable
0,1,0,1,0,0,1,0,1,1,0,6,3,3,1,22,Highly Suitable
1,1,1,1,1,0,0,1,1,0,1,8,5,3,2,70,Highly Suitable
1,1,1,0,1,0,0,1,0,0,1,6,6,3,0,66,Highly Suitable
0,1,0,0,1,1,0,0,0,1,0,0,6,2,2,23,Suitable
0,0,1,0,1,1,0,1,1,0,0,2,1,0,1,23,Needs Improvement
0,1,1,0,1,1,0,0,0,1,0,4,8,1,1,72,Highly Suitable
0,1,1,0,0,1,0,0,0,1,1,2,5,3,1,89,Highly Suitable
1,0,1,1,0,1,1,1,1,0,1,4,2,0,1,31,Highly Suitable
0,1,1,1,0,1,0,1,1,1,0,5,3,3,1,54,Highly Suitable
0,1,1,0,0,1,0,0,0,0,1,2,6,4,2,22,Suitable
1,1,0,0,1,0,0,1,1,1,1,8,1,5,2,45,Highly Suitable
0,0,1,1,0,0,0,1,1,1,0,7,5,0,1,92,Highly Suitable
1,1,1,1,0,0,0,1,1,1,0,6,0,3,0,31,Highly Suitable
1,0,1,1,0,1,1,1,1,0,0,8,2,2,0,86,Highly Suitable
1,0,1,1,0,1,1,1,0,1,0,4,4,4,0,72,Highly Suitable
1,0,0,0,1,1,1,1,0,0,0,5,0,0,0,96,Suitable
0,1,1,1,0,1,1,1,1,1,0,2,3,1,1,21,Highly Suitable
1,0,1,1,0,1,0,0,0,1,0,5,6,0,2,77,Highly Suitable
0,1,1,0,0,1,1,0,1,0,0,5,4,3,0,58,Highly Suitable
0,0,0,0,1,1,1,0,1,0,0,8,4,1,2,75,Highly Suitable
1,1,1,0,1,1,1,0,1,0,0,0,6,4,1,81,Highly Suitable
1,0,0,0,0,0,1,1,0,1,0,4,4,0,1,92,Suitable
0,1,0,1,0,1,0,0,0,0,0,3,1,3,0,49,Needs Improvement
0,0,0,0,0,0,0,1,1,0,1,4,5,0,0,46,Needs Improvement
1,1,0,1,1,1,0,1,1,0,1,0,2,1,1,97,Highly Suitable
1,0,0,1,1,1,0,0,0,0,0,8,8,2,0,80,Highly Suitable
0,0,0,0,0,1,0,1,1,0,0,7,2,5,0,53,Suitable
1,0,0,0,1,0,0,0,1,0,1,8,3,1,0,52,Highly Suitable
1,1,1,1,0,0,1,1,1,0,1,1,1,2,0,73,Highly Suitable
1,1,0,0,0,0,0,0,1,1,1,8,8,0,1,88,Highly Suitable
0,1,0,1,1,0,0,0,0,0,0,8,2,0,2,20,Suitable
0,1,0,0,1,1,0,1,0,0,0,2,5,3,0,76,Suitable
0,1,0,1,1,0,1,1,0,0,0,3,6,0,1,34,Suitable
1,0,0,1,1,1,1,1,1,1,1,3,1,5,1,35,Highly Suitable
0,0,0,0,0,0,1,1,0,0,0,5,0,3,1,34,Needs Improvement
1,1,0,1,1,1,0,0,0,1,0,4,8,5,0,99,Highly Suitable
1,1,0,1,1,0,0,1,1,0,0,5,6,1,2,65,Highly Suitable
1,0,0,0,1,0,0,1,1,0,1,5,8,1,0,74,Suitable
1,1,0,0,0,0,0,1,1,0,1,2,2,4,1,64,Suitable
1,1,0,0,0,1,1,0,0,1,1,6,8,2,2,94,Highly Suitable
1,0,1,0,0,1,1,1,0,1,0,8,8,2,2,67,Highly Suitable
1,1,0,1,1,0,1,1,0,0,1,2,1,2,1,35,Suitable
0,0,1,1,1,1,0,0,0,1,0,3,2,2,0,72,Suitable
0,1,1,0,1,1,1,1,1,1,0,3,5,3,1,35,Highly Suitable
1,0,1,1,0,1,1,1,1,0,1,7,4,4,0,42,Highly Suitable
0,0,0,1,1,1,0,1,0,0,0,6,8,3,0,92,Highly Suitable
0,1,1,1,0,1,0,0,0,0,1,7,1,1,0,40,Highly Suitable
1,0,1,0,0,0,0,1,0,0,1,3,6,1,1,68,Suitable
1,1,0,0,1,0,0,0,0,0,0,4,1,3,2,56,Suitable
1,1,0,1,0,0,0,0,1,1,1,8,7,5,1,34,Highly Suitable
0,0,0,0,1,1,1,1,0,1,0,7,4,3,0,85,Highly Suitable
1,1,1,1,0,0,1,1,1,1,1,7,2,2,1,51,Highly Suitable
1,1,1,1,0,1,0,0,0,0,1,1,6,4,0,49,Highly Suitable
0,1,0,0,0,0,1,0,0,1,0,3,5,4,0,83,Suitable
1,1,0,1,0,1,0,1,1,0,0,7,0,0,2,80,Highly Suitable
0,0,0,0,0,0,0,0,1,1,0,5,8,1,1,49,Needs Improvement
1,1,1,0,0,1,0,1,1,1,0,3,1,3,0,25,Highly Suitable
0,0,1,1,1,1,0,0,0,1,0,7,6,5,2,86,Highly Suitable
0,0,1,0,0,1,0,0,1,0,0,1,5,3,0,48,Suitable
0,0,1,1,1,1,1,1,0,0,0,3,3,0,2,83,Highly Suitable
0,0,0,0,0,0,1,0,1,1,1,0,6,1,1,37,Not Suitable
0,1,1,0,1,0,0,0,1,1,0,8,2,2,1,96,Highly Suitable
0,1,0,1,1,1,1,0,0,0,0,8,1,2,2,28,Highly Suitable
0,0,0,0,0,1,0,0,1,1,0,4,2,2,2,54,Needs Improvement
1,1,0,0,1,1,1,1,0,0,1,3,8,3,1,75,Highly Suitable
1,0,0,0,0,1,0,1,0,0,0,7,2,2,2,34,Highly Suitable
1,1,0,0,1,0,0,0,1,1,1,4,8,5,1,72,Highly Suitable
1,1,1,1,1,1,0,0,0,1,1,3,3,5,1,38,Highly Suitable
1,1,0,1,0,0,0,1,1,0,1,5,5,4,0,61,Highly Suitable
1,0,1,0,0,1,0,0,0,1,0,1,7,1,0,98,Highly Suitable
0,0,1,0,0,1,0,0,0,1,1,2,0,3,0,42,Not Suitable
0,0,0,1,0,0,0,1,0,0,0,4,8,5,1,54,Suitable
1,0,1,0,0,1,1,1,0,1,1,4,8,0,0,65,Highly Suitable
0,1,0,1,1,0,0,0,0,0,0,1,5,1,2,41,Suitable
0,0,0,0,0,0,1,0,1,0,1,4,5,3,0,95,Suitable
0,1,1,0,0,0,0,1,1,0,1,0,2,1,1,53,Suitable
0,0,0,0,0,1,1,0,1,0,0,5,7,5,0,78,Suitable
0,1,1,1,0,1,0,0,0,0,1,0,6,1,1,93,Highly Suitable
0,1,1,0,0,0,0,1,1,0,0,0,5,1,1,37,Needs Improvement
1,0,0,1,1,0,0,0,0,1,1,4,7,0,0,49,Suitable
0,0,0,0,1,1,0,1,0,1,0,6,1,1,2,86,Suitable
1,1,1,1,1,1,0,0,0,0,0,3,2,0,1,100,Highly Suitable
0,1,1,0,0,1,1,1,0,1,0,6,1,2,2,39,Suitable
0,0,0,0,1,1,1,1,0,0,1,3,3,3,1,96,Highly Suitable
1,0,0,1,0,1,1,1,1,1,1,8,5,4,1,49,Highly Suitable
0,1,1,1,1,0,0,1,0,0,1,1,4,1,2,47,Highly Suitable
0,0,1,1,0,0,0,0,1,1,1,4,8,4,1,42,Suitable
1,1,1,0,0,1,0,0,0,1,1,4,0,0,0,23,Needs Improvement
0,0,0,0,0,1,1,1,0,0,0,2,7,1,2,94,Suitable
0,1,1,0,0,0,0,0,0,0,0,0,6,5,2,88,Suitable
0,0,1,0,1,1,0,0,1,0,0,0,3,4,2,59,Suitable
0,0,0,0,0,0,0,1,0,0,1,1,8,5,2,40,Needs Improvement
0,0,1,1,1,0,1,1,1,1,1,5,6,4,2,20,Highly Suitable
0,1,1,1,1,0,0,1,1,1,0,4,7,4,1,67,Highly Suitable
1,0,0,1,0,0,0,1,0,1,0,2,0,5,1,35,Needs Improvement
0,0,1,0,1,0,1,1,1,0,1,3,3,3,0,52,Suitable
1,1,0,1,0,1,1,0,1,0,1,4,2,0,2,82,Highly Suitable
0,1,1,0,1,1,1,1,0,1,0,0,8,0,1,63,Highly Suitable
1,1,0,0,1,1,1,1,1,1,0,1,6,1,2,79,Highly Suitable
1,0,1,1,1,1,0,1,1,0,0,2,8,4,0,75,Highly Suitable
1,1,1,0,1,1,1,0,0,1,1,1,4,2,1,54,Highly Suitable
0,0,1,1,1,1,0,0,0,1,1,0,5,5,1,59,Highly Suitable
0,1,1,1,0,0,0,1,1,1,1,3,6,2,1,94,Highly Suitable
1,1,1,0,1,1,0,1,0,1,1,1,5,3,2,70,Highly Suitable
1,0,1,0,0,1,0,1,0,1,1,7,7,4,2,26,Highly Suitable
0,1,1,1,1,0,1,1,0,0,0,2,3,5,0,99,Highly Suitable
0,0,0,0,0,1,1,0,0,1,0,4,4,2,0,23,Needs Improvement
0,0,1,0,0,1,1,0,1,0,1,3,0,2,1,95,Highly Suitable
0,1,0,0,0,0,0,1,1,0,1,6,3,4,1,63,Suitable
1,1,0,0,1,0,0,1,1,1,0,1,1,4,0,84,Suitable
1,1,1,0,1,0,1,1,0,1,0,2,0,5,2,43,Highly Suitable
0,1,0,0,1,0,1,1,0,1,1,7,3,0,0,42,Highly Suitable
1,0,1,1,0,1,1,0,1,1,1,7,1,5,2,25,Highly Suitable
0,0,1,0,1,0,1,0,1,1,1,2,0,2,0,95,Suitable
1,1,1,0,1,0,0,1,1,1,1,3,1,0,0,56,Highly Suitable
0,1,0,1,0,1,1,1,1,0,1,1,1,4,1,49,Highly Suitable
1,1,0,0,0,1,1,0,0,1,0,4,6,5,2,30,Highly Suitable
1,1,1,0,1,1,0,0,0,1,0,5,7,5,2,94,Highly Suitable
1,0,1,0,1,1,0,1,0,1,0,4,0,5,0,61,Suitable
1,1,0,0,0,1,1,1,1,0,1,8,3,2,2,44,Highly Suitable
0,1,1,0,1,1,1,0,0,1,1,6,2,2,0,33,Highly Suitable
1,1,1,1,1,0,1,0,0,0,1,8,7,2,2,44,Highly Suitable
0,1,0,0,1,1,1,0,0,1,0,6,8,5,1,26,Highly Suitable
0,1,1,1,1,0,0,0,0,0,0,1,6,5,2,38,Highly Suitable
0,0,1,1,1,1,0,0,0,1,0,7,0,2,2,38,Suitable
0,0,1,1,0,0,0,1,1,0,1,4,7,5,0,76,Highly Suitable
0,1,1,1,1,0,1,0,0,0,0,0,8,3,2,66,Highly Suitable
0,0,1,0,0,1,0,0,1,1,1,1,6,1,1,53,Needs Improvement
1,0,0,1,0,0,1,0,0,1,0,1,2,3,2,87,Suitable
1,0,0,1,1,0,0,1,0,0,1,3,5,3,2,89,Highly Suitable
1,1,0,0,0,0,1,0,0,1,1,7,0,4,0,38,Suitable
1,0,1,0,0,1,0,0,0,1,0,4,7,3,1,25,Suitable
0,0,1,0,1,0,0,0,1,0,0,4,4,1,0,77,Suitable
1,1,1,0,1,0,1,1,0,1,0,4,6,1,1,99,Highly Suitable
1,1,1,0,0,1,1,0,1,1,0,8,2,1,1,21,Highly Suitable
0,1,0,0,0,0,1,0,1,1,0,2,8,3,1,90,Highly Suitable
0,0,0,0,0,0,1,0,0,0,0,6,5,5,1,44,Needs Improvement
1,0,1,1,1,1,1,1,1,1,0,4,7,0,1,49,Highly Suitable
1,0,1,0,1,0,1,0,1,0,1,7,7,1,2,44,Highly Suitable
0,0,0,1,0,1,0,1,1,1,1,8,6,3,0,31,Highly Suitable
0,1,1,0,0,0,0,1,0,1,0,4,6,1,2,26,Highly Suitable
1,0,1,0,0,1,0,1,1,1,0,6,3,2,1,26,Highly Suitable
1,0,0,0,1,0,0,1,0,1,1,7,1,2,2,74,Highly Suitable
0,1,0,1,0,1,1,0,1,0,1,1,3,1,1,34,Suitable
1,0,0,1,1,0,0,1,0,1,1,1,3,0,0,34,Needs Improvement
1,1,1,1,0,1,0,1,0,0,0,4,6,5,0,29,Highly Suitable
0,1,0,0,0,0,0,1,1,0,0,8,3,0,0,93,Suitable
1,0,1,0,1,1,1,1,0,1,0,4,0,5,2,90,Highly Suitable
0,0,0,0,0,0,0,1,0,1,0,6,5,3,1,67,Suitable
1,1,1,0,0,1,0,0,1,1,0,4,4,3,1,68,Highly Suitable
0,0,1,0,1,1,0,1,1,1,0,4,4,0,1,87,Highly Suitable
0,1,0,1,1,0,1,1,0,0,0,8,3,4,2,38,Highly Suitable
1,0,0,0,1,1,0,0,0,1,0,2,3,5,0,80,Suitable
1,1,1,0,1,0,0,0,1,1,0,2,5,3,0,67,Highly Suitable
1,0,0,1,1,1,1,1,1,1,0,2,5,0,1,59,Highly Suitable
1,1,0,1,0,0,1,0,0,1,1,8,0,3,1,72,Highly Suitable
1,0,1,1,0,0,0,1,1,1,1,3,0,2,0,20,Needs Improvement
1,0,1,1,1,1,0,1,0,0,1,8,7,3,0,37,Highly Suitable
1,1,0,1,0,1,0,0,1,0,0,8,6,4,0,91,Highly Suitable
1,1,1,1,1,0,1,1,1,1,0,4,2,4,2,67,Highly Suitable
1,1,1,1,0,0,1,1,1,0,1,3,5,5,2,68,Highly Suitable
1,0,0,0,0,1,1,1,1,1,1,1,5,3,2,100,Highly Suitable
0,1,1,0,1,1,1,1,1,1,0,0,0,1,1,46,Suitable
0,1,0,1,1,0,0,1,1,1,1,2,5,1,0,53,Highly Suitable
0,0,0,0,0,1,1,0,1,1,1,4,4,3,2,79,Highly Suitable
0,0,1,0,0,0,0,1,0,1,0,1,1,5,1,81,Suitable
0,0,1,1,1,1,0,0,0,0,0,7,8,0,2,80,Highly Suitable
1,0,1,1,0,0,0,0,1,1,0,2,7,4,2,96,Highly Suitable
1,1,0,1,0,0,1,0,0,0,0,0,7,1,1,64,Suitable
1,1,1,0,0,1,0,0,1,0,0,4,8,3,2,79,Highly Suitable
1,0,1,1,1,1,0,1,1,1,1,2,5,5,2,93,Highly Suitable
1,1,0,0,0,1,1,0,1,0,1,7,1,0,2,40,Highly Suitable
0,1,1,1,0,0,1,1,1,1,0,7,3,4,2,71,Highly Suitable
1,1,1,0,0,1,1,1,0,1,1,5,1,1,0,40,Highly Suitable
1,0,0,1,0,0,1,0,1,0,1,1,2,4,0,61,Needs Improvement
1,0,1,1,0,0,1,0,0,0,0,7,1,0,2,61,Highly Suitable
1,0,1,0,1,0,0,1,1,1,0,6,7,0,0,50,Highly Suitable
0,0,1,1,1,1,0,1,0,1,0,4,3,3,2,79,Highly Suitable
0,0,1,1,0,1,0,0,1,0,0,5,6,0,0,21,Suitable
1,0,1,1,0,1,0,1,0,0,1,7,2,0,2,79,Highly Suitable
1,0,1,1,1,1,0,1,1,0,0,5,3,0,2,36,Highly Suitable
1,1,0,1,0,1,0,0,0,1,1,1,0,0,0,48,Suitable
0,0,0,0,0,0,1,1,1,1,1,2,7,5,1,97,Highly Suitable
1,0,1,0,0,0,1,1,1,0,1,8,8,5,0,31,Highly Suitable
0,1,1,1,0,0,0,1,1,1,0,3,8,1,2,74,Highly Suitable
1,1,0,1,0,1,1,0,1,1,0,4,8,3,2,32,Highly Suitable
0,1,0,0,1,1,0,1,1,0,0,5,5,3,0,38,Suitable
0,1,1,0,0,0,1,0,0,0,0,4,0,5,1,99,Suitable
1,0,0,0,0,0,0,1,1,0,1,3,4,4,2,50,Suitable
1,1,1,1,1,0,0,1,0,1,1,3,8,5,2,79,Highly Suitable
1,1,0,1,1,0,1,0,1,1,0,1,8,0,0,30,Suitable
0,0,0,0,0,1,1,0,1,1,0,2,0,2,0,21,Needs Improvement
0,0,0,0,0,1,0,1,1,0,0,2,8,0,0,62,Needs Improvement
0,0,0,1,1,1,1,1,1,0,0,2,3,2,2,86,Highly Suitable
1,0,0,0,0,0,1,1,0,1,0,4,1,5,1,27,Suitable
1,1,0,0,0,1,1,0,0,0,1,5,0,4,0,96,Highly Suitable
0,1,1,0,1,0,1,0,0,0,1,4,0,5,0,38,Highly Suitable
1,1,1,1,0,1,1,1,1,1,1,1,2,1,1,78,Highly Suitable
0,0,0,0,0,1,0,1,1,0,0,2,7,0,1,67,Needs Improvement
1,1,0,0,0,0,0,0,1,0,0,4,8,0,0,41,Suitable
0,1,1,1,1,1,1,0,0,1,0,4,3,4,1,43,Highly Suitable
0,0,1,0,0,1,0,1,0,0,1,5,2,4,1,92,Suitable
0,1,1,1,0,0,0,0,0,0,1,7,0,0,0,83,Suitable
0,1,0,0,0,0,0,1,1,0,0,7,8,2,1,74,Highly Suitable
0,0,0,0,0,1,1,1,0,0,0,1,2,0,1,71,Needs Improvement
0,1,1,0,1,1,0,0,1,1,1,4,1,1,1,73,Highly Suitable
0,1,1,0,0,0,0,0,0,1,1,7,3,3,2,57,Highly Suitable
0,0,1,1,1,0,1,1,1,1,1,8,7,5,2,26,Highly Suitable
1,1,1,0,1,1,0,1,1,1,1,3,8,3,2,42,Highly Suitable
0,1,0,0,0,1,1,0,1,1,1,6,0,1,1,74,Suitable
0,0,0,1,1,1,1,0,1,1,1,3,2,5,2,64,Highly Suitable
1,1,1,1,1,0,0,0,1,1,1,1,0,2,0,55,Suitable
1,0,1,0,1,1,1,1,1,1,0,6,0,2,2,45,Highly Suitable
0,0,0,0,1,1,0,1,0,1,1,3,4,5,1,22,Suitable
0,0,1,1,0,0,0,1,0,0,0,7,2,5,0,98,Highly Suitable
0,1,1,0,0,1,1,1,1,0,1,5,0,1,1,31,Highly Suitable
0,1,0,1,1,1,1,1,0,1,0,4,7,2,1,52,Highly Suitable
1,0,0,0,1,1,1,1,1,1,1,6,2,1,0,28,Highly Suitable
0,1,0,0,1,1,0,1,1,0,1,1,7,0,0,96,Highly Suitable
0,1,0,0,0,1,1,1,1,1,1,2,6,0,1,38,Suitable
1,0,1,0,1,1,1,0,0,0,1,1,2,5,1,95,Highly Suitable
1,1,1,1,0,1,0,1,0,0,1,2,3,4,0,45,Highly Suitable
0,1,1,1,1,1,1,0,1,1,0,8,7,2,2,39,Highly Suitable
1,1,0,1,0,1,0,0,1,0,1,4,7,3,2,69,Highly Suitable
0,1,0,1,0,1,1,0,1,0,0,1,6,4,0,48,Highly Suitable
1,0,1,0,1,0,0,1,1,0,1,6,8,4,2,39,Highly Suitable
0,0,1,0,0,0,1,1,1,0,0,4,8,4,2,44,Suitable
0,1,1,0,0,0,1,1,1,1,1,8,6,3,0,93,Highly Suitable
0,0,0,0,1,0,1,0,0,0,0,0,2,4,0,79,Not Suitable
0,0,0,1,1,1,1,1,0,1,1,0,4,3,0,37,Needs Improvement
1,1,0,1,0,0,1,1,0,1,1,5,0,3,1,75,Highly Suitable
1,1,0,0,1,1,1,1,0,0,0,0,8,5,2,96,Highly Suitable
0,1,0,1,0,1,0,1,1,1,0,3,0,5,1,65,Suitable
1,1,1,1,0,1,0,0,1,0,0,0,7,0,2,46,Highly Suitable
1,0,0,1,0,0,1,1,1,1,1,4,7,0,0,80,Highly Suitable
0,0,1,1,1,0,0,1,0,1,1,5,7,0,0,83,Highly Suitable
0,0,0,1,1,1,0,0,0,1,0,8,0,1,0,25,Suitable
1,1,0,1,1,0,1,1,0,1,1,8,8,5,2,37,Highly Suitable
0,1,1,1,0,1,0,1,0,0,1,6,3,2,2,27,Highly Suitable
0,1,1,0,1,0,0,0,0,0,0,8,6,1,1,46,Highly Suitable
0,0,0,0,0,1,1,0,0,0,1,6,6,5,1,63,Highly Suitable
1,0,1,0,0,0,1,0,0,1,1,6,3,5,0,36,Highly Suitable
0,1,0,0,0,0,1,1,1,1,0,5,4,5,2,65,Highly Suitable
0,0,1,1,1,1,0,0,0,1,1,2,7,3,1,35,Suitable
0,0,1,0,0,1,0,0,1,0,0,2,6,4,0,89,Suitable
1,1,0,1,1,0,1,1,1,1,1,0,7,4,0,50,Highly Suitable
0,1,1,0,0,0,0,1,0,0,1,6,6,1,2,61,Highly Suitable
0,0,0,1,1,1,1,1,1,1,0,0,1,1,0,41,Needs Improvement
1,1,0,1,0,1,0,0,0,1,0,2,7,3,1,34,Highly Suitable
0,0,0,1,1,1,0,0,0,0,0,7,2,3,1,78,Highly Suitable
1,0,0,0,1,1,1,0,0,0,0,2,3,0,2,57,Suitable
1,0,0,0,1,0,1,0,0,1,1,4,2,0,0,76,Suitable
0,0,0,1,0,1,1,1,0,0,1,2,6,4,0,30,Suitable
1,1,1,0,0,0,0,0,1,1,1,1,7,0,2,65,Highly Suitable
1,0,1,0,0,1,0,0,1,0,0,4,3,5,2,82,Highly Suitable
1,1,0,0,0,0,0,1,1,0,1,4,8,2,2,26,Highly Suitable
0,1,1,1,0,0,0,1,0,0,0,4,7,1,0,21,Suitable
0,0,0,1,1,0,1,0,0,0,1,6,7,5,2,49,Highly Suitable
0,1,1,1,0,1,1,1,0,1,1,3,4,1,1,51,Highly Suitable
1,1,0,0,1,1,0,1,0,1,1,5,7,5,1,20,Highly Suitable
1,0,1,0,0,0,0,1,0,1,0,4,1,5,2,72,Highly Suitable
1,1,0,1,1,1,0,0,0,0,1,3,0,2,0,43,Suitable
1,1,0,1,0,1,0,0,1,1,0,7,1,4,1,92,Highly Suitable
1,0,0,0,1,0,0,1,0,0,0,5,2,4,0,43,Suitable
1,0,1,1,1,1,1,1,1,1,0,6,3,1,0,61,Highly Suitable
0,0,1,1,1,1,0,1,0,0,0,6,5,3,0,30,Suitable
0,1,0,1,1,1,1,1,0,1,1,7,8,2,0,68,Highly Suitable
0,0,1,0,0,0,1,0,0,0,0,8,3,5,2,77,Highly Suitable
1,0,0,1,1,0,0,1,0,0,0,6,7,1,2,95,Highly Suitable
0,1,1,0,1,1,0,0,0,1,1,5,3,4,2,87,Highly Suitable
0,0,0,1,1,0,0,0,0,0,1,4,3,0,0,65,Suitable
0,0,0,0,0,0,0,0,1,0,0,5,3,4,0,41,Not Suitable
1,1,1,1,1,1,0,1,1,1,1,5,5,1,0,87,Highly Suitable
1,1,1,1,1,0,1,1,0,0,0,5,0,3,2,23,Highly Suitable
0,0,1,1,0,1,1,0,0,0,1,2,7,2,0,55,Suitable
1,0,1,0,1,0,1,0,1,1,0,6,8,1,0,90,Highly Suitable
0,1,0,1,1,0,1,0,1,1,1,3,0,3,0,90,Highly Suitable
1,1,0,0,0,1,0,1,0,1,1,7,7,1,1,42,Highly Suitable
1,1,0,0,1,0,1,0,0,1,1,5,3,5,1,41,Highly Suitable
0,0,0,0,1,1,0,0,1,0,1,7,1,4,2,31,Suitable
1,0,0,1,0,1,1,0,1,1,0,6,5,2,0,53,Highly Suitable
1,1,0,1,0,0,0,0,0,0,0,0,1,4,0,31,Needs Improvement
0,1,0,0,1,0,1,1,0,1,0,4,4,0,1,88,Highly Suitable
0,0,0,1,1,0,0,1,1,1,1,2,2,3,1,53,Suitable
0,0,1,0,0,0,1,1,0,0,1,0,4,4,1,96,Suitable
0,1,1,0,1,0,1,1,0,1,1,7,5,2,2,35,Highly Suitable
1,1,1,0,1,1,1,1,0,1,0,7,1,0,0,76,Highly Suitable
0,0,0,0,1,1,0,0,1,1,0,3,1,4,0,45,Needs Improvement
0,1,1,1,1,1,1,1,1,1,1,2,0,4,2,71,Highly Suitable
1,1,1,0,1,0,1,0,0,0,1,4,2,0,0,40,Suitable
0,0,1,1,1,1,0,1,0,0,1,3,8,2,2,36,Highly Suitable
0,1,1,0,0,0,1,0,1,1,0,4,7,0,0,28,Suitable
1,0,0,1,0,0,1,1,1,0,0,2,2,0,2,97,Highly Suitable
1,0,1,0,1,1,0,1,1,1,0,5,3,5,1,73,Highly Suitable
1,0,0,1,0,0,1,0,0,1,1,5,3,2,0,52,Suitable
0,0,1,0,1,1,1,1,0,0,0,1,4,2,2,47,Highly Suitable
0,0,1,1,0,0,1,1,0,1,0,5,1,3,0,99,Highly Suitable
1,0,1,1,1,0,0,0,1,0,1,5,5,0,0,88,Highly Suitable
0,0,1,0,1,1,1,1,0,0,1,0,7,4,0,59,Suitable
0,1,0,1,0,1,0,0,0,1,0,6,6,4,0,56,Suitable
1,0,0,1,1,1,0,0,1,1,1,3,8,3,1,79,Highly Suitable
1,1,1,1,0,0,0,0,1,1,1,5,6,0,2,22,Highly Suitable
1,0,1,1,0,0,1,0,1,0,0,0,2,2,0,83,Suitable
1,0,1,0,0,1,0,0,0,1,1,2,3,5,2,36,Highly Suitable
0,1,1,1,1,1,1,0,1,0,1,4,8,4,1,86,Highly Suitable
1,0,0,0,1,1,1,1,1,0,0,4,1,1,1,72,Highly Suitable
0,0,1,1,0,1,1,1,0,0,1,4,8,4,0,95,Highly Suitable
0,0,0,0,1,0,0,0,0,1,1,1,4,3,2,81,Suitable
0,0,0,0,1,0,0,0,0,1,1,5,2,2,0,85,Needs Improvement
0,1,0,0,0,0,0,1,0,1,0,7,5,3,2,90,Suitable
1,1,1,0,0,1,1,0,1,1,0,5,3,1,1,85,Highly Suitable
1,1,0,0,1,1,0,0,1,1,1,2,2,1,0,53,Suitable
0,0,1,0,1,1,1,0,0,0,1,7,7,1,2,61,Highly Suitable
1,1,1,1,1,0,1,1,0,1,1,1,8,2,2,60,Highly Suitable
1,1,1,0,0,0,1,1,1,1,1,8,0,1,1,71,Highly Suitable
1,0,0,1,1,1,0,1,1,0,1,2,2,5,0,65,Highly Suitable
1,0,0,1,0,0,1,0,0,0,0,0,6,4,0,90,Suitable
1,0,0,1,1,0,0,1,0,1,0,4,0,5,0,37,Suitable
0,0,1,0,1,0,1,0,0,0,0,8,1,5,2,30,Suitable
1,1,0,1,0,1,1,0,0,1,1,4,8,4,1,34,Highly Suitable
0,0,0,0,0,0,0,1,0,1,0,4,2,3,2,70,Needs Improvement
0,1,1,0,1,1,1,1,0,1,1,7,8,3,2,94,Highly Suitable
1,0,0,0,1,1,1,0,1,1,0,2,4,2,0,76,Highly Suitable
0,1,1,1,1,0,1,0,0,0,0,7,3,5,1,90,Highly Suitable
0,1,0,0,1,1,1,1,1,0,1,7,0,1,0,53,Highly Suitable
1,1,1,0,0,1,0,0,1,1,0,1,8,2,1,76,Highly Suitable
1,0,0,1,0,1,1,0,1,1,1,0,6,4,1,86,Highly Suitable
0,1,0,0,0,1,0,0,0,1,1,3,1,3,2,76,Suitable
1,0,1,0,0,0,1,0,1,1,1,0,6,2,0,68,Suitable
1,0,1,1,1,0,0,0,0,0,0,3,7,2,2,78,Highly Suitable
0,1,1,1,1,1,1,0,0,0,0,2,7,4,1,62,Highly Suitable
1,1,0,1,0,0,0,1,1,1,0,4,0,2,1,30,Suitable
0,1,1,0,0,1,1,1,1,0,1,3,6,0,1,33,Suitable
0,0,1,0,1,0,1,0,1,0,0,0,6,1,0,87,Needs Improvement
0,1,0,0,0,1,1,1,0,1,0,5,0,0,0,46,Suitable
0,0,1,0,1,1,0,0,0,0,1,4,1,4,2,40,Suitable
1,0,0,0,1,1,0,1,1,0,1,1,5,5,0,85,Highly Suitable
1,1,1,0,0,1,0,0,0,0,1,8,6,0,2,33,Highly Suitable
0,1,1,1,0,1,0,0,0,1,0,4,0,4,0,83,Highly Suitable
1,0,0,1,1,1,0,0,1,0,0,0,0,4,0,71,Needs Improvement
0,0,0,1,0,0,1,0,1,0,0,1,4,3,1,83,Suitable
0,0,0,1,1,1,0,0,1,1,0,0,8,4,1,79,Highly Suitable
1,0,0,1,1,0,0,1,0,0,0,3,6,0,2,69,Suitable
1,0,1,1,0,0,1,0,0,1,0,3,7,5,2,73,Highly Suitable
1,1,1,0,1,0,1,0,1,0,0,7,7,2,2,24,Highly Suitable
1,1,1,0,1,1,1,1,0,1,1,4,5,5,0,77,Highly Suitable
1,0,1,0,0,1,0,1,1,1,0,0,0,5,1,99,Suitable
0,1,0,1,0,1,0,0,0,1,0,8,5,4,0,39,Suitable
0,0,1,1,1,0,0,0,1,1,1,8,6,0,2,31,Highly Suitable
0,1,0,0,0,1,1,1,1,0,1,4,6,2,2,46,Highly Suitable
1,1,0,0,1,0,0,0,1,0,0,8,8,5,2,62,Highly Suitable
1,1,1,1,1,0,0,1,1,0,0,5,8,5,0,82,Highly Suitable
1,1,0,0,1,1,0,1,0,1,0,5,5,0,1,80,Highly Suitable
1,0,1,0,0,0,1,0,1,0,0,6,5,1,2,81,Highly Suitable
0,1,1,0,0,1,1,1,0,0,0,3,0,2,1,63,Suitable
0,0,0,0,0,1,1,0,0,0,0,3,8,0,1,66,Needs Improvement
1,0,1,0,0,1,0,0,1,0,1,4,5,1,0,89,Highly Suitable
1,0,1,1,1,0,1,0,1,1,0,8,8,1,2,67,Highly Suitable
0,0,0,0,1,0,0,0,1,1,1,8,7,0,2,76,Highly Suitable
1,1,1,0,0,1,0,1,0,1,1,3,1,0,2,39,Suitable
0,0,0,0,1,0,0,1,1,0,0,4,1,3,0,65,Needs Improvement
1,1,1,0,1,1,1,1,1,0,1,5,8,3,2,60,Highly Suitable
1,1,0,1,0,1,1,1,1,1,0,3,1,0,2,76,Highly Suitable
1,1,0,0,1,1,0,1,0,1,1,7,1,1,0,52,Highly Suitable
1,0,1,0,0,0,1,0,0,1,1,0,4,3,1,79,Suitable
1,1,0,1,0,1,1,1,0,0,0,5,5,4,0,29,Highly Suitable
1,1,0,1,1,0,1,1,1,1,1,8,4,5,1,45,Highly Suitable
1,1,0,0,0,1,1,1,1,0,0,8,4,5,2,91,Highly Suitable
0,1,0,0,1,1,1,0,1,1,0,0,8,2,2,100,Highly Suitable
0,1,0,0,0,1,0,1,0,0,1,0,1,3,1,97,Suitable
0,0,1,1,0,0,1,1,0,1,0,8,1,5,2,71,Highly Suitable
1,1,0,1,1,1,0,1,0,1,0,5,2,5,1,57,Highly Suitable
0,1,1,1,1,0,1,0,1,1,0,5,7,4,2,76,Highly Suitable
0,0,1,0,0,0,0,0,0,1,0,5,5,5,0,41,Needs Improvement
1,1,0,0,0,0,0,1,1,1,1,1,6,0,2,68,Highly Suitable
1,1,1,0,0,1,1,0,0,0,1,5,4,5,0,38,Highly Suitable
1,1,0,1,1,1,0,1,0,0,1,1,3,4,1,25,Highly Suitable
0,0,0,1,1,0,0,1,0,1,1,6,7,1,2,74,Highly Suitable
0,1,1,0,0,1,0,0,1,1,1,2,6,4,0,46,Suitable
0,0,0,0,1,1,1,1,1,1,0,7,8,4,2,22,Highly Suitable
1,0,1,1,0,1,1,0,0,0,0,1,2,2,2,66,Highly Suitable
0,0,0,0,0,1,0,1,0,1,1,3,8,5,0,64,Suitable
1,1,0,1,1,0,1,0,1,1,1,5,0,2,1,51,Highly Suitable
0,0,0,0,1,1,0,1,1,0,0,5,2,5,1,32,Suitable
1,1,1,1,1,1,0,0,0,1,1,6,0,4,1,54,Highly Suitable
1,1,1,0,0,1,1,1,0,1,0,5,7,4,2,82,Highly Suitable
0,1,0,1,0,0,0,0,1,0,1,6,8,1,0,64,Highly Suitable
1,1,0,0,0,1,0,1,1,0,1,1,1,5,0,70,Suitable
0,1,1,1,0,1,0,0,0,1,1,8,4,0,1,22,Highly Suitable
1,0,0,1,1,0,1,1,0,1,1,5,7,2,1,60,Highly Suitable
1,1,1,1,1,0,1,1,1,0,0,0,7,4,2,55,Highly Suitable
0,1,1,0,0,0,1,0,0,1,1,3,4,2,2,62,Suitable
0,0,0,1,1,0,1,0,1,1,0,7,5,4,1,44,Highly Suitable
0,1,1,0,1,0,0,1,1,1,0,3,3,1,1,36,Suitable
1,0,1,0,0,1,1,1,1,0,1,8,6,5,1,64,Highly Suitable
0,1,0,0,1,1,1,1,0,0,1,0,0,5,0,32,Suitable
1,1,1,1,1,0,0,0,0,1,0,6,0,1,0,93,Highly Suitable
0,1,1,0,1,1,0,1,1,1,0,6,1,4,1,32,Highly Suitable
1,0,0,1,0,1,0,1,0,1,0,0,8,5,2,43,Highly Suitable
1,0,1,1,1,1,0,1,0,0,1,4,8,5,0,52,Highly Suitable
1,0,1,0,1,1,0,1,1,1,1,3,4,3,0,56,Highly Suitable
0,1,0,0,0,1,0,0,0,1,0,6,2,4,0,70,Suitable
0,1,1,1,1,0,0,0,0,0,0,4,4,4,0,27,Suitable
0,0,0,0,1,0,0,1,0,1,1,8,5,0,2,70,Highly Suitable
0,1,1,1,1,0,1,1,1,1,1,8,7,4,2,27,Highly Suitable
0,0,1,0,1,0,0,0,0,1,1,3,5,2,0,95,Suitable
0,0,0,0,1,1,1,1,0,0,1,6,2,3,2,53,Suitable
1,1,0,1,1,0,1,0,0,1,0,6,2,5,0,79,Highly Suitable
0,0,0,1,1,1,1,1,1,0,0,5,7,1,1,26,Highly Suitable
1,0,0,1,0,0,0,0,0,0,0,5,3,2,0,51,Needs Improvement
1,1,0,0,1,1,1,1,1,0,1,8,5,3,1,66,Highly Suitable
1,0,1,0,0,1,1,0,1,0,1,6,4,2,0,40,Suitable
0,1,0,1,0,0,0,1,1,0,1,8,2,5,1,41,Highly Suitable
1,1,0,1,0,0,1,1,1,1,1,6,7,3,0,42,Highly Suitable
1,0,0,0,1,0,0,0,1,1,0,3,7,1,0,82,Highly Suitable
1,1,1,0,1,0,1,1,0,1,0,7,4,4,1,43,Highly Suitable
1,1,1,1,1,0,0,0,0,1,1,2,0,5,2,31,Highly Suitable
0,1,1,1,0,1,0,1,0,1,1,2,3,3,1,33,Suitable
0,0,0,0,1,0,0,1,1,0,1,4,7,3,0,100,Highly Suitable
0,0,0,0,1,1,1,0,0,0,1,7,5,4,1,46,Highly Suitable
1,0,0,1,0,1,0,0,0,0,1,5,1,2,2,99,Highly Suitable
1,0,0,0,1,1,0,1,0,1,1,6,3,3,0,24,Highly Suitable
1,1,0,0,1,1,1,0,0,0,0,2,1,4,1,54,Suitable
1,1,0,0,0,1,0,0,1,1,1,0,3,4,0,92,Suitable
0,0,0,1,0,1,0,0,0,1,0,1,3,5,1,77,Suitable
0,0,0,0,0,1,0,1,0,1,1,0,6,5,1,34,Needs Improvement
0,1,0,0,0,0,0,1,0,1,1,8,3,0,0,75,Suitable
0,0,0,1,1,0,1,1,0,1,1,0,8,5,2,40,Highly Suitable
0,0,0,0,1,0,0,0,1,1,1,6,5,5,2,27,Highly Suitable
1,1,0,1,1,1,1,0,0,0,0,4,2,4,2,66,Highly Suitable
1,1,0,0,1,1,0,1,1,1,1,8,1,2,0,20,Highly Suitable
0,1,1,0,1,1,1,1,0,0,1,7,8,2,1,62,Highly Suitable
1,0,1,1,0,1,1,0,0,0,1,4,0,4,0,32,Highly Suitable
1,1,0,1,1,1,1,0,0,1,0,8,7,4,2,85,Highly Suitable
0,0,1,0,1,0,1,1,0,1,0,5,5,4,0,58,Highly Suitable
0,0,0,1,0,1,1,1,0,0,0,5,8,5,2,54,Highly Suitable
0,0,0,0,1,0,0,0,1,0,0,6,2,2,2,58,Needs Improvement
1,0,0,0,1,0,0,1,0,0,0,8,7,1,0,88,Highly Suitable
1,1,1,1,1,1,1,1,0,0,0,6,3,3,2,63,Highly Suitable
0,0,0,1,0,1,1,1,0,1,1,1,1,3,2,45,Suitable
0,0,1,0,0,0,1,0,1,1,1,0,4,1,1,35,Needs Improvement
1,0,0,0,0,1,1,1,1,1,1,4,1,2,1,33,Highly Suitable
1,0,1,1,0,1,1,1,0,1,1,2,0,1,2,33,Suitable
1,0,0,0,1,1,0,0,0,0,0,2,8,5,1,47,Suitable
0,1,0,0,1,0,1,0,1,1,1,8,7,2,2,69,Highly Suitable
0,1,1,1,0,0,0,0,1,1,1,8,6,0,0,62,Highly Suitable
1,0,1,1,0,0,0,0,1,1,0,4,3,5,0,32,Suitable
1,0,1,1,0,0,1,0,0,1,0,0,1,5,0,72,Needs Improvement
1,1,0,1,1,0,0,1,1,1,0,1,1,4,1,95,Highly Suitable
0,0,0,1,0,1,1,1,0,1,0,8,7,4,1,47,Highly Suitable
1,1,1,1,0,1,1,1,0,0,1,5,8,4,2,25,Highly Suitable
1,0,0,0,1,1,1,1,1,1,1,6,7,0,1,43,Highly Suitable
0,0,1,1,1,0,0,0,1,0,0,4,0,1,1,34,Suitable
1,1,1,0,1,1,1,0,1,0,1,6,8,5,0,31,Highly Suitable
1,0,0,0,0,1,0,1,0,1,1,0,5,0,1,98,Suitable
0,0,0,1,1,1,0,0,1,1,0,0,7,2,2,97,Suitable
1,1,1,1,1,0,0,1,0,0,0,2,2,2,2,67,Highly Suitable
0,0,1,1,0,0,0,1,1,1,1,0,4,4,1,90,Suitable
1,1,1,0,1,0,0,1,0,0,1,7,6,3,2,76,Highly Suitable
0,1,1,0,0,0,1,0,1,1,1,4,4,2,0,81,Suitable
0,0,0,1,1,0,0,0,0,1,1,3,0,0,0,28,Not Suitable
1,1,1,0,0,1,1,0,1,0,1,1,4,1,2,87,Highly Suitable
0,0,0,1,0,1,1,1,0,0,0,7,6,1,1,100,Highly Suitable
1,0,0,1,0,1,0,1,0,1,1,2,1,2,0,20,Needs Improvement
1,0,1,0,1,1,1,1,1,0,1,5,6,0,1,22,Highly Suitable
1,1,1,0,1,0,0,1,0,0,1,8,7,2,2,71,Highly Suitable
1,0,0,0,0,1,0,1,1,1,0,7,8,1,2,53,Highly Suitable
0,1,0,0,1,1,1,0,0,1,0,1,0,1,1,38,Suitable
1,1,1,0,1,0,0,1,0,1,0,0,5,0,1,68,Suitable
1,1,1,1,1,0,1,0,0,0,0,4,0,0,0,43,Suitable
1,0,1,0,0,1,1,0,0,1,1,2,3,1,1,67,Highly Suitable
1,0,0,1,1,1,0,0,0,0,1,4,3,5,1,67,Highly Suitable
0,1,0,0,1,1,0,1,1,1,0,4,2,1,1,26,Suitable
1,1,0,0,0,0,1,0,1,1,0,1,3,2,2,85,Highly Suitable
1,1,1,1,1,0,0,1,1,0,0,1,1,0,2,33,Highly Suitable
1,0,1,0,1,0,0,0,0,0,1,1,0,4,1,83,Suitable
0,1,1,1,1,0,1,1,0,1,0,8,3,0,0,93,Highly Suitable
0,1,0,0,1,0,1,0,0,0,0,7,4,5,0,31,Highly Suitable
0,1,1,0,0,1,0,0,0,0,1,5,1,1,0,46,Suitable
0,0,0,0,0,0,1,1,0,0,1,4,2,2,0,24,Not Suitable
1,1,0,1,0,1,1,1,0,0,0,3,6,3,0,77,Highly Suitable
0,0,1,1,0,1,0,1,1,0,1,7,7,5,0,22,Highly Suitable
0,1,1,1,1,1,1,0,0,1,1,0,2,2,2,44,Highly Suitable
1,1,1,0,1,1,1,0,0,1,0,8,7,1,1,65,Highly Suitable
0,0,0,0,0,0,0,0,1,0,1,2,7,2,1,37,Not Suitable
0,0,1,1,1,1,0,1,0,0,1,6,1,4,1,69,Highly Suitable
1,0,0,0,0,1,0,1,1,1,1,7,4,4,2,59,Highly Suitable
0,1,1,1,1,1,1,1,1,0,0,8,8,4,0,90,Highly Suitable
1,1,0,1,1,0,0,0,1,1,0,6,4,5,2,26,Highly Suitable
1,1,1,0,1,1,1,0,0,0,1,0,5,4,1,25,Highly Suitable
0,1,1,0,1,1,1,0,1,1,1,3,1,2,2,31,Highly Suitable
1,1,1,1,0,1,0,0,0,1,1,1,5,3,0,23,Suitable
1,0,0,1,0,1,0,1,0,1,0,8,5,5,1,96,Highly Suitable
1,0,1,0,1,1,1,1,1,0,0,1,1,3,0,80,Highly Suitable
0,0,0,1,1,1,0,1,0,1,1,5,2,2,1,66,Suitable
1,0,0,1,0,1,1,0,0,0,0,8,7,2,1,39,Highly Suitable
0,0,1,1,1,1,0,0,1,0,0,5,0,2,1,89,Highly Suitable
0,1,0,0,0,1,1,1,1,1,0,4,1,2,1,52,Suitable
1,0,0,0,1,1,1,0,0,1,0,0,7,1,2,99,Highly Suitable
1,0,1,0,1,1,1,1,1,1,0,0,7,2,2,95,Highly Suitable
1,1,1,0,1,0,1,1,0,0,1,6,5,0,1,49,Highly Suitable
1,1,1,1,0,0,1,1,0,1,0,3,0,1,1,85,Highly Suitable
0,0,0,0,0,1,0,1,1,1,0,2,6,1,1,60,Suitable
0,0,1,0,0,0,0,0,0,1,1,8,5,0,1,64,Suitable
1,1,0,0,1,1,1,0,0,0,1,6,3,0,1,47,Highly Suitable
1,0,0,1,0,0,0,1,1,1,0,5,8,2,0,31,Suitable
0,0,1,0,0,1,1,0,1,1,1,2,7,2,0,48,Suitable
1,1,1,1,0,0,1,1,0,0,0,8,8,5,1,63,Highly Suitable
1,0,0,1,1,0,1,1,0,1,0,7,0,4,1,50,Highly Suitable
0,0,1,1,1,0,1,0,1,1,1,8,1,5,0,61,Highly Suitable
1,1,1,0,0,1,1,0,0,1,1,0,1,0,0,63,Suitable
0,1,1,1,0,1,1,1,0,0,1,7,5,2,0,62,Highly Suitable
1,0,0,1,1,0,0,1,0,1,1,4,4,2,1,92,Highly Suitable
1,0,0,1,0,0,0,0,1,1,0,3,2,4,1,76,Highly Suitable
1,1,0,1,0,1,1,0,0,0,0,0,0,1,2,90,Suitable
0,1,1,0,0,1,0,0,0,0,0,1,2,4,0,77,Suitable
0,1,1,1,1,1,0,0,1,1,1,0,7,3,0,89,Highly Suitable
0,0,1,0,1,1,1,1,1,1,0,6,0,5,1,84,Highly Suitable
1,1,0,1,0,0,1,0,0,0,1,6,2,0,1,84,Highly Suitable
1,0,0,1,1,0,0,0,0,1,0,3,5,1,2,61,Suitable
0,0,0,0,0,1,1,0,0,0,0,1,1,1,2,54,Not Suitable
0,1,0,0,1,1,1,1,1,1,0,6,8,4,0,88,Highly Suitable
1,0,1,1,0,0,0,0,1,0,1,1,8,5,0,81,Suitable
0,0,1,0,1,1,0,1,1,1,0,4,7,5,2,84,Highly Suitable
0,1,0,0,1,1,1,0,1,1,1,2,0,1,1,54,Suitable
1,0,1,1,0,1,0,0,1,0,0,0,4,1,2,64,Highly Suitable
1,0,0,0,0,1,0,1,1,0,0,4,4,0,1,71,Suitable
0,0,1,1,1,0,0,1,0,1,1,5,8,5,1,39,Highly Suitable
1,0,1,0,1,1,1,1,0,0,1,6,4,3,2,23,Highly Suitable
1,1,1,0,0,1,0,0,1,0,1,5,1,5,0,64,Highly Suitable
1,1,1,1,1,0,0,0,1,1,1,6,2,3,2,26,Highly Suitable
0,0,1,0,0,0,1,0,1,0,1,8,6,1,0,77,Suitable
0,0,0,1,1,0,0,0,0,0,0,6,4,4,1,88,Highly Suitable
1,0,1,0,1,0,0,0,1,0,1,6,0,0,0,99,Highly Suitable
1,1,0,1,1,0,0,0,0,1,0,0,3,0,0,67,Needs Improvement
1,0,1,1,0,0,1,1,1,0,0,6,3,0,1,43,Highly Suitable
0,0,0,1,1,0,1,0,1,0,1,1,0,1,1,23,Needs Improvement
1,1,0,1,0,1,1,1,1,0,0,1,3,5,2,20,Highly Suitable
1,0,1,1,1,0,0,1,0,0,1,2,2,0,1,45,Suitable
0,0,1,0,0,0,1,0,1,1,0,7,7,1,1,64,Highly Suitable
0,1,1,1,0,1,1,1,0,1,0,1,7,3,0,79,Highly Suitable
1,0,1,0,1,0,1,1,0,1,1,7,4,2,0,64,Highly Suitable
1,1,0,1,0,1,1,0,0,1,0,4,6,4,1,44,Highly Suitable
1,1,1,0,0,0,1,0,0,1,1,5,5,5,0,46,Highly Suitable
0,0,0,1,1,0,1,1,0,1,1,8,8,4,0,32,Highly Suitable
1,0,0,0,0,1,0,0,0,0,1,3,4,0,1,53,Needs Improvement
1,0,1,0,0,0,0,0,1,1,1,7,5,3,0,35,Suitable
0,1,0,0,0,0,1,0,0,1,1,5,7,3,2,96,Highly Suitable
1,1,0,0,1,1,1,0,1,0,1,1,0,0,2,72,Highly Suitable
0,0,1,0,0,0,1,1,0,0,1,6,6,0,0,41,Needs Improvement
0,0,1,1,1,0,0,1,1,1,0,1,0,0,0,23,Needs Improvement
0,0,0,0,1,1,0,1,0,1,0,2,4,2,1,65,Needs Improvement
1,0,0,0,0,0,1,1,1,0,0,1,7,5,2,26,Highly Suitable
1,1,1,0,1,1,1,1,1,0,1,3,5,0,0,21,Highly Suitable
1,1,0,1,0,1,0,1,1,1,1,8,6,4,1,100,Highly Suitable
1,0,0,0,1,0,0,1,1,1,1,1,8,2,0,41,Needs Improvement
1,1,0,1,0,1,1,1,1,0,1,4,1,1,2,41,Highly Suitable
1,1,0,1,1,0,1,0,0,1,1,8,4,3,1,64,Highly Suitable
1,1,1,1,1,1,1,1,0,0,0,8,6,3,2,36,Highly Suitable
1,0,1,1,0,0,1,1,0,1,0,7,1,3,1,81,Highly Suitable
0,0,0,0,1,0,0,0,1,0,0,0,2,4,1,51,Not Suitable
0,0,1,0,1,1,1,0,1,0,0,4,2,4,0,38,Suitable
1,1,1,0,0,0,1,0,1,1,0,7,3,0,0,75,Highly Suitable
0,0,1,0,0,1,0,0,1,0,0,7,8,0,1,76,Highly Suitable
1,1,1,1,0,0,0,0,0,0,1,3,5,2,0,49,Suitable
0,0,1,1,0,1,1,0,0,1,0,4,4,4,1,26,Suitable
0,0,1,0,0,0,0,0,1,0,0,8,3,4,1,25,Suitable
0,0,0,0,1,1,1,0,1,0,0,6,2,0,1,24,Needs Improvement
1,0,1,0,0,1,0,0,1,0,0,3,1,1,2,57,Suitable
1,0,1,1,1,1,1,0,1,0,0,4,2,2,1,76,Highly Suitable
1,1,1,0,1,0,1,0,1,1,0,8,8,5,0,86,Highly Suitable
1,0,0,1,0,1,1,1,0,0,1,3,1,3,1,36,Suitable
0,1,1,0,0,1,0,0,1,1,0,4,0,5,1,75,Highly Suitable
1,0,1,0,1,1,1,0,1,1,1,3,3,4,1,34,Highly Suitable
1,0,0,1,0,1,1,0,1,1,1,5,3,4,1,79,Highly Suitable
1,1,0,1,1,1,0,0,0,0,1,6,1,2,2,100,Highly Suitable
1,1,0,1,1,0,1,0,1,0,0,0,6,3,2,70,Highly Suitable
1,1,0,1,1,0,0,0,0,1,0,2,8,2,2,70,Highly Suitable
0,0,1,0,0,1,0,1,1,1,0,3,2,2,2,23,Needs Improvement
0,1,0,0,0,1,1,0,0,1,0,7,6,1,2,95,Highly Suitable
1,0,1,0,1,1,1,1,1,1,1,0,1,5,0,24,Highly Suitable
1,0,0,0,1,0,1,1,1,0,1,6,0,0,0,60,Suitable
0,0,1,1,0,0,1,1,0,1,1,0,1,3,1,57,Suitable
1,0,0,1,1,1,0,1,0,0,1,8,1,1,1,67,Highly Suitable
0,1,1,0,0,0,1,1,1,1,0,6,6,3,1,45,Highly Suitable
1,1,0,1,1,0,0,1,1,0,1,2,1,4,1,85,Highly Suitable
1,1,1,1,1,1,0,0,1,1,0,7,3,5,1,83,Highly Suitable
0,0,0,0,1,0,0,1,0,1,0,7,1,5,2,25,Needs Improvement
0,0,0,1,0,1,0,1,0,0,0,3,8,3,0,90,Highly Suitable
0,0,0,1,0,0,1,0,1,0,0,3,2,2,0,95,Needs Improvement
0,0,0,0,1,0,1,0,0,1,1,3,4,1,2,34,Needs Improvement
1,1,0,0,0,0,0,0,0,1,0,7,0,1,1,52,Needs Improvement
1,1,0,1,0,0,1,1,1,1,0,5,5,5,2,60,Highly Suitable
1,1,1,1,0,1,1,1,1,0,1,2,3,0,2,51,Highly Suitable
0,0,1,0,1,1,0,1,1,1,0,1,4,4,0,87,Suitable
0,0,1,0,0,0,0,0,1,0,0,0,0,1,0,77,Needs Improvement
0,1,1,1,0,1,0,0,0,1,1,4,1,5,0,79,Suitable
1,0,0,0,1,1,1,1,0,0,1,8,8,1,1,85,Highly Suitable
1,0,1,0,1,1,1,0,0,1,0,2,1,4,0,22,Suitable
0,0,1,0,0,0,1,1,1,1,0,4,8,4,0,74,Highly Suitable
0,0,1,0,0,1,0,1,0,0,1,2,5,3,2,30,Needs Improvement
0,1,0,1,0,1,1,1,1,1,0,8,5,5,0,34,Highly Suitable
0,0,0,0,0,1,0,1,1,0,0,6,5,2,0,87,Suitable
1,0,0,1,0,0,1,1,0,1,0,0,1,2,2,28,Needs Improvement
0,0,1,0,1,1,1,1,1,1,0,7,6,0,2,59,Highly Suitable
1,0,0,0,1,0,0,1,0,0,1,6,3,1,0,49,Suitable
0,0,1,0,1,0,1,1,1,0,1,8,7,2,2,54,Highly Suitable
1,0,0,0,1,0,1,1,0,1,1,8,7,5,0,56,Highly Suitable
1,0,0,0,1,0,0,0,1,0,1,7,2,3,0,34,Suitable
0,0,1,1,1,1,0,1,1,1,0,5,5,5,0,48,Highly Suitable
1,0,0,0,1,1,1,0,1,1,0,4,3,2,2,82,Highly Suitable
0,1,0,1,0,0,0,1,1,1,0,8,0,3,1,92,Highly Suitable
1,1,0,1,1,0,0,1,1,1,1,7,7,5,0,60,Highly Suitable
1,0,1,1,0,0,0,0,0,0,0,4,3,0,2,30,Needs Improvement
0,0,1,0,0,1,0,1,1,1,1,0,2,4,0,72,Needs Improvement
0,1,1,1,1,1,1,0,1,1,1,7,4,4,1,63,Highly Suitable
0,1,0,0,0,1,1,0,0,0,1,3,5,2,2,78,Highly Suitable
1,1,0,1,0,1,1,0,1,1,1,8,6,1,2,84,Highly Suitable
0,1,1,0,1,0,1,0,0,0,0,4,0,1,2,70,Suitable
1,0,1,1,0,1,0,1,0,0,0,6,4,4,0,26,Suitable
0,1,0,0,0,0,1,0,1,1,1,1,6,0,0,49,Suitable
1,0,0,0,0,1,1,1,1,1,1,5,8,1,1,78,Highly Suitable
0,0,1,1,0,0,1,0,0,1,1,3,0,1,2,67,Suitable
1,1,1,1,0,0,1,0,0,1,1,3,3,3,1,65,Highly Suitable
0,0,0,0,1,1,1,0,0,1,0,5,6,4,1,77,Highly Suitable
1,0,1,1,1,1,0,0,1,0,0,5,7,1,1,61,Highly Suitable
1,1,0,1,1,1,1,0,0,0,1,1,0,3,1,73,Highly Suitable
1,1,0,0,0,1,1,1,0,0,0,2,3,0,2,65,Suitable
0,0,0,1,0,1,1,1,0,0,1,3,1,4,1,68,Suitable
1,1,0,1,1,1,1,0,1,0,0,4,3,2,1,21,Highly Suitable
1,0,0,1,1,0,1,1,1,0,0,8,0,5,2,55,Highly Suitable
0,0,1,1,0,1,0,0,1,1,1,4,8,0,1,33,Suitable
1,1,1,1,0,0,1,0,1,1,1,6,0,3,1,84,Highly Suitable
0,0,0,1,1,1,0,0,1,0,0,5,5,1,0,60,Suitable
0,0,0,1,1,1,1,1,1,1,0,3,8,4,2,36,Highly Suitable
1,1,1,0,1,1,0,0,0,0,1,2,8,3,1,81,Highly Suitable
1,1,1,0,0,1,1,0,1,0,1,7,6,4,1,30,Highly Suitable
0,1,1,1,0,1,0,0,0,1,0,8,3,3,2,72,Highly Suitable
1,1,1,1,1,1,0,0,0,1,0,7,0,0,2,68,Highly Suitable
0,0,0,0,0,1,1,0,1,1,0,4,8,3,1,53,Highly Suitable
0,1,1,0,1,1,1,0,1,0,0,1,7,0,0,22,Suitable
0,1,0,0,0,1,1,0,1,0,1,2,1,1,2,73,Highly Suitable
1,0,1,0,1,1,1,0,1,0,0,8,4,2,1,86,Highly Suitable
1,1,0,1,0,1,1,0,0,0,0,4,4,4,2,89,Highly Suitable
1,0,0,0,1,1,0,1,1,0,0,8,6,5,0,82,Highly Suitable
0,1,0,0,0,0,1,0,0,0,1,1,7,3,1,96,Highly Suitable
0,1,1,0,0,0,1,0,1,1,0,4,0,0,0,84,Suitable
1,0,0,1,1,0,0,0,1,1,0,6,5,3,0,43,Suitable
1,1,0,0,0,1,0,1,1,0,1,0,0,5,2,86,Highly Suitable
0,1,1,0,1,0,0,1,1,0,0,7,3,3,0,26,Highly Suitable
0,0,1,1,1,1,1,1,1,0,1,3,4,2,2,70,Highly Suitable
0,0,0,1,0,1,0,0,1,1,0,6,0,0,2,88,Suitable
0,0,1,1,0,1,0,1,0,1,0,4,4,2,0,29,Needs Improvement
1,1,1,1,1,1,0,1,1,1,1,4,5,4,0,27,Highly Suitable
0,1,0,1,0,0,1,0,1,1,0,8,1,2,2,94,Highly Suitable
0,0,0,0,1,0,1,0,0,0,0,8,0,5,0,48,Needs Improvement
0,1,0,0,0,0,1,0,1,1,0,5,6,5,1,29,Highly Suitable
1,1,1,1,0,0,0,1,0,1,0,3,8,3,1,46,Highly Suitable
1,1,0,0,1,1,1,1,1,0,0,7,7,4,0,92,Highly Suitable
1,1,0,1,1,0,1,1,0,0,1,5,2,4,2,85,Highly Suitable
0,0,1,1,0,1,0,0,0,1,0,4,8,2,2,66,Highly Suitable
0,0,1,1,1,1,0,1,1,0,1,6,7,5,2,85,Highly Suitable
0,0,0,1,0,0,0,1,1,1,0,4,4,2,2,44,Suitable
0,1,1,1,1,0,0,1,1,0,1,7,4,5,2,79,Highly Suitable
1,1,0,1,0,1,1,1,0,0,1,6,2,2,0,91,Highly Suitable
0,1,1,1,1,0,1,1,1,0,1,7,8,2,1,28,Highly Suitable
0,1,1,0,0,0,0,0,0,0,0,7,2,0,2,66,Suitable
0,1,0,1,1,1,0,0,1,1,1,2,1,0,1,74,Suitable
1,1,1,0,1,1,0,1,1,0,1,4,2,0,2,37,Highly Suitable
0,1,1,0,0,1,0,1,1,1,1,7,4,0,0,91,Highly Suitable
1,1,0,0,0,0,0,0,1,1,0,4,4,5,2,41,Suitable
1,0,0,1,1,1,1,1,1,0,0,3,3,2,2,32,Highly Suitable
1,0,0,1,0,0,1,1,1,0,0,8,6,4,1,28,Highly Suitable
1,1,0,0,1,0,0,0,0,1,0,5,5,4,2,94,Highly Suitable
0,1,1,1,0,0,0,1,1,1,1,1,5,0,2,38,Highly Suitable
1,1,0,0,1,1,1,1,0,1,1,2,5,5,2,26,Highly Suitable
0,0,0,0,1,0,0,0,0,1,1,4,2,2,0,54,Needs Improvement
0,1,1,0,1,0,0,1,1,0,1,8,0,4,0,52,Highly Suitable
1,1,1,0,1,0,0,0,1,1,1,6,0,2,1,39,Highly Suitable
1,0,0,0,0,0,1,0,0,1,0,2,8,4,1,74,Highly Suitable
0,0,1,0,1,1,0,1,1,0,1,4,8,3,1,75,Highly Suitable
1,0,1,0,0,1,1,0,0,0,0,2,7,0,0,32,Suitable
0,0,1,1,0,1,0,0,0,1,0,1,2,1,1,32,Needs Improvement
1,1,0,0,0,0,1,0,1,0,0,8,2,0,1,51,Suitable
1,1,1,0,0,0,1,1,1,0,0,1,5,5,2,38,Highly Suitable
1,1,1,1,1,1,0,1,1,0,0,7,8,3,2,49,Highly Suitable
0,1,1,1,0,1,1,1,0,1,1,2,8,5,2,70,Highly Suitable
0,0,1,0,0,0,1,0,0,0,1,5,3,5,1,49,Suitable
0,0,0,0,1,1,0,1,0,0,0,4,7,2,2,49,Suitable
1,1,0,0,1,1,1,1,1,1,1,0,8,3,0,98,Highly Suitable
0,1,1,0,1,1,0,0,0,1,1,0,7,3,0,50,Suitable
1,1,1,0,1,0,0,0,0,1,0,5,7,1,0,59,Highly Suitable
0,1,1,0,1,0,1,0,1,0,0,5,1,4,0,85,Highly Suitable
0,1,0,0,0,0,0,0,0,0,0,0,6,2,1,69,Needs Improvement
0,1,1,0,1,0,0,1,0,0,1,2,2,5,2,42,Suitable
0,1,1,0,0,1,1,0,1,0,1,4,5,1,1,98,Highly Suitable
0,1,1,0,0,0,0,1,0,1,0,5,7,4,1,49,Highly Suitable
1,1,1,0,0,1,0,1,1,1,0,6,5,1,0,93,Highly Suitable
0,1,1,1,0,0,0,1,1,1,0,2,8,0,1,100,Highly Suitable
0,0,0,0,0,1,1,1,0,0,0,0,1,2,2,63,Needs Improvement
1,0,1,1,0,1,1,0,1,0,0,2,8,3,2,32,Highly Suitable
0,1,0,1,0,0,1,1,0,1,0,1,2,2,0,36,Suitable
0,1,0,0,1,0,0,1,0,1,0,0,1,4,0,60,Needs Improvement
0,0,0,1,0,1,1,0,0,1,1,3,3,5,0,22,Needs Improvement
0,1,0,1,0,0,1,0,1,1,0,8,1,0,0,51,Highly Suitable
0,0,1,0,1,1,1,1,1,1,0,3,6,0,0,26,Suitable
1,1,1,0,1,0,0,1,0,1,0,6,1,2,2,88,Highly Suitable
1,1,1,0,0,0,0,1,1,1,0,3,2,0,1,82,Suitable
1,0,1,1,1,0,0,0,1,1,1,8,4,3,0,89,Highly Suitable
0,1,1,0,0,0,1,1,1,0,0,5,2,4,1,48,Suitable
0,1,1,0,0,0,0,0,1,0,1,7,2,5,0,93,Suitable
0,1,1,0,0,1,0,1,1,0,0,3,1,5,0,46,Suitable
1,1,0,1,0,0,1,1,1,1,0,8,4,2,0,37,Highly Suitable
1,1,1,1,1,1,0,1,0,0,1,8,1,3,0,100,Highly Suitable
0,0,0,0,1,1,1,0,1,1,1,8,7,4,2,79,Highly Suitable
0,1,0,0,1,1,0,0,1,1,0,5,8,5,1,97,Highly Suitable
0,0,0,1,1,1,1,1,1,0,0,7,8,1,2,41,Highly Suitable
1,0,1,1,0,1,1,1,0,1,0,7,2,1,0,52,Highly Suitable
1,0,1,0,1,1,0,0,1,0,0,6,8,4,2,42,Highly Suitable
0,1,0,0,0,1,1,1,1,0,0,4,6,4,2,63,Highly Suitable
0,1,0,1,0,1,0,1,1,1,1,2,1,0,2,77,Suitable
1,0,1,1,0,0,1,1,1,0,0,6,8,3,0,83,Highly Suitable
1,0,0,0,0,1,1,0,0,1,0,8,5,4,0,53,Highly Suitable
1,1,0,1,1,1,0,1,1,1,1,6,2,2,2,76,Highly Suitable
0,1,1,1,1,0,0,1,0,1,0,1,2,0,1,21,Suitable
1,1,0,1,0,0,0,0,0,1,0,1,2,0,1,24,Needs Improvement
0,1,0,1,1,0,0,1,1,0,1,5,1,1,0,99,Highly Suitable
0,0,0,1,0,0,1,0,0,1,0,7,0,0,0,75,Suitable
1,0,1,1,0,1,0,0,1,0,0,4,4,5,1,88,Highly Suitable
0,1,0,0,0,1,1,0,0,1,1,5,3,2,1,92,Highly Suitable
1,1,1,0,0,1,0,0,0,0,0,2,1,0,1,100,Suitable
0,0,1,1,0,1,0,0,0,1,1,3,4,4,1,30,Suitable
1,1,0,1,0,0,1,0,0,1,1,8,7,3,0,64,Highly Suitable
1,1,1,1,1,0,1,0,0,1,1,5,1,0,0,77,Highly Suitable
1,0,1,0,1,1,0,0,0,0,1,7,5,3,1,87,Highly Suitable
1,1,1,1,0,1,0,0,0,1,1,6,4,2,2,26,Highly Suitable
0,0,1,1,1,1,0,0,0,1,1,2,5,5,2,68,Highly Suitable
0,1,0,0,1,1,0,1,1,1,1,6,1,1,1,85,Highly Suitable
0,0,1,0,0,0,0,0,1,1,1,3,6,0,1,30,Needs Improvement
0,0,1,1,1,1,0,0,1,1,1,8,5,0,0,58,Highly Suitable
0,0,1,1,1,1,0,0,0,0,0,4,2,2,1,24,Needs Improvement
1,0,0,1,0,0,0,1,1,0,1,1,5,5,0,55,Suitable
1,1,1,1,0,0,0,0,0,0,1,0,6,2,1,68,Suitable
0,1,1,0,0,1,1,1,0,0,1,1,4,5,0,77,Highly Suitable
1,0,1,1,1,1,1,1,0,0,1,6,1,5,0,78,Highly Suitable
0,1,1,0,0,1,1,0,1,1,0,1,1,3,0,54,Suitable
0,1,1,1,0,1,1,0,0,1,0,0,1,5,0,26,Needs Improvement
1,1,1,0,1,0,1,1,0,0,0,3,4,0,1,78,Highly Suitable
0,0,1,1,1,1,0,0,1,1,0,4,0,3,0,23,Suitable
1,0,0,1,1,1,1,0,1,0,1,6,0,5,0,93,Highly Suitable
1,1,0,0,0,0,0,0,0,0,1,0,2,2,1,63,Needs Improvement
0,0,0,0,0,1,1,0,1,1,0,6,5,4,1,32,Highly Suitable
1,1,0,1,1,1,1,0,1,0,1,8,6,1,0,93,Highly Suitable
0,0,1,1,0,1,0,0,1,0,0,2,4,1,2,86,Highly Suitable
0,1,1,1,0,0,1,0,0,0,0,7,3,0,2,23,Highly Suitable
1,0,1,1,1,1,1,1,0,0,1,1,0,2,2,51,Highly Suitable
0,0,1,0,1,1,1,0,0,0,1,6,1,5,2,32,Highly Suitable
1,0,1,1,0,1,1,1,0,1,1,3,6,4,1,65,Highly Suitable
0,1,0,0,1,0,0,0,1,1,0,5,5,0,1,68,Suitable
0,0,0,0,1,0,0,0,1,1,1,5,2,5,1,84,Suitable
0,0,1,1,1,0,0,1,0,1,1,4,4,5,1,92,Highly Suitable
0,1,1,1,1,1,1,0,0,1,0,8,3,1,0,96,Highly Suitable
1,0,0,1,0,1,0,1,0,1,0,1,4,1,2,28,Suitable
1,0,1,1,0,0,0,1,0,0,0,5,7,5,0,39,Highly Suitable
0,0,0,1,1,0,1,1,1,1,0,8,7,1,2,71,Highly Suitable
1,0,1,0,1,1,0,1,0,0,0,0,7,0,0,76,Highly Suitable
0,1,1,0,1,0,1,1,1,0,1,7,1,1,1,65,Highly Suitable
1,0,0,1,0,1,1,1,1,1,1,8,7,4,1,70,Highly Suitable
1,1,1,1,1,0,1,0,1,0,0,7,0,5,1,74,Highly Suitable
0,0,0,1,0,1,1,1,0,1,1,5,3,5,1,24,Suitable
0,1,1,1,1,0,1,0,1,0,1,4,3,2,2,76,Highly Suitable
0,0,0,0,1,1,1,0,1,0,0,6,8,2,0,75,Highly Suitable
1,1,1,0,0,1,0,0,1,0,1,4,5,5,1,96,Highly Suitable
0,0,1,0,0,1,0,1,0,1,0,0,8,1,0,27,Not Suitable
1,1,0,1,0,1,0,0,1,1,0,3,6,1,1,55,Highly Suitable
0,0,0,1,1,1,1,1,0,1,0,7,7,5,1,46,Highly Suitable
0,0,1,0,0,0,1,1,0,1,1,5,1,3,0,93,Highly Suitable
0,0,1,0,1,1,0,1,1,1,1,2,3,0,2,35,Needs Improvement
1,0,1,0,0,0,1,1,1,0,0,6,7,0,1,64,Highly Suitable
1,1,0,1,1,1,1,1,0,0,0,0,3,0,2,62,Highly Suitable
0,1,0,1,1,1,1,0,0,0,0,4,7,5,0,51,Highly Suitable
0,0,0,1,0,0,0,1,0,0,1,4,4,4,2,25,Suitable
1,0,0,1,1,0,1,1,0,1,1,8,5,5,1,84,Highly Suitable
0,1,0,1,0,1,1,1,1,1,1,6,4,0,1,20,Suitable
0,0,0,1,1,0,0,1,0,0,1,4,8,5,1,27,Suitable
0,0,0,0,1,1,1,0,1,0,1,1,7,5,1,66,Highly Suitable
1,1,1,1,1,0,0,1,1,1,1,3,6,4,2,27,Highly Suitable
0,1,1,1,1,0,1,0,1,1,1,2,7,3,0,69,Highly Suitable
1,0,0,0,1,1,1,0,1,1,0,7,6,1,0,36,Highly Suitable
1,0,1,0,1,1,0,1,0,1,1,6,6,5,0,58,Highly Suitable
0,0,0,0,0,1,1,0,1,0,1,1,1,4,0,85,Needs Improvement
0,1,0,1,1,1,0,1,0,0,0,1,1,1,1,89,Suitable
1,1,1,0,0,1,0,1,0,1,1,1,4,5,1,49,Highly Suitable
1,0,0,0,1,1,0,1,0,1,1,0,1,3,1,39,Suitable
0,0,0,0,1,1,0,0,0,0,0,3,6,2,2,90,Highly Suitable
1,0,1,0,0,1,1,1,0,1,1,6,1,2,0,91,Highly Suitable
0,0,1,1,0,1,1,0,0,1,1,1,4,5,0,41,Suitable
1,1,0,0,1,1,1,1,1,1,0,0,6,3,1,33,Highly Suitable
1,1,1,0,1,1,1,0,0,1,0,7,8,2,2,85,Highly Suitable
0,0,1,0,0,0,0,0,1,0,0,8,2,4,2,78,Highly Suitable
1,1,0,0,0,1,0,0,1,1,1,3,3,4,2,63,Highly Suitable
0,1,1,0,0,1,0,1,1,0,1,6,3,0,2,87,Highly Suitable
1,1,1,1,0,0,0,0,1,1,1,7,0,1,2,82,Highly Suitable
0,1,1,0,1,0,0,0,1,0,0,6,0,1,1,65,Suitable
1,0,1,1,0,0,0,1,0,0,0,1,8,4,2,22,Suitable
0,1,0,0,0,0,0,0,1,0,1,6,2,4,0,44,Needs Improvement
0,0,0,1,1,1,1,1,1,0,0,7,3,5,1,81,Highly Suitable
1,0,1,1,0,0,1,0,0,1,1,5,3,4,1,95,Highly Suitable
0,0,0,1,1,1,0,1,1,0,0,1,4,5,1,85,Highly Suitable
1,0,1,0,1,0,0,0,0,0,0,8,1,2,0,78,Highly Suitable
0,1,0,0,0,0,0,1,0,1,1,3,7,3,0,45,Suitable
1,0,1,0,1,0,1,0,0,0,0,3,2,2,1,56,Suitable
0,0,1,0,1,1,1,0,0,0,1,1,3,3,1,66,Suitable
0,0,1,1,0,0,0,1,0,1,1,3,1,4,2,56,Suitable
1,0,0,1,0,1,0,0,1,1,1,0,4,3,2,82,Highly Suitable
0,0,0,0,1,0,1,1,1,1,1,1,3,3,2,86,Highly Suitable
1,0,1,0,0,0,0,1,0,0,0,5,2,5,2,30,Suitable
1,0,1,0,0,0,0,1,0,0,1,4,7,3,2,97,Highly Suitable
1,0,0,0,0,1,0,1,1,0,0,5,5,5,2,83,Highly Suitable
0,1,0,1,0,1,0,1,0,0,0,4,6,2,1,57,Highly Suitable
0,1,1,0,0,1,1,1,1,0,1,6,4,4,0,65,Highly Suitable
1,0,0,1,0,1,1,0,0,0,0,4,3,1,2,91,Highly Suitable
0,0,0,0,1,0,1,1,0,1,1,0,6,2,2,23,Needs Improvement
1,1,0,1,1,0,0,1,1,0,0,1,2,0,0,77,Suitable
1,1,0,1,0,1,0,1,0,1,1,7,7,0,1,61,Highly Suitable
1,1,0,1,1,1,0,1,1,0,0,8,7,4,0,81,Highly Suitable
0,1,1,0,0,0,0,1,0,0,0,5,1,2,0,49,Needs Improvement
1,1,0,0,1,0,1,0,0,0,0,6,8,1,2,68,Highly Suitable
0,1,0,1,1,0,0,0,0,1,0,8,0,3,0,91,Highly Suitable
0,1,1,0,1,1,1,0,1,0,1,8,4,1,1,43,Highly Suitable
0,1,0,0,1,1,1,1,1,1,0,0,8,1,2,86,Highly Suitable
1,1,0,0,1,1,1,1,1,1,0,3,5,1,1,43,Highly Suitable
0,1,0,1,0,0,1,1,0,1,0,6,6,4,0,44,Highly Suitable
1,0,0,1,1,0,1,0,1,0,1,3,2,1,1,43,Highly Suitable
0,0,0,1,1,1,1,1,1,0,1,8,0,4,1,49,Highly Suitable
0,1,0,0,0,1,0,0,1,1,1,6,1,2,0,43,Suitable
1,1,0,1,1,1,1,1,1,0,1,4,8,0,1,40,Highly Suitable
0,0,0,0,1,0,0,0,0,1,1,3,6,1,2,89,Suitable
0,0,1,0,1,1,1,0,1,1,1,4,5,3,0,39,Highly Suitable
0,1,0,1,0,1,1,0,0,1,0,3,4,2,0,66,Highly Suitable
0,1,0,1,1,1,0,0,1,0,0,8,8,1,2,99,Highly Suitable
0,1,0,0,1,1,1,1,1,0,1,6,5,5,2,32,Highly Suitable
1,1,1,1,0,1,1,1,1,1,0,7,1,5,1,43,Highly Suitable
0,0,0,0,1,0,1,1,0,1,0,1,3,2,2,71,Suitable
1,1,0,0,1,1,0,1,1,0,1,3,3,0,2,52,Suitable
1,1,0,0,1,0,0,1,0,0,0,1,2,1,0,94,Needs Improvement
1,0,0,0,1,0,0,1,1,1,0,3,5,1,1,87,Highly Suitable
0,0,0,1,0,1,1,1,0,0,1,4,0,1,0,69,Suitable
1,0,0,1,1,1,1,1,0,1,1,6,6,1,2,25,Highly Suitable
1,1,0,1,0,1,0,1,0,1,0,4,2,0,1,64,Highly Suitable
1,1,1,0,0,0,0,0,1,0,0,5,6,3,1,44,Suitable
1,0,0,1,1,0,0,1,0,0,1,5,4,5,0,86,Highly Suitable
0,1,0,1,0,0,0,0,1,0,0,6,0,1,1,59,Needs Improvement
1,1,1,0,0,0,0,1,1,1,1,3,8,2,1,23,Highly Suitable
1,1,1,1,0,0,0,1,1,0,1,3,6,3,0,64,Highly Suitable
0,0,0,0,0,1,1,1,0,1,0,8,7,5,1,89,Highly Suitable
0,0,1,0,0,1,1,1,0,0,0,4,3,2,2,96,Highly Suitable
0,0,1,0,0,1,1,0,1,0,1,7,7,4,0,62,Highly Suitable
1,0,0,0,0,1,1,1,0,0,0,4,4,4,0,43,Highly Suitable
1,1,1,0,0,1,0,0,1,1,0,2,2,1,2,93,Highly Suitable
0,1,1,1,1,0,0,1,1,0,1,1,0,2,2,84,Highly Suitable
1,1,1,0,1,1,1,1,0,1,0,0,8,0,0,30,Highly Suitable
1,1,0,1,0,0,1,0,1,1,0,7,3,0,2,33,Highly Suitable
0,1,0,1,0,1,0,1,1,1,1,1,6,0,0,36,Suitable
1,1,0,0,1,0,0,0,0,1,0,8,3,3,1,97,Highly Suitable
0,0,0,1,1,1,0,0,0,0,1,1,8,0,2,89,Suitable
0,1,0,0,1,1,0,0,1,0,0,3,4,1,2,31,Suitable
1,0,0,0,1,0,0,0,1,1,1,8,1,2,1,91,Highly Suitable
1,1,0,0,1,0,1,0,0,1,0,5,4,5,0,32,Highly Suitable
1,0,0,1,0,0,0,1,0,1,0,6,1,3,1,30,Suitable
1,0,0,1,1,1,1,1,0,0,1,0,5,4,2,26,Highly Suitable
0,1,1,1,0,0,1,1,0,1,1,1,1,2,1,45,Highly Suitable
0,0,1,1,0,1,1,0,1,0,1,0,1,5,2,40,Highly Suitable
1,0,1,0,1,1,0,0,0,1,1,0,4,5,2,99,Highly Suitable
0,1,0,1,1,0,0,1,0,0,0,3,6,1,1,62,Suitable
0,1,1,1,1,0,1,1,0,0,1,5,4,1,1,64,Highly Suitable
0,1,0,0,1,0,1,1,0,1,0,8,5,3,0,23,Highly Suitable
0,1,0,0,0,1,0,0,1,0,0,3,1,5,1,60,Needs Improvement
1,0,0,1,0,0,0,1,1,1,1,0,2,4,2,24,Suitable
0,1,1,0,1,0,1,1,0,1,1,8,1,5,0,73,Highly Suitable
1,0,0,0,1,0,1,1,1,1,0,1,2,1,0,62,Suitable
1,0,0,1,1,0,1,1,1,1,1,7,5,3,0,68,Highly Suitable
0,1,0,0,0,1,0,0,1,1,1,7,5,5,1,100,Highly Suitable
0,0,0,0,0,0,0,1,0,0,0,6,4,5,1,31,Needs Improvement
1,1,0,1,1,0,0,1,1,1,1,1,3,0,0,23,Suitable
1,1,0,0,0,0,1,0,1,1,1,2,0,5,2,95,Highly Suitable
1,1,0,0,0,0,0,0,0,1,1,1,5,0,2,66,Suitable
0,0,1,0,1,0,0,0,1,0,1,5,4,3,2,39,Suitable
1,1,0,0,0,1,1,0,0,1,0,5,3,1,2,94,Highly Suitable
0,0,1,1,0,1,1,1,0,0,1,3,0,0,0,72,Suitable
0,1,1,0,0,0,0,0,0,0,0,1,1,0,0,44,Needs Improvement
1,1,1,0,1,1,1,1,1,1,0,3,0,3,0,22,Highly Suitable
0,0,0,0,1,1,0,1,0,1,1,8,3,0,0,45,Needs Improvement
1,0,0,1,1,0,0,0,0,1,0,7,0,3,2,32,Suitable
0,1,0,1,0,1,0,1,1,1,1,1,4,2,2,85,Highly Suitable
0,0,0,1,0,1,0,0,0,0,1,7,3,3,1,47,Suitable
1,1,1,1,1,1,0,0,0,0,1,5,4,5,0,36,Highly Suitable
0,1,0,0,1,1,1,0,0,1,0,1,4,0,0,49,Suitable
1,1,0,0,0,1,1,0,0,0,0,3,1,3,1,67,Highly Suitable
0,1,0,0,1,0,1,1,1,0,1,3,1,3,1,84,Highly Suitable
1,1,1,1,1,1,0,1,0,1,0,7,2,5,0,65,Highly Suitable
1,0,1,0,1,1,1,0,0,1,0,6,4,4,1,29,Highly Suitable
0,1,0,1,0,1,1,0,0,1,1,4,4,4,1,24,Suitable
0,1,0,1,0,1,1,0,0,0,0,0,1,1,2,88,Suitable
1,0,0,1,1,0,0,0,0,1,1,2,0,2,0,84,Suitable
1,0,0,1,1,0,0,0,1,1,1,1,2,0,1,26,Needs Improvement
0,0,0,0,1,0,0,0,0,0,1,6,6,5,0,37,Suitable
1,0,0,0,1,1,1,0,1,0,1,2,6,3,2,36,Suitable
1,1,1,1,1,1,1,0,0,1,0,5,8,3,0,90,Highly Suitable
1,0,0,1,1,0,1,1,0,0,1,8,8,5,1,79,Highly Suitable
1,1,1,0,1,1,0,1,1,0,0,7,6,1,2,30,Highly Suitable
1,0,0,0,1,0,0,1,1,0,1,3,8,0,2,68,Highly Suitable
0,1,0,0,0,0,1,0,1,1,1,2,4,2,0,60,Suitable
1,0,1,1,0,1,0,1,0,0,1,7,6,2,0,90,Highly Suitable
1,0,0,1,1,0,0,1,1,1,1,2,8,3,0,41,Suitable
0,0,0,1,0,0,1,0,0,1,1,3,5,0,1,97,Suitable
0,1,1,0,0,1,0,1,0,0,0,0,3,3,2,29,Needs Improvement
1,0,1,0,0,1,0,1,0,0,0,0,8,4,1,54,Suitable
0,1,0,1,0,0,0,0,1,0,0,0,1,5,2,82,Suitable
1,1,1,0,0,1,0,0,0,1,0,1,1,5,1,20,Suitable
1,0,0,0,1,1,1,1,1,1,1,6,7,2,0,69,Highly Suitable
1,1,1,0,1,1,1,0,1,1,0,7,6,3,1,58,Highly Suitable
0,0,1,0,0,0,1,0,0,0,0,0,3,5,2,83,Suitable
1,0,1,0,0,1,1,0,0,0,0,1,8,1,1,66,Suitable
1,0,1,1,0,1,0,0,0,1,1,7,3,0,1,77,Highly Suitable
1,0,1,0,1,1,1,0,0,1,1,4,2,1,2,78,Highly Suitable
0,0,1,0,1,0,1,1,0,0,0,5,8,3,0,78,Highly Suitable
0,1,0,0,0,0,0,1,0,1,1,1,5,4,0,87,Suitable
0,0,0,1,1,1,1,1,0,0,1,1,5,4,1,53,Suitable
0,0,1,0,1,0,0,0,1,0,1,8,6,5,2,52,Highly Suitable
0,0,1,0,0,0,0,0,1,1,0,8,7,2,2,48,Highly Suitable
1,0,1,1,0,0,0,0,1,0,0,7,1,5,1,91,Highly Suitable
1,1,1,1,0,1,0,0,0,1,0,5,1,1,2,75,Highly Suitable
1,1,1,1,1,0,1,0,1,0,1,2,0,5,2,100,Highly Suitable
0,1,0,1,1,0,0,1,1,1,0,8,5,2,2,29,Highly Suitable
1,1,1,1,0,0,0,1,0,1,0,5,3,2,0,42,Highly Suitable
1,1,0,1,1,1,1,0,0,1,0,0,3,2,0,41,Highly Suitable
0,1,1,0,1,1,1,1,1,0,1,6,6,1,0,51,Highly Suitable
1,0,0,0,1,0,1,1,0,0,1,6,1,5,1,75,Suitable
0,0,1,0,0,0,1,1,1,1,1,2,6,0,2,98,Highly Suitable
1,0,1,0,0,0,1,1,1,1,0,7,7,5,2,81,Highly Suitable
1,0,1,1,0,1,1,0,1,0,0,2,1,1,2,64,Highly Suitable
1,0,1,0,0,0,0,1,1,0,0,8,8,5,1,61,Highly Suitable
1,0,0,1,1,1,0,1,0,1,1,2,4,3,2,74,Highly Suitable
0,1,0,0,0,0,1,0,1,1,1,2,6,5,0,57,Suitable
1,0,0,1,1,1,0,1,1,0,0,1,2,4,2,20,Suitable
1,0,1,0,0,1,1,0,0,1,1,7,2,1,1,45,Highly Suitable
0,1,1,1,0,0,0,0,0,0,0,5,1,1,2,48,Suitable
1,0,1,0,0,0,0,0,0,1,0,7,3,0,1,70,Suitable
0,1,0,0,0,1,1,1,0,1,0,3,5,4,2,39,Highly Suitable
0,0,0,0,1,0,1,0,0,1,1,3,1,2,0,39,Needs Improvement
1,0,0,0,0,1,0,1,1,1,0,5,5,0,2,75,Highly Suitable
1,0,0,1,1,1,0,0,0,0,0,2,0,2,0,55,Needs Improvement
1,0,1,1,1,1,0,0,0,0,1,3,7,4,1,53,Highly Suitable
0,1,1,1,0,1,0,0,1,0,0,3,1,2,0,89,Suitable
1,0,1,0,1,1,0,0,1,0,0,2,3,2,0,49,Suitable
0,0,0,1,0,0,0,1,0,0,0,3,4,1,0,77,Needs Improvement
0,1,0,0,0,0,1,0,0,1,1,2,4,1,2,81,Highly Suitable
0,1,0,0,1,0,1,1,0,0,1,5,2,1,1,81,Highly Suitable
1,0,1,0,1,1,0,0,1,1,1,0,3,1,2,89,Highly Suitable
0,1,1,1,1,1,1,1,0,1,1,2,0,4,2,57,Highly Suitable
1,0,0,0,0,1,1,1,0,0,1,6,1,3,0,31,Highly Suitable
0,1,0,1,0,0,0,1,1,1,0,2,7,4,0,91,Suitable
1,1,0,1,1,0,1,0,1,0,0,3,3,4,1,32,Highly Suitable
1,0,0,1,0,1,0,0,1,1,1,0,8,0,1,80,Highly Suitable
0,1,0,0,1,1,1,1,1,1,0,0,5,1,2,80,Highly Suitable
0,0,0,0,1,1,0,1,1,1,0,8,2,4,2,84,Highly Suitable
1,1,1,1,1,1,1,0,1,0,1,8,7,5,2,23,Highly Suitable
0,1,0,1,1,0,1,1,0,0,0,1,8,1,0,62,Highly Suitable
0,1,1,1,0,1,0,1,0,1,1,4,7,4,2,82,Highly Suitable
1,0,1,1,0,1,1,0,0,1,0,1,7,0,1,81,Highly Suitable
1,0,0,0,1,1,0,1,0,0,1,2,2,4,1,82,Highly Suitable
1,0,1,0,1,0,0,1,1,1,0,4,1,5,2,89,Highly Suitable
1,1,0,0,0,0,1,1,1,1,0,4,1,5,1,68,Highly Suitable
0,1,0,0,1,1,1,0,1,0,1,2,0,0,0,46,Needs Improvement
0,1,1,1,1,1,1,1,1,0,0,4,0,0,1,77,Highly Suitable
1,1,0,0,0,0,1,1,0,0,1,2,2,3,1,59,Suitable
1,0,0,1,1,0,1,0,0,0,1,4,6,2,2,83,Highly Suitable
1,1,1,1,1,0,0,0,1,0,0,7,3,0,0,100,Highly Suitable
0,0,0,1,0,1,0,1,1,1,0,8,6,1,0,93,Highly Suitable
1,1,1,1,0,0,1,1,0,1,0,7,1,2,0,100,Highly Suitable
1,0,0,0,0,0,1,1,1,0,1,3,7,5,2,51,Highly Suitable
0,1,1,0,0,1,0,0,0,1,1,6,6,5,1,32,Highly Suitable
0,1,0,1,0,1,0,0,0,1,0,2,2,5,1,33,Needs Improvement
1,0,0,1,1,0,1,0,0,0,0,5,4,0,1,85,Suitable
1,0,1,0,1,0,1,0,1,1,0,8,0,2,0,22,Suitable
1,1,0,1,0,1,1,1,1,0,1,7,2,3,2,90,Highly Suitable
0,0,1,1,0,1,1,0,0,1,1,7,5,2,0,45,Highly Suitable
1,1,1,0,0,0,0,0,1,1,1,2,8,3,2,33,Highly Suitable
0,1,0,1,0,1,1,1,1,1,0,1,6,0,2,97,Highly Suitable
1,1,0,1,0,1,1,1,0,1,0,5,1,0,1,31,Suitable
1,0,0,1,0,1,1,0,1,0,0,1,4,4,2,89,Highly Suitable
0,1,1,1,1,1,0,1,1,0,1,3,7,3,0,35,Highly Suitable
0,1,0,0,1,0,0,1,0,0,0,0,6,5,0,93,Suitable
0,1,0,1,0,1,1,0,0,1,0,2,0,4,0,28,Needs Improvement
0,0,1,1,0,1,1,1,1,1,1,3,7,1,2,60,Highly Suitable
0,0,1,0,0,0,0,1,1,0,1,6,5,2,0,87,Suitable
0,1,0,1,1,0,1,1,0,1,0,5,3,4,0,25,Highly Suitable
0,1,1,0,0,1,1,1,1,1,1,6,6,3,0,45,Highly Suitable
0,0,1,1,0,1,0,0,1,1,1,8,7,2,0,59,Highly Suitable
1,1,0,1,0,1,0,0,1,0,0,1,7,5,1,64,Highly Suitable
1,1,1,0,1,1,1,0,0,0,0,3,1,5,2,92,Highly Suitable
1,1,0,1,1,1,1,0,1,0,1,4,6,5,0,35,Highly Suitable
1,1,1,1,0,0,0,1,0,0,0,3,8,4,1,80,Highly Suitable
1,0,1,0,1,1,0,1,0,1,1,3,6,1,1,72,Highly Suitable
0,1,0,0,1,0,0,1,1,0,0,6,8,0,2,48,Suitable
1,0,0,1,1,0,1,0,0,1,1,0,4,0,1,94,Highly Suitable
0,0,1,0,0,0,1,0,1,1,0,6,4,1,0,77,Suitable
0,0,0,0,1,0,0,1,0,0,1,1,5,1,2,58,Needs Improvement
1,0,0,1,0,0,1,1,1,0,0,4,5,2,0,39,Suitable
1,1,1,0,0,1,1,1,0,1,0,2,3,5,1,79,Highly Suitable
0,1,1,1,0,1,0,0,0,1,1,4,0,4,2,81,Highly Suitable
0,0,1,0,0,1,0,1,0,1,1,1,0,3,2,63,Suitable
0,1,0,1,1,1,0,1,1,0,0,7,7,3,2,35,Highly Suitable
0,0,0,1,0,0,0,0,1,0,1,2,3,5,0,93,Suitable
1,0,0,1,1,1,1,1,0,0,0,0,2,4,0,46,Suitable
1,1,0,1,1,0,0,1,1,0,0,8,7,4,2,76,Highly Suitable
0,0,0,0,0,1,1,0,0,0,1,2,6,0,0,69,Needs Improvement
1,0,0,1,0,0,1,0,1,1,0,4,5,4,0,75,Highly Suitable
1,0,0,0,0,0,0,0,1,1,0,3,3,4,1,23,Needs Improvement
1,1,0,0,1,1,0,1,1,1,0,4,0,2,1,58,Highly Suitable
0,1,1,0,0,1,1,1,0,0,0,6,6,2,1,73,Highly Suitable
0,0,1,0,0,1,0,1,1,0,0,2,4,4,1,100,Suitable
1,1,0,0,0,1,0,0,1,0,1,4,1,4,1,85,Highly Suitable
0,1,1,0,0,1,1,0,0,0,1,7,5,3,1,44,Highly Suitable
1,0,0,0,1,0,0,0,1,1,0,8,5,1,1,78,Highly Suitable
0,1,1,1,1,0,0,0,1,1,1,8,8,3,0,95,Highly Suitable
1,1,1,1,1,1,1,0,0,1,0,6,6,1,0,66,Highly Suitable
0,1,0,1,1,1,0,0,0,1,0,6,1,1,0,69,Highly Suitable
0,0,0,0,1,1,1,1,1,1,1,2,0,0,1,31,Suitable
0,0,0,0,0,0,1,0,0,1,1,6,0,0,2,46,Needs Improvement
1,1,0,1,0,0,1,1,1,1,1,6,7,0,2,53,Highly Suitable
0,0,1,0,0,1,0,0,0,0,0,6,5,1,1,81,Suitable
1,1,0,1,0,1,0,1,0,0,0,6,7,3,1,83,Highly Suitable
1,1,0,1,0,1,0,0,1,0,0,5,2,4,0,87,Highly Suitable
0,0,1,0,0,1,1,1,0,1,1,1,2,1,0,74,Suitable
1,0,1,1,1,1,1,0,1,1,1,6,5,2,0,64,Highly Suitable
0,1,1,0,0,1,1,1,1,0,0,2,0,3,1,81,Suitable
1,1,0,0,1,0,0,0,0,0,1,8,8,2,1,88,Highly Suitable
1,0,1,1,0,0,0,0,1,0,1,6,7,4,2,39,Highly Suitable
1,1,0,0,1,0,0,1,1,0,0,5,1,5,2,95,Highly Suitable
0,0,0,1,1,1,0,1,1,0,1,2,8,1,2,68,Highly Suitable
1,1,0,1,0,1,1,1,0,0,1,5,6,2,0,38,Highly Suitable
0,1,1,0,0,1,0,0,1,0,0,7,2,3,2,34,Highly Suitable
1,0,0,1,1,1,1,0,1,1,1,8,4,5,0,30,Highly Suitable
1,1,0,0,0,1,0,0,1,0,1,6,0,1,1,63,Highly Suitable
1,1,1,0,1,0,0,1,0,1,0,0,8,5,2,31,Highly Suitable
1,1,1,0,0,0,1,1,1,1,0,0,5,0,2,37,Suitable
0,1,0,1,0,1,0,1,0,0,0,6,7,3,1,37,Highly Suitable
1,1,1,1,1,0,1,1,1,0,1,6,3,0,1,56,Highly Suitable
1,0,1,0,1,0,0,0,1,1,1,1,6,2,1,64,Highly Suitable
0,0,0,0,1,0,0,0,1,1,0,0,7,4,2,69,Suitable
0,1,1,1,1,0,0,0,1,1,0,8,3,3,2,77,Highly Suitable
1,1,0,1,1,0,1,1,1,0,0,4,2,2,2,39,Highly Suitable
1,1,1,0,1,0,0,1,1,1,0,0,3,5,0,22,Suitable
0,1,0,0,1,0,1,1,0,0,0,5,6,0,1,46,Highly Suitable
1,0,1,1,1,1,0,1,1,0,0,6,3,2,0,73,Highly Suitable
0,1,0,1,0,1,0,0,1,1,0,1,8,4,0,94,Suitable
0,1,1,1,0,0,1,0,0,1,0,5,0,1,0,26,Suitable
1,1,1,0,1,0,0,0,1,0,1,5,6,3,2,40,Highly Suitable
0,0,0,0,1,0,1,1,0,1,1,0,6,2,2,75,Suitable
1,0,0,1,0,0,0,1,1,0,0,1,3,5,2,94,Highly Suitable
1,1,0,1,1,0,1,1,1,0,0,3,2,3,0,44,Highly Suitable
0,0,0,1,0,0,0,1,1,1,0,8,2,3,1,89,Suitable
0,0,0,0,1,0,0,1,1,1,1,4,4,5,2,30,Suitable
0,0,0,1,0,0,1,0,1,1,1,8,2,4,1,84,Highly Suitable
0,1,0,1,0,0,0,0,0,1,0,6,4,4,1,79,Highly Suitable
1,0,1,0,0,1,0,0,1,0,1,6,1,4,2,59,Highly Suitable
0,1,0,1,1,0,1,0,1,0,0,7,0,4,0,89,Highly Suitable
1,0,0,1,0,1,0,0,0,1,1,7,5,0,1,71,Highly Suitable
1,1,1,0,1,1,0,0,0,1,1,7,6,0,0,26,Highly Suitable
0,1,0,1,1,1,1,1,0,0,0,6,7,5,0,81,Highly Suitable
0,0,1,1,1,0,1,0,1,1,0,1,6,5,0,97,Highly Suitable
0,1,1,1,0,0,0,0,1,1,1,3,1,4,2,81,Highly Suitable
0,1,0,0,1,0,1,0,0,1,1,6,5,2,1,77,Highly Suitable
1,1,0,1,0,1,0,0,0,1,0,7,3,0,1,39,Suitable
0,1,0,1,0,1,0,0,0,1,0,4,6,0,1,22,Suitable
1,0,1,0,0,0,0,0,0,1,1,3,8,1,0,68,Suitable
1,0,0,0,0,0,0,0,1,1,1,4,4,1,2,100,Suitable
0,0,0,0,1,0,1,0,0,1,1,8,0,3,0,94,Highly Suitable
0,0,1,1,0,1,1,0,0,1,0,0,4,5,2,48,Highly Suitable
1,0,1,0,1,0,0,0,1,0,1,3,1,3,2,90,Highly Suitable
0,0,0,0,0,0,0,0,1,0,0,5,6,2,2,69,Needs Improvement
1,1,0,0,0,0,0,1,0,1,1,6,8,4,1,56,Highly Suitable
0,1,1,1,1,1,0,0,1,1,0,1,7,4,1,51,Highly Suitable
0,0,1,0,1,0,1,0,0,0,0,2,8,3,2,47,Suitable
0,0,0,1,0,1,1,0,1,1,0,1,2,0,2,74,Suitable
0,0,1,0,1,0,1,0,1,0,0,7,6,1,1,93,Highly Suitable
1,0,0,1,0,1,0,1,0,1,0,4,8,3,2,83,Highly Suitable
1,0,1,0,0,0,0,0,0,0,0,4,6,3,0,97,Suitable
1,0,0,0,0,0,1,1,0,1,1,5,2,0,0,87,Suitable
0,0,0,0,1,1,1,1,1,1,1,0,6,2,0,41,Suitable
0,0,1,0,0,1,0,0,0,1,1,5,6,3,1,55,Suitable
1,1,0,0,0,0,1,0,0,1,1,8,5,2,0,84,Highly Suitable
0,0,0,1,0,0,0,1,0,1,1,3,8,3,1,70,Suitable
1,0,0,0,1,1,1,0,1,1,0,5,7,4,2,65,Highly Suitable
0,1,1,0,0,1,1,0,0,1,1,7,6,2,1,48,Highly Suitable
1,0,0,1,0,0,1,0,0,1,1,8,8,1,1,72,Highly Suitable
0,1,0,1,0,0,0,0,1,1,1,5,8,1,2,26,Highly Suitable
1,0,1,0,1,1,1,1,0,0,1,8,8,3,2,33,Highly Suitable
0,0,0,0,0,1,0,0,0,1,0,0,0,1,1,44,Not Suitable
0,1,0,1,1,1,0,1,0,1,0,5,8,2,2,55,Highly Suitable
0,0,0,1,0,0,1,1,1,0,1,0,6,3,2,50,Suitable
0,0,0,1,1,1,1,0,0,0,0,7,3,4,0,40,Suitable
0,0,1,1,0,1,1,0,0,1,1,0,7,4,0,42,Highly Suitable
0,1,0,0,0,1,0,1,0,0,0,6,5,0,0,49,Suitable
0,1,1,0,1,0,1,1,0,0,0,5,1,1,2,65,Highly Suitable
0,1,1,1,0,1,0,0,0,1,0,7,1,2,1,31,Suitable
0,1,0,1,1,0,0,0,0,1,0,7,3,2,2,62,Highly Suitable
0,1,1,0,1,1,0,0,0,0,0,8,5,5,1,75,Highly Suitable
1,0,1,1,1,1,1,0,1,1,1,5,8,1,0,32,Highly Suitable
1,1,1,1,0,0,1,0,0,1,0,4,7,2,0,72,Highly Suitable
1,1,0,1,1,1,0,1,1,0,1,3,0,2,0,87,Highly Suitable
0,1,1,0,1,0,0,0,1,1,1,8,5,0,0,71,Highly Suitable
0,0,1,1,0,0,1,1,0,0,1,5,2,4,1,24,Suitable
0,1,0,0,1,1,1,1,1,0,0,5,1,3,1,24,Highly Suitable
1,0,1,1,1,0,1,1,1,1,0,7,1,5,0,43,Highly Suitable
0,0,0,1,1,1,0,0,1,1,1,2,3,1,0,41,Suitable
0,1,1,1,0,0,1,1,1,1,1,4,7,3,2,97,Highly Suitable
0,0,0,1,0,0,0,0,0,0,1,5,0,0,1,99,Needs Improvement
1,0,0,1,0,1,0,0,0,1,0,0,2,3,0,75,Suitable
1,0,1,0,0,1,0,1,1,1,0,0,1,2,1,35,Suitable
1,0,1,0,1,1,0,0,0,1,1,4,1,3,1,22,Suitable
1,1,1,1,0,1,1,1,0,1,0,4,5,1,0,59,Highly Suitable
1,0,0,0,1,0,0,1,0,0,1,4,4,0,2,34,Suitable
1,0,1,0,0,1,0,0,1,1,1,8,2,1,2,48,Highly Suitable
0,0,1,0,0,1,1,1,1,0,0,0,6,2,0,91,Suitable
0,0,0,1,0,0,1,0,1,0,1,2,7,3,2,45,Suitable
0,1,1,1,1,0,1,0,1,1,1,2,5,5,1,64,Highly Suitable
0,1,0,0,1,1,1,1,1,0,1,0,8,1,1,32,Highly Suitable
1,0,0,1,1,0,1,1,0,1,0,1,5,4,1,22,Suitable
0,1,0,1,1,1,1,1,0,0,1,7,8,4,1,86,Highly Suitable
1,0,1,0,1,1,1,0,1,1,0,1,2,1,2,21,Suitable
0,0,0,1,0,1,0,1,1,0,1,8,3,2,0,28,Highly Suitable
0,0,1,0,1,1,1,0,1,1,1,3,1,5,2,50,Highly Suitable
1,1,1,0,0,1,1,0,0,1,0,3,1,2,0,59,Suitable
0,1,0,1,0,1,1,1,1,0,0,0,6,5,0,100,Highly Suitable
0,0,1,0,0,1,1,1,1,0,1,2,8,1,2,65,Highly Suitable
1,1,1,1,0,0,0,0,1,1,0,4,7,5,2,77,Highly Suitable
0,1,0,1,1,1,0,1,0,1,0,0,2,0,1,81,Suitable
0,1,1,1,1,1,0,0,0,0,1,4,0,1,2,99,Highly Suitable
0,0,0,1,0,0,0,1,1,0,1,1,8,4,2,80,Suitable
0,0,1,0,0,0,0,1,1,0,0,8,1,3,1,30,Needs Improvement
1,0,0,0,1,0,0,0,0,1,1,7,4,2,1,62,Highly Suitable
1,0,1,0,1,1,0,0,0,0,1,7,8,4,1,96,Highly Suitable
1,0,0,0,0,0,1,1,1,1,0,0,4,4,2,73,Highly Suitable
0,1,0,1,1,1,0,1,1,0,1,5,3,3,2,48,Highly Suitable
0,0,0,0,1,1,0,1,1,0,0,8,5,3,2,75,Highly Suitable
1,1,1,1,1,0,0,1,1,1,0,6,5,3,0,39,Highly Suitable
1,1,1,0,1,1,0,0,0,1,1,6,1,4,2,24,Highly Suitable
1,1,0,0,0,1,0,0,0,0,1,0,3,1,1,82,Suitable
1,1,1,1,1,0,1,0,0,0,0,2,0,3,1,49,Suitable
1,1,0,0,0,0,1,1,0,1,0,6,6,0,1,41,Highly Suitable
1,1,0,1,1,1,1,1,0,1,0,2,7,3,2,96,Highly Suitable
1,1,0,0,0,0,1,0,1,0,0,0,1,4,0,93,Suitable
1,1,0,1,1,0,0,0,0,0,1,3,3,4,2,67,Highly Suitable
1,0,0,0,1,1,1,1,0,0,1,5,3,0,2,82,Highly Suitable
0,0,0,0,0,0,0,1,1,0,1,6,5,2,1,24,Needs Improvement
1,1,0,0,0,0,1,1,1,1,0,8,0,5,0,97,Highly Suitable
0,0,0,0,0,0,0,0,0,1,1,0,1,5,0,70,Not Suitable
0,0,1,0,0,0,1,1,1,0,1,8,6,0,2,51,Highly Suitable
1,1,0,0,0,1,1,0,0,0,1,2,7,4,0,99,Highly Suitable
1,0,1,1,1,0,0,1,1,1,1,2,4,1,1,34,Suitable
1,0,1,1,1,1,1,0,0,0,1,7,2,1,2,51,Highly Suitable
0,0,1,1,1,0,1,0,1,1,1,3,2,2,2,68,Highly Suitable
1,1,1,0,0,1,0,1,0,1,1,5,4,0,2,45,Highly Suitable
1,1,1,0,0,0,0,0,1,0,0,1,3,0,0,38,Needs Improvement
1,1,0,0,0,1,0,0,1,1,1,4,1,4,1,53,Suitable
1,0,1,1,0,1,1,0,1,1,0,4,5,4,1,96,Highly Suitable
0,0,0,1,1,0,0,1,1,0,1,7,2,0,2,26,Suitable
1,0,1,1,0,0,0,1,1,1,0,2,8,0,1,55,Suitable
0,0,0,1,0,1,1,0,0,0,1,1,6,0,0,92,Suitable
0,1,0,0,1,0,1,1,1,0,0,2,1,2,0,54,Suitable
1,0,0,1,1,1,0,1,0,1,1,2,3,1,1,34,Suitable
0,0,1,0,0,0,1,1,0,1,0,0,1,5,0,25,Needs Improvement
0,0,1,0,1,0,1,0,1,0,0,8,8,1,0,36,Highly Suitable
0,1,1,1,0,0,0,0,1,0,1,3,1,4,1,28,Suitable
1,1,1,0,0,1,1,1,1,1,1,3,7,3,0,77,Highly Suitable
0,1,1,1,0,1,0,0,0,1,0,0,8,5,1,73,Highly Suitable
1,0,1,1,1,0,1,0,0,1,0,0,7,3,1,82,Highly Suitable
1,1,0,1,1,1,1,1,0,0,1,4,6,1,0,78,Highly Suitable
1,1,0,1,0,1,1,0,0,0,0,3,4,1,1,38,Highly Suitable
1,1,1,0,0,0,0,1,0,0,0,6,4,1,0,21,Needs Improvement
0,1,1,1,0,0,1,1,0,0,0,0,3,2,0,27,Needs Improvement
1,1,1,1,0,1,0,1,1,1,0,7,4,1,2,38,Highly Suitable
1,0,0,0,0,0,0,0,0,0,0,4,6,3,0,47,Needs Improvement
0,1,0,0,1,0,0,1,1,0,1,8,6,5,2,95,Highly Suitable
1,1,0,0,1,1,0,1,0,1,1,1,2,4,0,74,Highly Suitable
0,0,0,0,0,1,0,1,0,0,1,5,7,0,1,94,Suitable
0,0,1,1,0,1,0,0,1,0,0,3,6,0,1,92,Suitable
1,0,1,1,1,0,1,0,1,1,0,6,6,5,1,81,Highly Suitable
0,1,1,1,1,1,0,0,0,1,0,2,1,0,0,95,Suitable
0,1,0,0,1,1,0,0,1,1,0,6,5,1,2,32,Suitable
1,1,0,1,0,1,0,1,1,1,0,0,6,5,1,88,Highly Suitable
0,1,1,0,1,0,1,0,0,1,0,6,7,2,2,91,Highly Suitable
0,1,1,0,0,1,1,0,0,0,0,2,0,5,1,58,Suitable
0,0,0,1,1,0,0,1,0,1,1,5,4,2,0,32,Needs Improvement
1,0,1,0,1,0,1,1,0,0,0,7,8,1,2,33,Highly Suitable
1,1,0,0,1,0,0,0,0,0,0,2,4,0,2,23,Needs Improvement
0,0,0,0,1,1,1,0,1,0,0,0,4,2,1,78,Suitable
1,0,0,1,0,0,0,1,0,0,1,7,8,2,0,77,Highly Suitable
0,0,0,1,0,0,1,0,0,1,0,3,3,4,1,53,Suitable
0,0,0,1,1,0,0,0,1,1,1,7,8,5,1,73,Highly Suitable
0,0,0,0,1,0,1,1,1,0,0,5,4,0,2,49,Suitable
1,0,0,0,1,1,0,1,0,1,0,6,2,3,1,42,Suitable
1,1,0,1,0,1,0,0,0,1,1,7,0,5,2,77,Highly Suitable
1,1,1,0,1,0,1,0,0,1,1,6,1,0,1,48,Highly Suitable
0,0,0,1,0,1,1,1,1,1,1,8,7,0,1,55,Highly Suitable
0,1,1,0,0,1,0,1,1,1,0,2,1,3,2,20,Suitable
0,0,1,1,1,1,1,1,1,1,1,2,1,5,1,83,Highly Suitable
1,1,0,1,0,0,1,1,0,1,0,2,5,4,1,62,Highly Suitable
1,0,1,0,0,1,1,0,0,1,1,5,8,5,2,97,Highly Suitable
0,1,0,1,0,0,1,0,0,1,0,8,3,2,2,72,Highly Suitable
0,0,0,0,1,1,0,1,0,1,0,4,7,3,2,23,Highly Suitable
1,0,0,0,0,1,0,0,1,0,1,7,3,1,0,22,Needs Improvement
1,0,1,0,1,0,0,1,0,1,1,6,0,3,2,50,Highly Suitable
0,0,0,0,1,0,1,0,0,1,0,1,0,3,2,44,Needs Improvement
0,1,0,0,1,1,0,1,1,0,0,7,0,0,2,42,Suitable
0,0,1,0,0,1,0,1,1,1,1,8,0,2,0,89,Highly Suitable
0,0,1,0,1,1,0,1,1,1,0,4,7,1,2,51,Highly Suitable
0,0,1,0,0,1,1,0,0,0,0,1,0,0,0,41,Not Suitable
1,1,0,1,1,0,1,1,1,0,1,2,1,2,1,52,Highly Suitable
1,1,1,1,0,1,1,1,0,1,1,2,5,0,0,84,Highly Suitable
1,0,0,1,0,0,0,1,0,0,0,1,4,0,0,25,Needs Improvement
1,1,0,1,0,1,1,1,0,0,1,8,2,3,2,37,Highly Suitable
1,1,0,0,1,0,0,0,1,0,0,8,7,2,0,69,Highly Suitable
0,0,0,1,0,1,1,1,0,0,0,2,4,4,1,67,Suitable
0,0,1,1,1,0,1,0,1,0,0,2,1,2,1,23,Needs Improvement
0,1,1,1,1,1,1,1,1,0,0,0,5,1,0,75,Highly Suitable
0,0,1,1,0,0,1,0,1,0,1,7,1,5,0,22,Suitable
0,1,1,1,0,1,1,0,0,0,0,8,8,0,2,47,Highly Suitable
0,1,0,0,1,1,0,0,0,0,0,8,1,5,1,53,Suitable
0,0,1,1,0,1,0,0,1,1,1,3,4,3,0,77,Highly Suitable
0,1,0,1,1,1,0,0,0,1,0,7,3,0,0,63,Highly Suitable
1,1,0,1,1,1,1,0,1,0,1,6,0,2,0,44,Highly Suitable
0,0,0,0,0,0,0,1,0,1,1,4,4,1,2,53,Needs Improvement
0,0,1,1,0,0,0,0,0,1,0,2,8,3,0,30,Needs Improvement
1,1,0,0,1,0,0,0,0,1,0,5,3,4,1,60,Highly Suitable
0,0,1,1,1,1,0,1,1,0,1,8,8,0,2,29,Highly Suitable
1,1,1,0,1,1,0,0,0,1,1,0,0,5,2,62,Highly Suitable
0,1,0,0,0,1,0,1,0,1,0,3,4,2,0,92,Suitable
1,0,1,1,1,0,1,1,1,1,1,7,5,1,2,74,Highly Suitable
0,0,0,1,1,0,0,0,1,0,1,5,8,1,0,34,Suitable
0,1,1,1,0,0,0,0,0,0,0,1,0,5,2,26,Suitable
1,0,1,0,0,1,0,0,0,0,0,0,1,1,0,67,Needs Improvement
0,0,0,0,1,1,0,1,0,0,0,1,8,2,0,44,Needs Improvement
1,0,1,0,0,0,1,1,1,1,1,5,0,1,1,49,Highly Suitable
0,1,0,0,0,0,1,1,0,1,0,0,4,5,1,35,Needs Improvement
1,1,1,1,1,1,0,1,1,0,0,2,5,4,1,56,Highly Suitable
0,1,0,1,0,0,1,0,1,1,0,2,1,1,1,91,Suitable
1,0,1,1,0,0,0,0,1,1,0,2,1,4,0,54,Suitable
1,0,1,0,1,1,0,1,0,0,1,5,2,1,0,45,Suitable
0,1,0,0,1,1,1,1,0,1,1,3,4,5,1,38,Highly Suitable
0,0,1,0,1,0,1,1,0,0,0,8,4,0,2,48,Highly Suitable
1,0,0,1,0,0,0,0,1,1,1,4,1,4,0,69,Suitable
0,0,0,1,0,1,1,0,0,0,1,2,2,2,0,94,Suitable
0,1,0,1,1,1,0,0,0,0,1,1,1,1,1,84,Suitable
0,0,1,1,0,0,0,1,0,0,0,6,5,0,2,80,Highly Suitable
1,0,1,1,0,1,1,0,1,0,0,5,5,4,0,34,Highly Suitable
1,0,1,0,0,0,0,0,1,1,1,8,0,0,2,29,Suitable
1,0,1,0,1,1,0,0,0,0,1,7,8,2,0,34,Highly Suitable
1,0,1,1,1,1,0,0,1,1,0,6,2,4,1,44,Highly Suitable
1,1,1,0,0,0,0,0,0,0,1,8,5,4,2,21,Highly Suitable
0,1,0,0,1,0,0,1,1,0,1,1,4,3,0,95,Suitable
1,1,0,1,1,0,0,1,1,0,0,5,7,4,0,72,Highly Suitable
0,0,1,0,0,0,1,1,1,0,1,5,1,3,2,26,Suitable
0,1,0,0,0,1,1,0,1,1,0,4,5,5,0,24,Suitable
1,1,0,0,0,1,0,1,1,1,1,3,3,2,2,58,Highly Suitable
1,1,1,0,1,1,0,1,0,1,0,7,1,5,0,61,Highly Suitable
0,0,0,1,1,1,1,0,0,0,1,6,7,0,0,78,Highly Suitable
0,0,1,1,0,0,0,0,0,1,1,1,5,0,1,98,Suitable
1,1,1,1,1,0,0,0,0,0,1,8,3,2,0,38,Highly Suitable
0,1,1,0,1,0,1,1,1,1,0,8,1,1,1,36,Highly Suitable
1,1,1,0,1,0,1,1,0,0,0,1,7,4,2,56,Highly Suitable
0,0,0,1,0,1,0,1,0,1,0,1,4,2,2,32,Needs Improvement
0,1,1,1,1,0,1,0,1,1,1,3,2,0,1,22,Suitable
0,0,1,0,1,1,0,0,0,0,0,7,4,2,2,80,Highly Suitable
1,0,0,1,0,0,0,1,0,0,1,3,7,1,2,66,Highly Suitable
1,0,0,0,0,0,1,0,0,0,0,1,2,4,2,91,Suitable
0,0,0,0,0,1,1,0,1,1,0,8,7,5,2,67,Highly Suitable
1,1,0,1,0,0,0,0,0,1,0,8,0,5,2,30,Highly Suitable
0,0,1,0,0,0,0,1,0,0,1,6,2,5,1,51,Suitable
1,1,0,1,1,1,0,0,1,0,0,2,6,4,0,48,Highly Suitable
0,1,1,1,0,0,1,0,0,0,1,1,7,4,2,91,Highly Suitable
0,1,0,0,0,0,0,0,0,1,1,2,5,4,0,74,Needs Improvement
1,1,1,0,1,1,0,1,1,1,0,0,0,0,2,20,Suitable
1,1,1,0,0,1,0,1,0,0,0,5,2,3,1,71,Highly Suitable
1,0,0,1,1,1,0,1,1,0,1,1,2,2,1,39,Suitable
1,0,0,1,1,0,1,1,0,1,0,0,8,1,1,35,Suitable
0,0,1,0,1,0,0,1,1,0,1,7,7,3,0,50,Highly Suitable
1,0,0,1,0,1,0,1,1,0,1,4,7,5,1,47,Highly Suitable
1,1,1,0,0,1,0,1,0,1,1,2,8,4,2,84,Highly Suitable
1,1,0,1,0,0,1,0,0,1,0,6,7,4,0,23,Highly Suitable
0,1,1,1,1,0,0,0,1,0,0,3,0,4,2,24,Suitable
1,1,1,0,1,0,0,0,0,1,1,6,6,3,0,56,Highly Suitable
1,1,0,0,1,0,1,1,1,1,0,5,4,0,1,97,Highly Suitable
0,1,1,0,0,1,1,0,0,1,1,3,3,5,1,75,Highly Suitable
1,1,0,1,0,1,1,0,1,1,1,6,2,5,1,70,Highly Suitable
0,0,1,1,0,0,1,1,0,1,0,6,1,3,2,72,Highly Suitable
1,0,0,0,1,1,1,0,1,1,1,7,4,4,2,63,Highly Suitable
1,0,1,1,0,1,1,1,1,1,1,2,4,4,2,64,Highly Suitable
0,0,1,0,1,0,1,0,0,1,1,7,1,5,0,90,Highly Suitable
0,0,1,0,0,1,0,1,0,1,1,6,5,1,0,64,Suitable
1,0,1,0,0,0,1,0,0,1,0,3,2,3,0,84,Suitable
0,1,1,1,1,0,0,0,0,1,0,5,8,4,0,62,Highly Suitable
1,0,0,0,0,1,1,1,0,0,1,7,6,2,2,46,Highly Suitable
1,0,1,0,1,1,1,1,1,0,0,6,0,1,1,38,Suitable
0,0,1,0,0,1,1,0,0,1,1,0,6,5,0,85,Highly Suitable
0,1,0,1,1,1,1,0,1,1,1,0,3,0,0,25,Suitable
0,0,0,0,1,1,1,0,0,1,1,2,3,5,2,45,Suitable
1,1,1,0,0,1,1,1,0,1,1,3,5,5,0,20,Highly Suitable
1,1,0,1,0,0,0,1,0,1,0,4,6,2,0,31,Highly Suitable
0,0,0,1,0,0,1,0,1,0,0,8,1,1,0,86,Suitable
1,0,0,0,0,0,1,0,1,1,0,0,7,4,2,62,Suitable
0,1,1,1,1,0,1,0,0,0,1,0,7,4,0,34,Suitable
1,0,0,0,1,1,1,0,0,1,0,1,7,4,1,89,Highly Suitable
0,0,0,0,1,0,0,0,0,1,0,2,5,3,0,78,Needs Improvement
1,1,0,1,1,0,1,0,1,0,1,3,7,0,0,68,Highly Suitable
1,1,0,0,1,0,1,0,0,1,0,3,2,2,0,94,Highly Suitable
0,1,0,0,1,1,1,1,0,0,0,1,4,3,1,41,Suitable
0,1,0,0,1,0,1,0,0,0,1,0,8,4,2,63,Suitable
0,0,0,1,0,0,0,1,0,0,0,2,6,5,2,76,Suitable
0,0,0,0,0,0,0,0,0,0,0,3,5,3,1,34,Not Suitable
0,0,1,1,1,0,1,0,0,0,0,2,8,3,2,37,Highly Suitable
0,0,0,0,0,0,1,0,0,1,0,8,6,1,0,96,Highly Suitable
0,1,1,1,1,1,0,1,1,0,1,8,8,2,2,73,Highly Suitable
0,0,0,0,0,0,1,0,0,0,1,4,0,5,0,39,Not Suitable
1,0,1,1,0,0,0,0,1,0,1,8,8,3,0,63,Highly Suitable
1,0,0,0,0,1,0,1,1,1,1,0,1,2,2,54,Needs Improvement
1,0,0,1,1,0,0,0,0,0,0,7,5,5,0,93,Highly Suitable
1,1,1,0,1,0,0,1,1,0,0,5,5,4,0,26,Highly Suitable
0,1,1,0,0,0,0,1,1,1,0,0,8,0,2,69,Suitable
0,1,0,1,1,0,1,0,0,1,0,5,3,4,0,54,Highly Suitable
0,0,0,1,1,1,1,1,0,0,0,6,7,0,2,93,Highly Suitable
1,1,1,0,0,0,0,1,0,0,0,7,8,5,2,63,Highly Suitable
1,1,0,1,1,1,0,1,0,1,0,6,1,3,1,51,Highly Suitable
1,0,0,1,0,1,1,1,0,1,0,3,2,5,2,75,Highly Suitable
0,0,1,1,0,1,0,1,0,1,1,4,5,1,1,94,Highly Suitable
0,0,0,0,0,0,0,0,0,0,0,3,7,1,2,49,Needs Improvement
0,0,0,1,0,0,1,0,1,0,0,8,8,1,0,64,Highly Suitable
0,0,0,1,0,1,1,1,0,0,1,3,0,3,1,74,Suitable
0,0,0,1,1,0,0,0,1,0,1,0,4,3,1,99,Suitable
0,0,1,1,0,1,0,1,0,0,1,1,5,0,2,45,Suitable
0,1,0,0,1,1,0,1,1,0,1,1,5,5,0,44,Highly Suitable
1,0,0,0,0,1,0,1,0,0,1,1,0,1,2,37,Needs Improvement
0,0,0,1,1,1,0,0,1,0,0,0,0,4,1,48,Needs Improvement
1,1,0,1,0,1,0,0,1,1,0,1,8,4,1,53,Highly Suitable
0,1,0,1,1,1,0,0,0,0,1,6,7,5,1,33,Highly Suitable
1,0,1,1,0,1,1,0,0,0,1,6,8,4,1,85,Highly Suitable
0,0,0,0,1,0,0,0,1,0,1,4,5,2,1,61,Needs Improvement
0,0,1,0,0,1,0,0,0,0,1,1,1,5,1,46,Needs Improvement
0,1,1,1,0,0,1,0,0,1,1,5,4,2,2,66,Highly Suitable
1,0,0,0,1,1,1,0,1,0,0,7,8,1,0,31,Highly Suitable
0,0,0,1,0,0,0,0,0,1,0,3,2,3,2,25,Not Suitable
0,0,0,1,0,0,1,0,0,0,0,4,5,4,2,40,Suitable
0,1,0,1,1,0,1,1,0,1,1,7,2,0,1,33,Suitable
1,0,0,0,1,1,0,1,1,1,0,2,7,5,1,77,Highly Suitable
1,1,0,1,0,1,0,1,1,1,1,1,8,4,0,56,Highly Suitable
0,0,0,0,0,0,0,1,0,0,1,3,0,2,1,67,Not Suitable
0,0,0,1,0,1,1,1,0,0,0,7,4,1,1,64,Highly Suitable
0,0,1,0,1,0,1,0,0,0,1,2,2,1,0,51,Suitable
0,1,1,1,0,1,1,1,0,1,0,2,8,0,0,67,Highly Suitable
1,1,1,0,1,1,1,1,1,0,1,1,6,4,1,43,Highly Suitable
1,1,1,1,0,1,1,0,0,1,0,5,1,0,1,47,Highly Suitable
1,1,1,1,1,0,0,1,0,1,1,8,6,0,0,48,Highly Suitable
0,0,1,0,1,1,0,1,1,0,1,3,2,5,2,59,Suitable
0,0,1,1,1,0,1,0,0,0,1,5,7,3,0,84,Highly Suitable
1,1,1,0,0,0,1,0,1,1,0,7,1,3,1,81,Highly Suitable
0,0,1,1,0,0,1,1,1,0,0,7,4,4,0,83,Highly Suitable
0,0,0,1,0,0,0,0,1,0,1,8,5,3,1,33,Highly Suitable
1,0,1,1,0,1,0,1,1,1,0,4,1,3,0,63,Highly Suitable
1,0,0,0,1,1,0,0,0,1,0,2,0,4,0,28,Needs Improvement
0,0,0,0,0,1,1,0,0,0,0,0,0,1,2,32,Needs Improvement
0,0,0,1,1,1,0,0,1,1,1,6,1,3,2,52,Highly Suitable
0,1,0,0,1,0,1,1,0,0,1,1,7,2,0,20,Suitable
1,0,1,1,0,1,0,0,0,0,0,6,2,0,0,100,Suitable
1,1,0,0,0,1,0,1,1,0,0,3,6,1,1,40,Highly Suitable
1,1,1,0,1,1,0,0,1,0,0,2,7,2,2,50,Highly Suitable
1,1,0,1,0,0,1,0,1,1,0,6,8,2,1,46,Highly Suitable
0,0,1,0,1,1,0,0,0,1,1,0,0,0,1,97,Needs Improvement
0,1,1,0,1,1,0,1,0,1,1,6,6,3,0,81,Highly Suitable
1,0,0,1,0,0,1,1,1,1,0,7,8,1,2,59,Highly Suitable
1,0,0,1,0,0,0,1,0,0,1,8,4,5,1,57,Highly Suitable
0,0,1,1,0,0,0,0,0,0,1,3,8,1,0,100,Suitable
0,0,0,0,0,0,0,1,1,0,1,8,6,1,2,89,Highly Suitable
1,0,1,1,1,1,0,0,1,0,1,0,8,1,0,46,Highly Suitable
1,0,0,0,0,0,0,1,1,1,1,5,6,5,0,76,Suitable
0,0,0,1,0,0,1,1,1,0,0,7,3,0,2,83,Highly Suitable
0,1,1,1,1,0,1,0,1,1,1,5,2,0,0,40,Highly Suitable
1,1,0,1,1,0,0,1,0,0,1,4,8,4,0,96,Highly Suitable
1,0,1,1,0,1,1,1,1,0,0,6,3,4,2,64,Highly Suitable
0,0,1,1,1,0,0,1,1,0,0,3,7,5,2,50,Highly Suitable
1,0,1,0,1,0,0,1,1,1,0,1,7,1,0,95,Suitable
0,0,0,1,1,0,0,0,1,0,1,5,4,1,1,27,Needs Improvement
1,1,1,0,1,0,0,0,0,0,0,4,3,2,1,55,Highly Suitable
1,0,0,0,1,0,0,0,1,0,1,8,0,4,0,58,Highly Suitable
1,1,1,1,1,1,1,0,0,0,1,4,4,2,0,89,Highly Suitable
0,1,1,1,1,1,1,1,1,1,0,0,4,4,0,94,Highly Suitable
1,1,1,1,1,0,1,1,1,1,1,1,7,0,1,32,Highly Suitable
0,0,0,0,0,0,1,0,1,0,1,7,8,3,0,41,Suitable
1,1,1,0,0,1,1,0,0,1,0,2,6,5,0,33,Highly Suitable
0,0,1,0,1,1,1,1,0,1,0,6,4,2,2,99,Highly Suitable
1,1,1,0,1,0,0,1,1,1,0,4,2,1,2,30,Highly Suitable
0,1,1,0,0,0,0,0,1,1,0,4,1,3,2,57,Suitable
1,0,1,0,1,1,0,0,1,1,1,4,3,1,0,58,Highly Suitable
0,0,1,0,1,0,1,1,1,0,1,0,8,0,1,50,Suitable
0,0,0,0,1,1,1,1,0,0,0,4,4,2,0,80,Highly Suitable
1,0,0,1,1,0,1,1,0,0,0,4,3,0,0,40,Suitable
0,0,1,1,1,0,0,0,0,1,1,5,8,2,0,23,Highly Suitable
0,1,0,1,0,0,1,1,0,1,1,4,6,2,0,83,Highly Suitable
0,1,1,1,1,1,0,1,1,1,1,1,4,3,2,32,Highly Suitable
1,1,1,1,0,1,0,0,1,0,0,5,2,5,1,59,Highly Suitable
1,0,1,1,0,0,1,1,0,1,1,0,0,3,2,29,Suitable
1,0,1,1,0,1,0,1,1,1,0,1,8,5,2,57,Highly Suitable
0,1,1,1,0,1,1,0,1,1,0,3,2,1,0,59,Highly Suitable
0,1,0,0,0,0,1,0,0,0,0,4,5,1,2,69,Suitable
1,0,1,0,1,1,1,1,1,1,1,5,5,4,2,46,Highly Suitable
0,1,1,1,0,0,0,0,0,1,1,2,3,1,1,61,Suitable
0,0,1,0,1,0,0,0,0,1,1,2,5,0,1,48,Suitable
0,0,0,1,1,0,1,1,0,0,1,0,7,5,0,47,Suitable
1,0,0,1,1,1,0,1,1,0,0,8,8,2,0,67,Highly Suitable
1,1,1,0,1,1,0,1,0,0,0,3,7,2,0,53,Highly Suitable
0,1,1,0,1,1,0,0,1,1,0,3,8,5,2,96,Highly Suitable
1,1,1,0,0,0,0,0,0,0,1,0,4,0,0,31,Needs Improvement
0,1,1,0,0,1,1,0,0,1,0,2,6,3,2,34,Highly Suitable
1,0,1,1,0,1,0,0,1,1,1,0,3,2,2,87,Highly Suitable
1,0,1,1,1,0,1,0,1,0,1,4,4,0,0,42,Suitable
1,0,0,1,0,1,1,1,1,0,1,4,2,5,0,29,Highly Suitable
0,0,1,0,0,1,1,0,0,0,0,6,2,5,1,66,Suitable
1,1,0,0,1,1,0,1,0,0,0,8,8,5,0,95,Highly Suitable
0,1,1,1,0,0,0,0,1,0,1,4,3,4,1,31,Suitable
0,0,0,1,1,1,0,1,1,0,1,1,6,2,0,70,Highly Suitable
0,0,1,1,0,0,1,1,0,1,1,5,7,2,0,65,Highly Suitable
1,1,1,1,0,0,0,0,0,0,1,3,3,3,1,44,Suitable
0,0,0,0,0,1,1,0,1,0,0,1,0,0,2,80,Needs Improvement
1,0,1,0,1,1,0,1,1,0,0,8,8,4,1,79,Highly Suitable
1,1,1,1,0,1,1,1,1,0,1,2,7,2,1,20,Highly Suitable
1,0,1,0,0,1,0,1,1,1,0,1,6,1,1,27,Highly Suitable
0,1,1,0,0,1,0,0,1,1,0,8,2,0,0,43,Highly Suitable
0,0,1,0,1,1,0,1,1,0,0,8,0,5,1,45,Suitable
1,1,0,0,1,1,0,1,0,0,0,4,5,0,2,94,Highly Suitable
1,1,1,1,1,0,0,0,1,1,0,2,8,4,0,50,Highly Suitable
0,0,1,0,0,1,0,1,0,0,0,7,3,1,0,96,Highly Suitable
0,1,0,1,1,1,1,0,1,0,0,4,0,2,1,84,Highly Suitable
1,0,1,1,1,0,0,0,1,1,1,6,3,5,2,68,Highly Suitable
1,1,0,1,1,0,0,1,0,1,1,1,2,2,2,20,Suitable
1,0,0,1,0,1,0,1,0,1,0,8,0,2,0,38,Suitable
0,0,0,1,1,0,1,1,1,0,1,8,6,0,1,73,Highly Suitable
0,1,0,0,0,0,1,1,1,1,1,8,1,3,2,93,Highly Suitable
1,1,1,1,1,0,1,0,0,1,0,1,2,2,1,91,Highly Suitable
1,1,1,1,1,0,0,1,0,0,1,1,1,0,1,35,Suitable
1,0,1,0,1,0,1,1,1,1,1,3,5,2,1,82,Highly Suitable
1,0,0,0,0,0,1,1,1,0,1,8,3,3,2,42,Highly Suitable
1,0,0,1,0,1,1,0,1,0,1,3,0,4,0,31,Suitable
0,1,1,0,1,1,0,1,0,0,1,1,4,0,0,38,Needs Improvement
1,0,1,0,1,1,0,1,0,1,0,4,3,5,0,71,Highly Suitable
0,0,0,0,0,1,1,0,1,1,0,1,3,4,0,69,Needs Improvement
0,1,1,1,1,1,0,0,0,0,1,8,2,3,1,62,Highly Suitable
1,0,0,1,1,0,1,1,0,1,1,2,7,0,1,99,Highly Suitable
0,1,0,1,0,0,0,0,1,1,0,5,8,2,2,73,Highly Suitable
1,1,1,1,1,0,0,1,1,0,1,5,1,2,0,65,Highly Suitable
0,1,0,0,1,0,0,1,1,1,1,6,8,2,1,53,Highly Suitable
0,1,1,0,0,0,1,1,1,0,1,4,7,2,2,31,Highly Suitable
0,1,1,1,0,0,0,0,0,1,1,2,2,2,1,32,Suitable
1,0,1,0,1,1,1,0,1,0,1,0,0,0,1,98,Highly Suitable
0,1,1,1,0,1,1,0,0,0,1,7,2,1,0,31,Highly Suitable
1,1,1,1,1,1,1,1,0,1,1,6,8,2,2,40,Highly Suitable
0,1,1,0,0,1,1,1,0,1,1,8,3,2,0,60,Highly Suitable
0,1,1,0,1,1,0,0,1,0,0,8,6,3,2,48,Highly Suitable
0,1,1,0,1,1,0,1,0,1,0,7,8,3,0,95,Highly Suitable
1,0,1,1,1,1,1,0,1,1,1,2,7,2,0,46,Highly Suitable
0,0,0,0,0,0,1,0,1,0,0,3,1,0,0,64,Needs Improvement
1,1,1,0,0,0,0,0,0,1,0,8,7,0,0,93,Highly Suitable
1,0,0,0,1,1,0,0,1,0,1,6,2,1,2,93,Highly Suitable
1,0,1,0,1,0,0,1,0,1,0,6,8,3,1,34,Highly Suitable
1,1,0,0,1,0,1,0,0,1,0,4,2,2,2,33,Suitable
1,1,1,0,1,1,1,0,1,0,1,4,5,1,1,43,Highly Suitable
1,1,0,1,1,0,1,0,0,1,1,3,3,3,2,68,Highly Suitable
0,1,0,1,1,1,0,1,0,0,1,8,5,2,2,46,Highly Suitable
0,0,0,1,0,1,1,0,0,1,1,5,5,0,1,23,Suitable
0,0,1,1,0,0,0,0,1,0,1,5,5,2,1,34,Suitable
1,1,1,0,0,1,0,0,0,0,0,4,3,1,1,27,Suitable
0,1,1,0,0,0,1,1,1,1,0,3,6,3,1,31,Suitable
1,1,0,1,1,1,1,1,0,1,1,1,8,3,0,91,Highly Suitable
0,0,1,0,1,1,1,1,1,1,1,1,0,1,0,83,Highly Suitable
0,1,1,1,1,1,0,1,0,0,1,3,6,1,0,47,Highly Suitable
1,0,0,0,1,1,0,1,1,1,1,3,6,4,0,52,Highly Suitable
1,1,0,0,0,0,1,1,0,0,1,1,3,3,1,28,Needs Improvement
0,1,0,0,0,0,0,1,0,1,0,1,0,1,2,50,Needs Improvement
1,0,0,1,0,1,0,0,0,0,0,6,2,1,1,21,Suitable
0,1,1,0,1,1,1,1,1,1,1,1,3,2,2,97,Highly Suitable
1,0,1,0,0,0,1,1,1,0,0,6,8,4,1,42,Highly Suitable
1,1,0,0,0,1,1,0,0,1,1,2,6,4,1,79,Highly Suitable
1,1,1,1,1,0,0,0,1,1,0,4,8,1,1,99,Highly Suitable
0,0,0,1,1,0,1,1,1,0,0,3,5,3,2,30,Highly Suitable
1,0,1,1,0,1,1,1,0,0,0,5,6,0,1,97,Highly Suitable
0,0,1,1,0,0,0,0,0,0,0,0,2,3,2,52,Needs Improvement
0,1,1,0,1,0,0,0,0,0,1,0,0,1,1,38,Not Suitable
1,1,0,1,1,1,0,1,1,0,1,6,3,3,2,94,Highly Suitable
1,0,0,1,0,1,0,1,1,1,1,5,1,4,2,22,Suitable
1,1,0,0,0,0,1,1,1,0,0,6,8,1,0,47,Highly Suitable
1,1,0,1,0,0,1,0,0,1,1,3,7,4,0,87,Highly Suitable
0,1,0,0,1,0,1,1,0,0,0,6,3,4,0,21,Suitable
0,0,0,1,0,1,0,0,1,0,1,8,4,3,1,86,Highly Suitable
0,1,0,0,1,0,1,0,1,1,0,2,0,5,2,88,Suitable
1,0,1,0,1,0,0,0,0,1,1,4,6,2,0,73,Highly Suitable
0,0,1,0,0,1,0,1,1,0,1,7,0,4,0,89,Highly Suitable
0,0,1,1,1,1,1,0,0,0,0,8,6,5,2,89,Highly Suitable
0,0,1,1,0,0,0,0,0,1,0,7,8,0,0,63,Suitable
0,1,1,0,0,0,1,0,0,0,0,1,4,1,1,82,Suitable
0,0,1,1,1,0,1,0,1,0,0,0,8,2,1,64,Highly Suitable
1,0,0,0,1,1,1,1,1,0,0,3,5,2,1,59,Highly Suitable
0,1,0,1,0,0,0,1,0,1,1,1,0,0,1,80,Needs Improvement
0,1,1,1,0,1,1,1,0,1,0,1,8,5,1,82,Highly Suitable
0,1,1,0,1,0,1,1,1,1,1,0,1,3,1,20,Suitable
1,1,1,0,0,0,1,1,0,1,0,5,1,5,2,53,Highly Suitable
0,0,1,1,1,0,0,0,0,1,0,7,8,3,0,24,Highly Suitable
1,1,1,1,0,1,0,0,0,0,0,4,2,5,0,56,Highly Suitable
0,0,1,1,0,0,1,0,0,0,0,2,7,5,1,100,Highly Suitable
0,1,0,0,1,1,0,1,1,1,1,3,4,5,0,61,Highly Suitable
1,0,1,1,0,0,1,0,0,1,0,4,3,1,2,55,Suitable
1,1,1,0,1,0,1,1,1,0,1,8,6,5,1,76,Highly Suitable
0,1,1,0,1,1,1,0,0,0,0,8,6,3,1,29,Highly Suitable
0,1,1,0,0,0,0,1,0,1,0,3,0,2,2,36,Needs Improvement
0,0,0,1,0,0,1,1,1,1,0,6,0,1,2,38,Needs Improvement
0,1,0,0,1,1,1,1,1,0,0,3,8,2,1,44,Highly Suitable
0,0,1,1,1,0,1,0,0,1,1,6,5,5,0,84,Highly Suitable
0,1,0,1,0,1,1,0,0,0,0,7,4,1,1,23,Highly Suitable
0,1,0,0,0,0,0,0,0,1,0,8,5,3,0,62,Suitable
1,1,1,1,1,0,0,0,1,1,0,8,8,2,0,59,Highly Suitable
1,1,0,0,1,0,1,1,1,0,1,6,0,5,2,59,Highly Suitable
0,0,1,1,0,1,1,0,1,0,0,5,7,1,1,95,Highly Suitable
0,0,0,0,0,1,1,0,1,1,1,8,2,3,1,49,Suitable
1,0,0,1,0,0,1,1,0,0,1,5,8,5,1,32,Highly Suitable
0,1,1,1,1,1,0,1,0,0,0,1,0,1,0,91,Suitable
1,0,0,1,1,0,1,1,1,0,0,3,2,2,1,31,Suitable
0,1,1,1,1,0,0,0,0,1,0,6,7,0,2,40,Highly Suitable
1,1,0,1,1,1,0,1,0,1,0,3,7,0,2,48,Highly Suitable
1,0,0,1,1,0,1,1,1,0,1,5,2,3,2,75,Highly Suitable
0,1,0,0,0,0,0,0,0,0,1,1,4,4,0,35,Needs Improvement
1,1,1,0,1,1,0,0,1,1,0,0,4,0,0,30,Suitable
1,1,0,1,1,0,0,1,0,1,0,6,1,1,2,46,Highly Suitable
0,1,0,1,0,0,0,0,1,1,0,1,2,3,1,23,Not Suitable
1,1,1,0,1,0,0,0,0,1,1,5,1,0,2,79,Highly Suitable
1,0,0,1,0,1,0,0,1,1,1,1,4,4,1,46,Highly Suitable
1,0,1,0,0,0,1,0,0,1,1,2,5,1,2,89,Highly Suitable
0,1,0,1,1,0,0,1,1,0,0,4,7,3,0,44,Highly Suitable
1,1,1,0,0,0,0,1,1,1,0,3,8,1,2,22,Highly Suitable
0,1,0,0,0,1,1,1,1,0,1,4,8,4,0,60,Highly Suitable
1,0,0,0,0,1,0,0,0,1,0,0,7,4,0,23,Not Suitable
1,0,1,1,1,1,1,0,0,1,1,5,8,5,1,84,Highly Suitable
0,0,0,0,1,0,1,0,1,0,1,8,7,0,2,96,Highly Suitable
1,0,0,0,1,0,1,0,0,1,1,1,1,5,2,37,Needs Improvement
1,1,0,0,1,1,0,0,0,0,0,4,6,5,1,63,Highly Suitable
1,1,1,1,1,1,0,0,0,0,1,2,7,3,1,47,Highly Suitable
1,1,1,0,0,0,1,1,1,0,1,0,5,4,2,81,Highly Suitable
0,1,1,1,0,0,0,0,0,0,0,4,1,3,2,89,Highly Suitable
1,1,1,0,0,0,0,0,1,1,0,6,8,5,1,54,Highly Suitable
1,1,1,1,1,0,0,1,1,1,1,2,8,4,0,57,Highly Suitable
1,0,1,1,1,1,1,1,1,0,0,4,6,1,0,75,Highly Suitable
1,0,0,0,0,0,0,0,1,0,0,3,1,5,1,62,Needs Improvement
0,0,1,0,1,1,1,1,1,0,1,0,7,0,2,74,Highly Suitable
1,1,1,0,1,0,0,1,1,1,0,3,4,0,2,67,Highly Suitable
0,1,1,0,1,0,0,1,1,1,0,5,2,0,1,59,Suitable
0,0,0,0,0,0,1,1,0,1,1,8,6,0,2,50,Highly Suitable
0,0,0,0,1,1,0,1,0,0,1,7,0,4,0,56,Suitable
1,0,0,0,0,1,0,1,0,0,0,0,5,5,1,84,Suitable
0,0,0,0,0,0,0,0,0,1,0,3,6,2,2,35,Not Suitable
0,1,1,0,0,0,0,0,1,1,0,0,0,5,0,73,Needs Improvement
0,0,0,1,1,1,0,1,0,1,1,8,4,4,1,70,Highly Suitable
0,1,1,0,1,1,0,1,1,0,1,5,4,1,0,32,Suitable
1,0,0,0,1,1,0,0,0,0,0,3,4,1,2,49,Needs Improvement
1,0,0,1,0,0,1,0,0,0,0,2,0,0,1,87,Suitable
0,1,1,1,1,0,1,1,1,0,0,5,1,3,2,35,Highly Suitable
0,1,1,0,0,1,0,1,1,0,0,5,6,1,0,35,Suitable
1,0,1,1,1,1,1,1,1,1,1,0,6,1,1,29,Highly Suitable
1,0,0,0,1,0,1,0,0,0,0,7,0,1,2,86,Suitable
1,0,1,1,0,0,1,1,1,1,1,0,2,2,0,32,Suitable
0,1,1,1,0,1,0,1,0,0,1,1,2,1,1,80,Suitable
0,1,1,0,0,0,0,0,0,0,0,1,2,5,0,66,Needs Improvement
0,0,0,0,1,1,1,1,1,1,0,4,4,3,2,96,Highly Suitable
0,0,1,1,1,1,0,1,0,0,1,7,8,4,1,45,Highly Suitable
1,0,1,0,1,1,1,0,0,0,1,6,3,5,1,79,Highly Suitable
1,1,0,0,1,0,0,1,1,1,1,6,7,4,1,95,Highly Suitable
0,1,0,0,0,1,0,0,0,0,0,1,3,3,2,24,Not Suitable
1,1,0,1,0,0,1,1,0,1,0,8,7,1,0,59,Highly Suitable
1,1,0,0,1,0,1,1,0,1,1,6,7,4,2,39,Highly Suitable
0,0,1,1,0,1,1,1,1,0,0,4,5,4,2,31,Highly Suitable
0,0,1,1,0,1,1,0,0,0,0,6,4,3,2,76,Highly Suitable
1,1,0,0,1,0,1,1,1,0,0,7,6,1,0,20,Highly Suitable
0,0,1,0,1,1,0,1,1,1,0,6,4,3,2,53,Highly Suitable
0,0,1,0,0,0,0,1,0,0,1,8,8,0,1,72,Highly Suitable
0,1,1,0,1,0,0,1,1,1,1,0,7,2,0,57,Highly Suitable
1,1,0,0,1,0,1,0,1,0,1,6,2,1,1,83,Highly Suitable
0,0,1,1,0,0,0,0,1,1,0,0,4,1,0,93,Needs Improvement
1,0,1,0,0,1,1,1,0,0,0,0,8,0,1,51,Suitable
0,0,1,0,1,0,0,1,0,0,0,8,2,0,1,87,Suitable
0,1,0,0,0,0,0,0,1,1,1,3,2,3,2,25,Suitable
1,0,1,0,1,1,0,0,0,0,1,0,3,4,0,96,Suitable
0,0,1,0,0,0,1,1,1,0,1,7,0,5,0,79,Suitable
0,1,0,0,1,1,1,0,1,1,0,3,3,3,2,62,Highly Suitable
0,0,1,1,0,0,1,1,0,0,1,7,1,4,2,54,Highly Suitable
1,0,0,1,0,0,0,1,0,0,1,8,8,1,2,99,Highly Suitable
1,0,0,1,1,1,0,1,1,1,0,7,0,1,1,83,Highly Suitable
0,1,0,0,1,0,1,1,0,1,1,4,6,0,2,42,Highly Suitable
1,0,1,0,0,1,0,0,1,0,0,3,0,0,1,74,Suitable
0,0,0,0,1,1,0,0,0,0,0,2,7,3,1,39,Needs Improvement
0,0,1,0,1,1,0,0,1,0,0,1,2,1,2,55,Suitable
0,1,1,1,1,1,0,1,0,0,1,6,6,3,0,63,Highly Suitable
1,0,0,1,0,1,0,0,0,1,1,6,5,3,0,30,Highly Suitable
1,1,0,0,0,0,1,0,1,1,1,4,2,1,1,98,Highly Suitable
0,1,1,1,1,1,0,1,0,1,1,3,0,3,0,60,Highly Suitable
1,0,1,1,0,1,1,1,0,1,0,0,5,0,0,89,Suitable
0,0,1,1,0,1,0,1,0,1,1,5,1,1,0,56,Suitable
0,1,1,0,0,0,1,1,0,1,0,5,0,3,1,31,Suitable
0,1,0,0,1,1,0,1,1,0,0,0,4,5,0,24,Suitable
0,0,0,0,1,0,0,0,1,1,0,0,3,4,0,61,Needs Improvement
1,1,0,0,1,1,1,1,0,1,1,8,3,5,1,29,Highly Suitable
1,1,0,0,1,1,1,0,1,1,1,8,7,1,2,54,Highly Suitable
0,1,0,0,0,1,0,0,0,0,1,6,3,3,2,79,Suitable
1,1,1,1,0,0,0,1,1,1,0,5,0,2,0,73,Highly Suitable
1,0,0,0,1,1,0,0,0,1,0,0,7,5,1,69,Suitable
0,0,0,1,0,1,0,1,1,0,1,5,6,4,2,54,Highly Suitable
1,0,1,0,0,0,0,0,1,0,1,1,6,1,2,56,Suitable
0,1,0,1,0,0,0,0,1,1,1,0,2,5,2,84,Highly Suitable
0,0,0,0,1,1,0,1,1,1,1,5,7,5,0,36,Suitable
0,1,0,0,0,0,0,0,0,1,1,2,0,4,2,28,Not Suitable
1,1,1,0,1,1,0,1,1,0,1,8,8,5,0,55,Highly Suitable
1,0,1,1,0,0,0,1,0,1,0,5,7,1,0,61,Highly Suitable
1,0,0,1,1,1,0,1,1,0,0,4,1,4,1,94,Highly Suitable
1,1,1,0,0,0,0,1,0,0,1,6,5,4,1,20,Suitable
0,1,0,1,0,1,0,0,0,1,1,5,2,2,2,74,Highly Suitable
0,1,1,0,1,1,1,0,1,0,0,5,7,4,0,65,Highly Suitable
1,0,1,1,1,0,0,0,0,0,1,4,4,3,1,98,Highly Suitable
1,0,1,1,1,0,1,1,0,0,0,3,0,2,0,30,Suitable
1,0,0,0,0,1,1,1,1,0,0,2,5,3,2,24,Suitable
1,1,0,0,1,1,1,0,1,1,0,8,0,3,1,93,Highly Suitable
1,0,1,1,1,0,0,0,0,0,0,3,5,3,0,27,Suitable
1,1,1,1,0,1,0,0,1,0,1,3,3,4,0,34,Highly Suitable
0,0,0,1,0,0,1,0,0,0,0,8,3,5,0,21,Suitable
1,0,0,1,1,1,1,1,1,1,0,2,2,3,2,82,Highly Suitable
0,1,0,1,1,1,0,0,1,0,0,3,8,4,0,73,Highly Suitable
0,0,0,1,0,1,0,1,0,1,0,5,7,1,1,30,Suitable
1,1,1,0,0,1,1,0,1,1,0,6,5,3,0,42,Highly Suitable
0,0,1,1,1,0,0,0,1,1,0,8,1,2,2,100,Highly Suitable
0,0,0,0,0,1,0,1,0,1,1,2,2,1,0,51,Needs Improvement
0,1,0,1,0,0,1,0,0,0,0,5,5,5,1,49,Suitable
0,0,1,0,0,0,0,0,1,1,1,8,8,0,1,38,Suitable
0,0,1,1,0,1,0,0,0,0,1,7,0,1,0,93,Suitable
0,1,0,1,1,1,1,1,1,1,1,0,4,4,2,50,Highly Suitable
0,1,1,0,0,0,1,0,0,0,1,6,2,3,2,96,Highly Suitable
1,0,1,0,0,0,1,0,1,1,1,4,4,5,1,64,Highly Suitable
0,1,1,1,1,0,0,1,0,0,1,1,6,2,1,64,Highly Suitable
1,1,1,0,0,0,0,0,0,0,1,0,8,5,2,47,Suitable
0,1,0,1,0,1,1,1,1,0,1,7,0,5,1,60,Highly Suitable
1,1,0,1,1,1,0,0,1,0,0,0,4,4,0,31,Suitable
0,1,1,0,1,1,1,0,1,0,1,4,7,2,1,54,Highly Suitable
0,1,1,0,0,0,0,1,0,1,1,1,8,1,1,41,Suitable
0,0,0,1,0,1,0,1,0,1,1,6,6,3,1,90,Highly Suitable
0,0,0,0,0,1,1,0,0,0,1,4,0,4,0,40,Needs Improvement
0,1,1,0,0,0,0,1,1,0,1,3,1,0,1,27,Needs Improvement
1,0,0,1,0,1,0,0,0,0,1,2,0,1,0,81,Needs Improvement
0,1,0,1,1,0,1,0,0,0,1,8,1,0,2,30,Suitable
1,1,1,0,1,0,0,1,0,1,1,3,3,0,2,60,Highly Suitable
0,1,1,1,0,0,0,0,0,0,0,0,8,3,2,96,Highly Suitable
0,0,1,0,1,0,0,1,0,1,0,2,3,2,2,51,Suitable
1,0,0,1,1,0,0,0,0,1,0,5,4,2,1,87,Highly Suitable
1,0,1,0,1,0,0,1,0,1,0,8,7,2,1,38,Highly Suitable
1,1,1,0,1,0,0,1,0,1,1,7,4,5,2,76,Highly Suitable
0,0,1,1,1,0,0,1,0,1,0,0,5,2,2,84,Suitable
1,0,0,1,1,0,1,1,1,1,0,0,7,2,1,37,Highly Suitable
0,0,1,1,0,0,0,0,0,0,1,0,5,3,2,98,Suitable
0,1,0,0,0,1,0,1,0,1,0,2,2,5,0,53,Suitable
1,0,1,1,1,1,0,0,1,0,1,7,6,3,2,41,Highly Suitable
0,1,1,1,0,0,1,1,1,1,1,2,2,5,0,77,Highly Suitable
1,1,1,1,0,0,1,0,1,0,0,4,6,1,0,85,Highly Suitable
1,0,1,1,1,1,0,0,1,0,1,0,7,3,1,92,Highly Suitable
0,1,0,1,0,0,1,0,1,1,0,1,8,5,1,49,Suitable
1,0,1,1,1,1,0,1,0,1,1,4,0,1,2,80,Highly Suitable
0,1,1,1,0,1,0,1,1,1,0,1,3,2,2,56,Highly Suitable
1,1,0,1,0,1,1,0,0,1,1,5,2,1,0,58,Highly Suitable
0,0,1,0,0,1,0,1,0,0,0,5,0,4,0,40,Suitable
0,0,0,1,0,1,1,0,0,1,1,6,4,2,0,98,Highly Suitable
0,0,1,0,0,0,1,1,1,1,0,5,7,4,1,81,Highly Suitable
1,0,1,0,0,0,0,1,1,0,1,3,2,1,1,54,Suitable
1,0,1,1,1,1,1,1,0,1,0,1,6,0,1,25,Highly Suitable
1,1,0,1,1,1,1,1,0,1,0,0,1,1,0,96,Highly Suitable
0,1,1,1,0,0,0,0,1,0,0,2,4,3,1,21,Suitable
0,1,0,1,0,0,0,1,0,0,0,2,4,2,0,44,Needs Improvement
0,1,1,0,1,1,1,0,0,1,0,2,4,4,0,65,Highly Suitable
0,0,1,0,1,0,0,1,0,0,0,8,7,4,0,44,Suitable
1,1,1,0,1,1,0,0,1,0,0,6,1,3,2,36,Highly Suitable
1,0,1,1,1,0,0,1,1,0,0,0,5,0,2,79,Highly Suitable
0,1,0,1,0,1,0,0,1,0,1,5,2,2,1,55,Highly Suitable
1,1,1,0,0,0,0,0,0,1,0,8,0,1,0,88,Highly Suitable
1,1,0,0,0,1,0,0,0,1,1,5,3,4,2,61,Highly Suitable
0,0,1,0,1,1,0,1,0,0,0,6,7,3,2,66,Highly Suitable
1,0,1,1,0,0,1,1,1,0,1,6,5,4,2,78,Highly Suitable
1,1,0,1,0,0,1,0,0,1,1,2,3,5,0,52,Highly Suitable
1,1,0,0,0,0,1,1,0,1,0,0,6,4,2,28,Suitable
1,1,0,0,0,1,1,1,0,1,0,8,1,1,1,31,Highly Suitable
0,1,0,0,1,1,1,1,0,0,0,7,5,0,1,78,Highly Suitable
0,1,0,1,0,0,1,0,0,0,0,4,1,2,0,20,Needs Improvement
0,0,1,1,1,0,1,0,0,0,0,4,4,0,1,85,Highly Suitable
1,1,1,1,0,0,1,0,0,0,1,6,7,3,0,83,Highly Suitable
1,1,1,1,1,0,0,1,1,0,1,4,6,4,2,25,Highly Suitable
1,1,1,1,0,1,0,1,1,0,0,3,6,4,0,29,Highly Suitable
0,1,0,1,1,1,0,1,0,0,0,3,4,3,2,56,Highly Suitable
1,1,1,1,0,1,0,1,0,1,1,3,5,4,2,53,Highly Suitable
1,1,0,0,1,1,0,1,1,0,0,7,2,4,0,87,Highly Suitable
0,0,0,0,0,0,1,1,0,0,0,0,8,4,0,49,Needs Improvement
1,1,0,1,1,1,1,1,1,1,1,1,4,1,1,87,Highly Suitable
1,0,1,1,0,1,1,0,0,1,0,7,4,1,1,62,Highly Suitable
0,0,0,0,0,1,0,0,1,0,0,4,7,0,1,41,Suitable
1,0,1,1,1,0,0,1,1,0,0,4,7,1,0,79,Highly Suitable
1,0,1,0,0,0,1,0,0,1,1,0,3,3,1,65,Suitable
0,0,1,0,1,0,1,1,1,1,1,0,0,4,1,47,Suitable
1,1,0,1,1,0,0,1,0,1,0,4,1,4,0,56,Highly Suitable
0,1,0,0,0,1,0,1,0,1,1,2,1,1,2,33,Needs Improvement
0,1,0,1,1,0,0,1,1,0,1,6,8,3,0,62,Highly Suitable
1,0,0,0,1,1,1,1,1,0,0,4,7,2,1,49,Highly Suitable
1,0,0,0,0,1,1,0,0,1,0,0,7,1,2,72,Suitable
1,1,0,0,0,0,0,0,0,1,1,3,7,4,1,37,Suitable
0,1,1,1,1,0,1,1,0,1,1,5,8,1,0,68,Highly Suitable
0,1,0,1,1,1,0,0,0,0,1,6,2,1,0,30,Suitable
1,1,1,0,0,0,1,1,1,0,1,1,6,5,1,71,Highly Suitable
1,1,0,0,0,1,1,1,0,1,0,7,7,2,0,64,Highly Suitable
1,1,0,1,0,0,0,1,0,1,0,6,1,3,0,43,Suitable
1,0,0,0,0,1,1,1,1,1,0,2,2,0,1,76,Highly Suitable
0,1,1,0,1,1,0,1,0,1,1,5,5,0,0,70,Highly Suitable
0,1,0,1,1,1,0,0,0,0,1,3,7,5,0,74,Highly Suitable
0,0,0,1,1,0,0,1,0,1,0,2,0,2,1,94,Needs Improvement
1,1,1,1,1,1,0,0,1,1,1,8,4,3,1,44,Highly Suitable
1,0,0,0,0,0,0,1,0,0,0,4,5,5,0,82,Suitable
0,0,0,0,0,0,1,1,0,0,0,2,2,2,2,61,Needs Improvement
1,0,0,1,0,1,0,1,0,0,1,2,4,5,2,70,Highly Suitable
0,0,0,0,0,0,0,0,1,1,0,6,5,0,0,29,Needs Improvement
1,1,1,1,0,1,1,1,0,1,0,4,3,5,2,79,Highly Suitable
1,1,1,1,0,0,1,0,1,0,1,4,3,1,1,49,Highly Suitable
0,0,1,0,1,0,0,1,0,1,1,6,3,0,2,48,Suitable
1,0,1,0,0,0,1,1,0,1,0,8,6,0,1,56,Highly Suitable
1,1,0,0,1,1,0,0,1,0,1,3,5,2,2,73,Highly Suitable
0,1,1,0,0,1,0,1,0,0,1,6,7,1,2,27,Highly Suitable
1,0,1,0,1,0,0,0,0,1,0,1,4,5,1,92,Suitable
1,0,1,0,1,1,1,1,0,0,0,4,4,2,0,99,Highly Suitable
1,1,1,1,0,1,1,1,1,1,1,0,1,3,0,25,Highly Suitable
1,1,0,0,0,0,0,1,1,1,0,1,4,0,0,73,Suitable
1,0,0,0,0,0,0,0,0,1,1,2,3,1,0,32,Not Suitable
0,0,0,1,0,1,1,0,1,0,1,1,7,4,0,100,Highly Suitable
0,0,0,1,0,1,0,1,0,0,0,3,6,2,2,55,Suitable
0,1,1,0,0,0,1,0,1,0,0,7,1,5,0,37,Suitable
0,0,0,1,1,0,0,1,0,0,1,1,5,2,2,99,Suitable
1,1,1,0,1,0,0,1,0,0,1,7,4,2,1,37,Highly Suitable
1,1,0,0,0,0,1,0,1,1,0,7,4,1,1,58,Highly Suitable
1,0,0,1,0,0,0,0,1,0,1,1,8,1,2,46,Suitable
1,0,1,0,0,0,0,0,1,1,1,7,3,4,1,27,Highly Suitable
0,1,1,0,1,1,0,0,1,1,1,2,3,4,1,37,Suitable
0,0,0,0,1,1,1,1,1,0,1,7,7,2,1,44,Highly Suitable
1,1,0,0,0,1,1,1,0,1,1,2,6,5,0,50,Highly Suitable
1,0,1,0,0,0,1,1,0,0,0,6,0,0,1,64,Suitable
0,0,1,1,0,1,0,0,0,1,1,4,7,5,1,99,Highly Suitable
0,1,0,1,0,0,0,1,1,0,0,0,8,3,2,77,Suitable
1,1,0,1,0,1,1,0,1,0,1,1,2,0,0,80,Suitable
1,1,0,0,0,0,1,1,1,0,1,6,1,1,0,62,Highly Suitable
0,0,1,0,0,1,1,1,1,1,1,1,1,4,1,29,Suitable
0,0,1,1,1,0,1,1,1,0,1,7,1,2,0,86,Highly Suitable
0,1,1,0,1,0,0,1,1,1,0,0,1,2,0,81,Suitable
0,1,1,0,0,0,0,0,0,0,1,5,6,3,1,66,Highly Suitable
0,1,1,1,0,1,1,0,1,1,1,5,7,2,2,53,Highly Suitable
0,1,0,1,0,0,1,0,1,1,0,5,6,1,0,21,Highly Suitable
0,0,0,1,1,0,0,0,0,1,1,8,5,4,2,73,Highly Suitable
1,1,0,1,0,0,1,1,1,0,0,8,2,4,2,72,Highly Suitable
0,0,0,0,1,1,1,1,1,1,0,1,2,1,1,95,Suitable
1,1,0,0,0,1,1,0,0,0,1,5,7,2,1,60,Highly Suitable
0,0,0,0,0,1,1,0,0,0,0,3,6,2,1,75,Needs Improvement
0,1,0,1,1,0,1,0,0,0,0,4,1,4,1,89,Highly Suitable
1,1,0,1,1,0,1,1,1,0,1,5,0,2,1,28,Highly Suitable
1,0,1,1,0,0,0,1,1,1,0,8,0,0,1,99,Highly Suitable
1,1,1,1,0,1,0,1,1,0,1,6,8,4,0,100,Highly Suitable
1,1,0,1,0,1,0,0,0,0,1,6,1,4,0,42,Suitable
1,1,0,1,1,0,0,0,0,1,0,1,7,5,2,31,Suitable
1,0,0,1,1,1,0,0,0,1,0,3,2,5,2,89,Highly Suitable
0,1,1,0,1,1,0,0,0,0,1,8,0,1,2,55,Highly Suitable
0,1,0,1,1,1,1,0,0,0,1,3,3,5,1,63,Highly Suitable
0,1,1,0,0,0,0,1,0,0,0,7,8,5,1,30,Highly Suitable
0,1,0,1,1,0,0,0,0,0,0,8,8,4,2,72,Highly Suitable
1,1,1,1,0,0,1,0,0,0,1,4,6,0,0,93,Highly Suitable
1,1,1,0,1,1,1,1,1,1,1,8,8,3,0,50,Highly Suitable
1,0,1,1,1,1,1,1,0,1,1,8,4,3,1,60,Highly Suitable
1,1,1,0,0,1,1,1,0,1,0,8,3,2,2,27,Highly Suitable
1,1,1,0,0,1,0,1,1,0,1,1,0,0,1,78,Highly Suitable
1,1,0,1,1,0,0,1,0,0,1,6,6,3,2,94,Highly Suitable
1,1,0,0,1,0,1,1,0,0,1,8,3,0,2,29,Highly Suitable
1,0,0,0,0,1,1,1,1,1,0,3,4,0,1,55,Suitable
0,0,0,1,0,1,1,0,1,1,1,0,4,5,2,43,Highly Suitable
1,1,0,1,0,1,0,0,0,1,0,1,4,1,2,66,Highly Suitable
1,0,1,1,1,1,1,1,0,1,1,4,2,2,1,96,Highly Suitable
0,0,0,0,1,1,1,1,1,1,1,0,3,5,0,66,Highly Suitable
1,0,1,0,1,1,1,1,1,1,1,1,3,0,0,87,Highly Suitable
0,1,0,0,1,0,1,0,1,0,0,8,4,3,1,67,Highly Suitable
1,1,0,0,1,1,1,1,0,1,0,8,1,1,0,41,Highly Suitable
0,1,1,1,0,0,0,1,0,1,1,6,0,4,0,44,Highly Suitable
1,0,0,1,1,1,1,0,1,0,0,8,4,0,1,67,Highly Suitable
1,0,0,0,1,0,1,0,0,1,1,4,1,1,2,49,Suitable
1,0,1,1,0,1,1,1,0,1,1,8,2,2,1,26,Highly Suitable
1,1,0,1,0,1,1,0,1,1,0,7,3,1,1,87,Highly Suitable
0,0,0,1,0,0,1,0,0,1,1,7,6,2,2,85,Highly Suitable
1,0,0,1,0,0,0,0,1,1,0,6,1,3,2,29,Suitable
0,1,0,0,1,0,1,0,1,1,1,8,2,1,0,39,Highly Suitable
1,1,1,1,0,0,0,1,1,0,0,7,4,0,1,52,Highly Suitable
0,0,0,0,0,1,1,0,1,0,0,0,3,0,0,25,Not Suitable
0,1,0,0,1,0,1,1,1,1,0,6,4,5,0,28,Highly Suitable
1,0,0,1,1,1,0,1,0,1,0,7,6,3,2,79,Highly Suitable
0,1,0,1,1,1,1,0,0,0,1,7,2,1,0,25,Highly Suitable
0,1,1,1,0,1,0,0,1,1,0,7,2,1,0,22,Highly Suitable
1,1,1,0,0,1,1,1,1,1,0,8,0,3,1,56,Highly Suitable
0,0,1,0,1,1,1,0,0,1,0,3,8,0,0,98,Highly Suitable
1,0,1,1,1,1,0,0,1,1,0,1,8,4,2,84,Highly Suitable
1,0,0,1,0,0,1,0,0,1,1,7,7,4,1,32,Highly Suitable
1,0,1,1,0,0,0,0,0,1,0,2,2,2,2,66,Needs Improvement
1,1,1,0,0,1,0,1,1,0,0,8,1,0,1,82,Highly Suitable
0,0,0,0,0,1,1,0,1,1,0,6,3,1,1,52,Highly Suitable
0,1,1,0,0,1,0,0,0,0,0,3,2,0,0,91,Needs Improvement
0,1,0,0,1,1,0,0,0,1,0,2,1,4,1,34,Suitable
0,1,1,1,0,1,1,0,1,1,0,0,8,5,0,62,Highly Suitable
1,0,0,0,0,0,0,1,1,0,0,6,4,0,2,83,Suitable
1,1,0,1,0,0,0,0,1,0,1,8,8,2,1,88,Highly Suitable
1,1,0,0,1,1,1,0,0,1,1,8,2,1,1,29,Highly Suitable
1,1,1,1,0,1,0,0,0,0,1,1,3,0,0,81,Highly Suitable
1,1,1,1,1,1,0,1,1,0,1,3,4,1,2,75,Highly Suitable
0,0,0,0,0,1,1,0,0,0,1,5,3,1,2,73,Suitable
1,0,1,1,1,0,1,0,0,0,0,8,5,2,1,28,Highly Suitable
0,0,1,1,0,0,0,1,0,0,0,0,0,5,0,79,Needs Improvement
0,0,1,0,0,1,0,0,1,0,0,7,4,3,2,93,Highly Suitable
1,0,0,1,1,1,0,0,0,1,0,4,3,3,1,90,Highly Suitable
0,0,1,0,0,0,0,1,0,1,0,4,7,4,0,84,Highly Suitable
0,0,0,1,1,0,1,0,1,1,1,4,2,5,0,89,Highly Suitable
1,1,1,0,0,1,0,0,0,1,1,7,1,5,0,89,Highly Suitable
0,1,0,1,0,1,1,0,0,1,1,5,7,4,0,82,Highly Suitable
0,0,1,1,0,1,1,0,0,0,1,6,2,1,1,54,Suitable
1,0,1,1,1,1,1,1,0,1,1,7,0,5,2,24,Highly Suitable
0,1,0,1,1,0,0,1,0,0,0,2,3,5,2,92,Highly Suitable
0,0,0,1,0,0,1,1,1,1,1,1,5,2,1,46,Suitable
0,1,1,0,1,0,1,0,0,0,1,5,0,2,0,33,Suitable
0,0,1,1,0,1,0,0,1,0,1,7,8,2,0,69,Highly Suitable
1,0,0,0,0,1,1,0,0,1,0,3,1,2,1,25,Needs Improvement
1,0,1,0,0,0,1,0,0,0,0,7,3,4,2,38,Suitable
0,1,0,0,1,0,1,0,0,1,1,5,7,3,2,37,Highly Suitable
0,0,0,1,0,0,1,0,0,0,0,4,5,0,0,67,Needs Improvement
0,1,1,1,0,1,1,0,1,1,0,0,3,0,0,32,Suitable
1,0,0,1,0,1,1,1,1,1,0,5,4,5,2,20,Highly Suitable
1,0,1,0,1,0,0,0,0,1,0,4,3,0,0,24,Needs Improvement
0,0,1,1,0,0,1,0,0,1,0,8,4,2,1,30,Suitable
0,0,1,1,0,1,1,0,0,1,1,4,3,1,2,37,Highly Suitable
1,1,1,0,1,0,1,0,1,0,1,1,1,4,1,23,Suitable
0,1,1,0,0,0,1,1,1,1,1,0,6,2,1,35,Suitable
1,0,1,1,1,1,0,0,0,0,1,0,4,0,0,28,Suitable
0,1,1,1,0,0,1,1,1,1,0,0,5,2,0,56,Highly Suitable
1,0,0,0,0,1,0,1,0,0,1,5,0,5,1,81,Highly Suitable
0,1,0,0,0,0,0,1,1,0,1,3,7,4,2,43,Highly Suitable
0,0,0,0,0,1,0,0,1,1,0,3,4,4,2,40,Suitable
0,1,0,1,1,1,1,0,1,1,1,8,0,2,2,28,Highly Suitable
0,1,1,1,1,1,0,1,1,0,1,6,4,2,1,55,Highly Suitable
1,1,0,0,1,1,0,0,1,1,0,1,8,0,2,43,Highly Suitable
1,1,1,1,1,0,0,0,1,0,1,2,7,3,2,79,Highly Suitable
1,1,0,0,0,0,1,1,0,0,0,3,4,4,1,71,Highly Suitable
1,0,0,1,1,1,1,0,0,0,1,6,4,1,2,41,Highly Suitable
0,0,0,0,0,0,0,0,1,1,1,4,6,4,2,26,Needs Improvement
0,1,1,1,0,0,0,0,1,0,1,2,6,3,1,95,Highly Suitable
1,1,1,1,1,1,0,1,1,1,1,6,2,2,2,68,Highly Suitable
1,0,0,1,1,1,0,0,0,0,0,5,3,5,0,69,Highly Suitable
0,1,1,1,0,1,0,0,0,0,0,4,8,5,2,78,Highly Suitable
1,1,0,0,0,0,0,0,0,1,0,6,7,5,2,27,Suitable
1,0,0,1,1,1,0,0,0,0,1,2,0,1,2,21,Suitable
1,0,0,0,0,0,1,1,0,0,0,0,3,0,2,21,Not Suitable
0,1,1,0,1,1,0,0,1,1,0,1,7,3,0,45,Highly Suitable
1,0,1,0,0,1,1,0,0,1,0,8,1,2,1,31,Suitable
1,1,0,1,1,1,0,1,0,0,1,8,8,2,2,22,Highly Suitable
1,0,0,0,0,1,0,0,1,1,1,5,0,2,2,25,Suitable
0,0,1,1,1,1,0,1,0,0,1,7,4,3,1,68,Highly Suitable
1,0,1,1,0,0,1,1,1,0,1,7,6,1,0,56,Highly Suitable
0,0,1,0,0,0,1,0,0,0,0,1,7,5,0,88,Highly Suitable
0,1,1,0,1,1,0,1,0,0,1,3,3,5,1,83,Highly Suitable
0,0,0,0,0,0,0,1,0,0,0,6,4,1,1,28,Not Suitable
1,0,1,1,1,1,1,1,1,1,1,2,0,3,0,95,Highly Suitable
0,0,0,1,1,0,0,0,1,0,0,2,7,3,2,25,Needs Improvement
1,1,1,0,0,1,1,0,1,1,1,1,2,5,1,83,Highly Suitable
0,0,1,0,0,0,0,0,1,1,1,6,8,0,1,96,Highly Suitable
1,0,1,1,0,1,0,0,1,1,1,8,0,2,0,65,Highly Suitable
0,1,1,1,1,0,1,1,1,0,1,5,7,1,2,52,Highly Suitable
1,1,0,0,1,0,0,0,1,0,0,3,7,0,1,65,Highly Suitable
0,1,0,0,1,1,0,1,1,0,0,6,6,2,2,94,Highly Suitable
0,0,0,0,1,0,1,1,0,1,0,4,4,3,1,56,Suitable
1,0,1,0,1,1,0,0,0,1,0,3,2,0,1,62,Suitable
1,0,0,1,0,1,1,0,1,0,0,1,7,4,2,94,Highly Suitable
0,0,0,1,1,1,1,0,1,0,1,2,1,4,2,77,Highly Suitable
0,1,0,0,0,0,0,1,1,0,1,1,4,4,2,41,Needs Improvement
0,0,1,0,1,1,1,0,1,0,0,7,4,3,0,65,Highly Suitable
0,1,1,1,0,1,1,0,1,1,1,8,4,3,1,31,Highly Suitable
0,0,0,0,0,0,0,1,1,1,0,6,2,3,1,78,Suitable
0,0,0,0,1,0,0,0,1,1,0,3,2,1,2,63,Needs Improvement
1,0,0,0,0,0,0,1,0,1,1,6,6,2,0,74,Suitable
1,0,0,0,1,0,0,1,1,1,1,8,8,0,2,81,Highly Suitable
1,0,0,1,0,0,1,0,0,0,1,0,4,5,2,48,Suitable
1,1,1,1,0,1,1,0,1,0,1,0,5,3,0,54,Highly Suitable
0,0,1,0,0,0,1,0,0,1,0,5,0,4,1,73,Suitable
1,0,0,0,0,0,0,0,1,1,0,7,1,0,2,39,Suitable
1,1,0,0,1,0,0,0,1,1,1,6,2,3,2,93,Highly Suitable
1,1,0,0,0,1,0,1,1,1,1,3,3,3,0,51,Suitable
0,1,1,1,0,1,1,1,1,1,1,0,1,3,0,73,Highly Suitable
1,0,1,0,0,0,0,0,0,1,0,7,5,0,2,55,Suitable
0,0,1,0,1,1,1,1,1,1,0,0,8,3,0,96,Highly Suitable
0,0,1,1,0,1,1,1,1,0,1,5,4,4,1,24,Highly Suitable
1,1,0,1,0,1,1,1,0,0,0,5,6,2,2,66,Highly Suitable
1,1,1,1,1,1,1,0,0,0,1,0,4,4,1,49,Highly Suitable
0,0,0,0,1,1,0,0,1,0,1,2,7,3,0,86,Suitable
0,0,1,1,0,1,1,1,1,0,0,8,5,5,2,76,Highly Suitable
0,0,0,0,0,0,1,0,1,0,0,3,5,1,1,65,Suitable
1,1,1,0,1,0,0,0,0,0,0,7,0,4,1,68,Suitable
0,1,1,1,1,1,1,1,1,0,1,8,6,3,2,73,Highly Suitable
0,0,0,1,0,0,0,0,1,0,1,4,5,2,1,55,Suitable
0,0,1,1,0,0,0,0,0,1,1,5,4,3,2,36,Highly Suitable
1,0,1,1,0,0,1,0,1,0,0,4,5,0,0,24,Highly Suitable
1,0,1,0,0,0,0,1,0,0,0,8,8,3,0,27,Suitable
1,0,0,0,0,1,0,1,1,0,0,5,6,0,2,79,Highly Suitable
1,0,1,0,1,1,1,1,1,1,1,3,3,3,1,23,Highly Suitable
1,0,0,1,0,0,0,0,0,1,1,7,7,5,0,26,Suitable
0,1,0,0,0,0,1,1,1,0,0,4,6,0,0,95,Suitable
0,1,1,1,0,1,1,0,0,1,0,6,1,5,2,55,Highly Suitable
1,1,0,0,0,0,0,1,1,0,0,4,7,0,1,37,Suitable
0,1,1,0,0,1,1,0,0,0,0,8,5,0,2,50,Highly Suitable
0,0,0,1,0,1,1,1,0,1,1,8,3,2,1,84,Highly Suitable
1,1,1,0,1,0,0,1,0,0,1,2,1,0,0,74,Highly Suitable
1,1,0,1,1,1,1,0,1,1,1,8,5,1,1,57,Highly Suitable
1,1,1,1,0,0,0,0,1,1,0,5,6,0,1,80,Highly Suitable
1,0,1,0,1,1,1,1,0,0,0,0,0,1,2,58,Suitable
1,1,1,0,0,1,0,1,1,1,1,4,0,0,2,22,Highly Suitable
1,0,1,0,1,1,1,1,0,1,0,7,8,4,2,72,Highly Suitable
1,0,0,0,0,1,0,0,1,0,0,0,4,3,0,46,Needs Improvement
1,0,1,1,0,1,0,0,0,1,0,4,8,3,2,44,Highly Suitable
1,0,0,1,1,1,1,1,0,0,1,7,8,2,2,93,Highly Suitable
0,0,1,1,1,0,1,0,0,0,0,1,7,1,1,35,Needs Improvement
0,1,1,1,1,1,0,1,0,0,1,7,5,4,1,43,Highly Suitable
0,0,0,1,1,1,1,1,1,0,0,0,5,5,0,68,Highly Suitable
1,1,1,0,0,1,1,0,1,0,0,3,7,2,2,81,Highly Suitable
1,0,1,0,0,0,0,0,0,1,0,3,7,1,0,95,Suitable
1,1,1,0,1,1,1,1,1,0,1,6,3,5,0,87,Highly Suitable
0,0,0,1,0,0,1,1,0,0,1,7,5,2,2,23,Suitable
1,0,1,0,1,0,0,1,0,0,0,3,7,2,2,62,Highly Suitable
1,1,0,1,0,0,1,1,1,1,1,7,6,0,2,75,Highly Suitable
1,0,0,0,1,0,0,1,0,1,1,6,7,5,0,21,Highly Suitable
0,1,0,0,0,1,0,1,0,0,1,0,4,5,2,55,Suitable
1,1,1,0,0,0,0,0,0,0,1,2,6,5,1,98,Highly Suitable
0,1,0,0,0,0,0,0,1,1,0,1,3,5,0,25,Needs Improvement
1,0,0,0,1,0,0,1,0,1,1,7,6,4,0,77,Highly Suitable
1,0,1,0,1,1,0,0,0,1,1,1,7,3,2,76,Highly Suitable
0,0,1,1,1,1,0,0,0,1,0,3,7,1,2,88,Highly Suitable
0,0,0,1,0,1,0,1,0,0,1,2,2,5,2,90,Suitable
0,1,1,1,1,0,0,0,0,1,1,6,5,5,2,85,Highly Suitable
0,0,1,0,0,1,1,1,0,0,0,0,8,3,2,34,Suitable
1,0,1,0,1,0,0,1,0,0,1,6,0,3,2,46,Highly Suitable
0,1,1,1,0,0,1,0,0,1,1,2,5,5,1,35,Highly Suitable
0,0,1,0,1,1,1,1,1,1,0,4,1,5,2,81,Highly Suitable
0,0,0,0,1,0,1,0,0,1,1,5,1,3,2,83,Suitable
0,1,0,0,0,0,1,0,1,1,1,6,7,3,2,55,Highly Suitable
0,0,0,1,1,1,1,1,0,0,0,1,1,4,1,38,Needs Improvement
1,1,0,1,0,0,1,1,1,0,1,4,3,0,1,20,Highly Suitable
1,1,1,0,1,1,0,0,1,0,0,6,2,3,1,51,Highly Suitable
0,0,0,0,1,1,0,1,1,1,0,2,5,2,0,70,Suitable
1,1,0,0,1,1,1,0,0,0,0,2,6,2,1,97,Highly Suitable
1,0,0,0,0,1,1,1,1,0,0,2,0,3,2,61,Suitable
0,1,1,0,0,0,0,1,1,0,0,0,0,2,2,97,Needs Improvement
1,1,1,1,0,1,0,1,1,1,0,5,6,4,0,69,Highly Suitable
1,0,0,0,0,1,1,0,0,1,1,5,5,3,0,65,Highly Suitable
0,0,1,1,0,1,0,0,1,1,0,6,7,5,0,86,Highly Suitable
1,1,0,1,0,1,1,0,0,0,1,1,6,5,0,85,Highly Suitable
1,1,0,1,1,0,1,0,1,0,0,2,7,2,2,21,Highly Suitable
0,0,1,1,1,0,1,1,1,1,1,3,1,2,2,73,Highly Suitable
0,0,1,0,0,0,0,0,0,1,0,5,1,4,1,83,Suitable
0,0,0,0,1,0,0,0,0,0,0,7,7,3,0,38,Needs Improvement
1,0,0,1,1,1,1,1,0,0,0,4,3,3,0,68,Highly Suitable
1,1,0,0,0,0,0,1,0,1,1,3,2,2,1,48,Suitable
1,0,1,0,1,1,1,1,0,0,0,5,1,0,0,24,Needs Improvement
1,1,1,0,0,0,0,1,0,0,1,2,3,5,1,36,Suitable
0,0,1,0,0,1,1,1,0,0,1,5,4,1,1,67,Highly Suitable
1,0,1,1,1,0,0,1,0,1,1,8,5,3,0,93,Highly Suitable
1,1,1,0,0,0,0,1,0,0,0,2,1,2,2,67,Suitable
1,1,1,1,0,1,0,1,1,0,1,6,4,1,0,48,Highly Suitable
0,1,1,0,1,0,0,1,0,0,1,3,3,5,2,51,Highly Suitable
0,1,0,1,0,0,1,0,1,0,1,3,0,0,1,76,Suitable
1,0,0,1,1,0,0,1,0,0,0,7,6,4,0,89,Highly Suitable
0,0,0,1,0,0,0,0,1,1,0,8,0,3,2,29,Suitable
0,0,1,1,0,1,1,1,1,1,1,4,8,4,1,54,Highly Suitable
0,0,0,0,1,0,1,1,0,1,1,4,5,3,1,69,Suitable
0,0,1,0,0,0,1,0,0,0,0,1,0,5,0,60,Not Suitable
0,1,0,0,1,0,0,0,1,1,1,3,3,0,0,100,Suitable
0,1,1,0,0,0,0,1,1,1,0,0,6,1,2,29,Suitable
0,0,0,0,0,1,1,0,1,1,0,4,1,0,1,26,Needs Improvement
1,1,0,1,1,1,0,1,1,0,1,2,0,5,0,32,Highly Suitable
0,1,0,0,1,0,0,0,1,1,1,7,1,5,1,97,Highly Suitable
1,1,0,1,0,1,1,0,1,1,1,2,2,5,0,43,Highly Suitable
1,0,1,0,0,1,0,0,0,0,0,6,0,3,2,74,Suitable
0,1,0,0,0,0,0,1,0,0,0,8,4,0,2,65,Suitable
0,0,0,1,0,1,0,1,1,1,0,6,4,4,1,26,Highly Suitable
0,1,1,1,0,0,1,0,1,1,0,1,8,4,1,74,Highly Suitable
0,0,0,1,0,0,0,1,1,0,1,3,3,2,2,34,Needs Improvement
0,1,1,1,1,1,0,1,1,1,0,7,7,3,1,79,Highly Suitable
1,0,1,0,0,1,0,1,1,0,0,8,2,3,0,46,Suitable
0,0,1,1,1,1,1,1,1,0,1,4,0,4,2,37,Highly Suitable
0,1,0,1,0,1,0,1,0,0,0,4,0,3,2,26,Suitable
0,0,0,1,0,1,1,1,1,1,0,6,3,0,2,64,Highly Suitable
1,0,1,0,0,0,0,0,0,1,1,4,6,3,2,83,Highly Suitable
0,0,1,0,1,1,1,0,0,0,0,2,8,2,0,47,Suitable
0,0,0,1,1,0,1,1,1,1,0,7,8,4,0,34,Highly Suitable
1,0,0,1,1,1,0,1,1,1,1,8,4,0,2,88,Highly Suitable
1,0,1,0,0,0,0,1,1,1,1,2,2,3,2,24,Suitable
0,1,1,0,0,1,1,0,1,1,1,6,2,3,2,73,Highly Suitable
0,0,0,1,0,0,0,0,0,1,1,2,2,2,1,81,Suitable
0,1,1,1,1,0,1,1,0,1,0,7,4,0,1,49,Highly Suitable
1,1,0,1,1,0,1,0,1,0,0,7,7,5,2,24,Highly Suitable
0,0,1,0,1,1,0,0,0,1,0,1,4,5,1,34,Suitable
1,0,1,0,1,1,1,0,1,0,1,0,2,1,0,47,Needs Improvement
1,0,0,0,1,1,0,0,1,1,0,1,4,2,1,86,Suitable
0,0,1,1,1,0,0,0,0,0,0,4,8,2,0,20,Suitable
0,1,0,1,0,0,0,1,1,1,1,5,3,2,0,74,Suitable
1,1,0,0,1,1,0,0,1,1,1,6,8,1,0,37,Highly Suitable
0,0,0,1,0,0,1,0,1,1,0,4,1,0,1,51,Needs Improvement
0,0,0,0,1,0,1,1,0,1,1,8,1,2,2,63,Highly Suitable
0,0,0,0,0,0,0,1,0,1,1,1,8,0,0,48,Needs Improvement
0,0,1,1,0,1,1,0,1,0,1,6,3,3,0,80,Highly Suitable
1,1,0,1,0,0,0,0,1,0,0,1,7,4,1,57,Highly Suitable
0,1,1,1,1,0,1,1,0,0,1,3,6,1,2,76,Highly Suitable
0,0,0,0,0,1,1,1,0,0,0,5,3,2,0,45,Suitable
1,1,1,0,0,0,0,0,0,1,0,2,1,1,1,32,Needs Improvement
1,1,0,0,1,0,1,1,1,1,0,8,6,4,2,58,Highly Suitable
0,1,0,0,0,1,0,0,1,0,0,3,1,3,1,51,Suitable
0,0,0,0,0,1,0,0,1,0,0,0,8,4,2,54,Suitable
1,1,1,0,1,1,0,1,0,0,1,8,6,5,0,77,Highly Suitable
1,1,0,0,0,1,1,0,0,1,1,7,5,2,0,65,Highly Suitable
0,1,0,1,1,1,1,0,1,0,1,3,4,1,0,87,Highly Suitable
0,0,0,0,0,1,1,1,1,0,0,7,4,2,0,91,Highly Suitable
0,1,0,0,0,0,1,0,1,0,0,8,6,0,2,58,Highly Suitable
0,0,0,1,0,0,1,0,0,0,1,6,5,1,0,67,Suitable
1,0,0,1,0,0,0,1,0,0,0,1,6,0,2,33,Needs Improvement
1,0,0,1,1,1,0,0,1,1,0,0,5,5,1,83,Highly Suitable
1,0,0,0,1,0,1,0,0,1,1,0,1,5,0,49,Needs Improvement
1,1,1,0,1,1,0,0,1,0,1,6,1,3,0,84,Highly Suitable
1,1,1,0,0,1,0,1,1,0,0,6,1,3,1,71,Highly Suitable
1,1,0,1,1,0,1,0,1,0,0,3,4,5,1,63,Highly Suitable
1,1,0,1,1,1,1,1,0,0,0,3,7,2,2,41,Highly Suitable
1,1,1,1,0,1,1,1,0,0,0,0,2,5,0,82,Highly Suitable
1,1,1,1,1,0,0,1,0,0,0,1,8,1,2,75,Highly Suitable
0,1,1,1,1,0,0,1,1,1,1,1,1,4,0,100,Highly Suitable
0,1,1,0,1,0,0,1,1,0,1,6,1,5,1,95,Highly Suitable
0,0,1,1,0,0,1,0,0,1,1,7,4,3,2,56,Highly Suitable
0,1,0,1,0,1,0,1,1,0,1,8,4,2,2,54,Highly Suitable
0,1,1,1,1,1,0,1,0,0,1,4,4,4,1,54,Highly Suitable
0,0,0,1,1,0,1,1,0,1,0,4,2,4,2,99,Highly Suitable
0,0,1,0,0,0,1,1,0,1,0,7,5,2,1,33,Highly Suitable
1,1,0,0,0,0,1,0,1,1,1,4,8,4,1,31,Highly Suitable
0,0,0,1,0,1,0,0,1,1,0,0,5,2,1,44,Suitable
0,1,0,0,1,0,0,0,0,1,1,4,3,0,0,25,Needs Improvement
0,0,0,0,0,0,0,0,1,1,1,0,2,5,1,45,Not Suitable
0,1,0,1,1,1,0,0,0,1,0,7,7,1,1,89,Highly Suitable
1,0,1,0,1,0,1,0,1,0,1,2,5,1,1,23,Highly Suitable
0,1,0,1,1,0,1,0,1,0,0,8,4,2,1,59,Highly Suitable
0,1,0,1,1,1,0,0,1,0,1,7,3,4,0,56,Highly Suitable
1,1,1,0,0,0,0,0,1,0,1,8,1,5,1,81,Highly Suitable
1,0,1,1,0,1,0,0,1,0,1,2,7,5,2,45,Highly Suitable
0,1,1,1,0,1,1,1,1,1,1,3,7,1,0,46,Highly Suitable
0,0,1,0,0,1,1,1,0,1,1,7,4,4,2,59,Highly Suitable
0,0,0,1,1,1,0,0,1,0,1,8,1,5,0,32,Suitable
1,1,0,0,1,0,1,1,0,1,1,2,8,0,2,29,Suitable
1,1,0,0,0,1,0,0,0,0,1,4,3,4,0,62,Highly Suitable
1,0,1,0,1,1,1,1,1,1,1,0,1,3,0,76,Highly Suitable
1,0,1,1,1,0,1,1,1,1,1,5,1,4,0,24,Highly Suitable
0,1,1,0,0,1,1,1,1,1,1,2,5,2,1,46,Highly Suitable
1,1,1,0,1,0,0,1,0,0,1,7,3,1,1,48,Highly Suitable
1,0,0,0,0,1,1,1,0,1,0,4,4,2,1,78,Suitable
0,0,1,0,0,1,0,0,0,1,0,3,4,4,0,50,Needs Improvement
0,1,1,0,1,0,0,0,0,1,0,6,7,1,0,27,Needs Improvement
1,0,1,0,0,0,1,0,1,0,0,5,2,0,0,42,Suitable
0,1,0,0,1,1,1,1,0,1,1,2,4,3,0,48,Suitable
0,0,0,0,0,1,0,1,0,1,0,1,6,2,2,28,Needs Improvement
1,1,0,1,1,0,1,0,1,1,1,7,6,1,1,54,Highly Suitable
0,0,1,1,1,0,0,1,1,1,1,1,3,4,2,32,Suitable
0,1,1,0,1,1,0,1,1,1,0,7,2,1,2,42,Highly Suitable
1,1,0,0,1,0,1,1,0,0,0,1,1,4,0,45,Suitable
1,1,0,0,1,0,0,0,0,0,1,8,7,0,1,53,Highly Suitable
1,1,1,1,0,0,0,1,1,1,0,3,0,1,0,67,Highly Suitable
1,0,1,1,0,1,0,0,0,0,0,5,2,2,1,24,Suitable
1,0,1,0,1,1,1,1,0,0,1,7,2,4,1,30,Highly Suitable
0,1,1,1,1,0,0,1,1,1,0,2,7,5,0,75,Highly Suitable
1,1,1,1,1,1,1,1,0,0,0,5,8,5,0,68,Highly Suitable
0,1,0,0,1,1,0,0,0,0,1,7,7,2,1,76,Highly Suitable
0,1,0,0,0,0,0,1,0,0,1,1,0,4,0,100,Suitable
1,0,0,1,0,0,0,0,1,1,1,1,2,3,1,85,Highly Suitable
0,1,1,1,0,0,1,0,0,0,1,0,2,1,0,93,Suitable
0,0,1,0,0,0,0,1,1,0,1,1,8,4,0,80,Highly Suitable
1,1,0,1,1,1,0,1,1,1,1,0,5,4,1,60,Highly Suitable
0,1,1,1,1,1,1,1,0,1,1,2,8,3,2,84,Highly Suitable
1,1,1,0,0,1,0,1,0,1,1,7,6,2,1,78,Highly Suitable
1,0,1,0,0,0,1,1,1,1,1,6,2,2,1,38,Highly Suitable
1,1,0,1,1,1,1,0,0,1,1,3,5,1,1,82,Highly Suitable
0,1,0,1,0,0,0,1,1,0,1,3,1,2,2,83,Suitable
1,0,1,0,0,1,0,0,0,0,0,8,1,2,2,29,Suitable
1,1,1,1,0,0,1,0,1,0,0,2,2,3,2,65,Highly Suitable
1,0,0,1,1,0,0,1,0,0,1,8,1,1,1,55,Suitable
0,1,1,0,1,0,0,1,1,0,0,1,3,3,2,43,Suitable
0,1,0,1,0,0,0,1,1,0,1,0,3,5,2,47,Suitable
0,0,0,1,1,0,0,0,1,0,0,1,7,3,2,47,Suitable
1,1,1,0,0,1,0,1,0,1,0,0,5,0,1,76,Highly Suitable
1,1,0,0,1,1,0,0,0,1,1,0,7,2,0,76,Highly Suitable
1,0,0,0,0,0,0,1,1,0,0,7,4,5,1,55,Suitable
0,1,1,0,1,1,1,0,0,1,1,6,3,3,1,68,Highly Suitable
1,0,0,0,0,0,1,1,1,1,1,2,0,2,1,58,Suitable
0,0,0,1,0,1,1,1,1,1,1,4,7,3,2,47,Highly Suitable
0,1,1,0,1,0,0,1,1,1,1,5,3,2,2,95,Highly Suitable
0,0,1,1,0,1,0,1,1,0,0,7,6,0,1,99,Highly Suitable
0,1,0,1,1,1,1,1,0,1,0,1,8,1,2,53,Highly Suitable
1,0,1,1,0,1,0,0,1,0,0,7,2,2,1,41,Highly Suitable
0,1,0,1,1,0,1,0,1,0,1,0,0,4,1,64,Suitable
1,0,0,0,0,0,0,0,0,0,1,4,6,2,1,38,Needs Improvement
1,1,1,1,1,1,1,1,1,1,1,0,1,4,1,51,Highly Suitable
1,0,1,1,0,1,1,1,1,0,1,2,7,4,1,27,Highly Suitable
1,0,0,0,1,0,1,1,1,0,1,5,3,4,1,40,Highly Suitable
1,1,0,0,1,0,1,0,1,1,1,8,1,2,1,51,Highly Suitable
0,1,0,0,1,0,1,0,0,0,0,8,2,2,0,78,Highly Suitable
1,0,0,1,0,1,0,0,0,0,0,8,0,4,0,54,Suitable
0,0,1,0,1,0,1,1,1,0,1,7,4,5,0,29,Highly Suitable
0,0,1,1,0,0,1,0,0,0,0,1,1,4,2,35,Needs Improvement
1,1,0,0,1,0,0,0,1,1,0,5,8,1,2,59,Highly Suitable
1,1,1,1,0,1,1,1,0,1,0,4,6,1,1,67,Highly Suitable
1,1,1,0,1,1,0,1,1,1,0,3,4,2,2,32,Highly Suitable
1,1,1,0,0,0,1,0,1,1,0,2,5,4,1,80,Highly Suitable
1,1,0,1,1,1,0,0,1,1,0,7,3,5,0,90,Highly Suitable
1,0,0,1,1,1,0,0,0,1,1,4,6,4,0,73,Highly Suitable
1,0,0,0,0,1,1,1,1,0,1,3,1,1,1,20,Needs Improvement
0,0,1,0,1,1,0,0,1,1,0,8,3,3,1,60,Highly Suitable
1,1,0,0,0,0,0,0,1,1,1,6,7,1,0,69,Highly Suitable
1,0,1,0,0,0,1,1,0,0,1,6,7,5,2,98,Highly Suitable
1,1,0,0,0,1,0,0,0,0,0,6,4,1,0,100,Highly Suitable
0,1,0,1,1,1,1,1,1,1,0,1,1,3,0,41,Suitable
0,0,0,1,1,0,1,0,1,0,0,3,8,5,1,41,Suitable
1,1,1,0,1,0,0,0,0,0,0,1,3,5,2,46,Highly Suitable
1,1,0,0,1,1,0,1,0,1,1,7,0,5,2,68,Highly Suitable
1,0,1,0,0,0,0,1,0,1,1,4,1,1,1,62,Suitable
1,0,1,0,1,1,1,0,0,0,0,5,8,0,0,29,Suitable
1,0,0,1,0,0,0,1,1,0,0,8,4,3,0,20,Suitable
0,0,1,0,1,0,1,1,1,1,1,3,6,4,2,95,Highly Suitable
1,1,1,0,1,1,1,1,0,0,0,4,2,1,1,50,Highly Suitable
0,1,0,1,0,0,1,0,1,0,1,3,4,3,2,92,Highly Suitable
0,1,1,1,1,1,1,0,0,0,1,8,1,1,1,39,Highly Suitable
0,0,0,0,1,0,0,0,1,1,0,3,1,1,2,84,Needs Improvement
1,1,0,1,0,1,0,0,1,1,1,4,1,4,1,60,Highly Suitable
0,0,1,0,0,0,0,1,0,1,1,0,5,3,0,70,Needs Improvement
1,1,0,0,1,0,0,0,1,1,1,6,4,2,0,35,Suitable
0,0,1,1,1,1,1,1,1,1,0,3,6,3,1,37,Highly Suitable
0,0,0,1,0,1,0,1,1,1,1,7,2,3,1,93,Highly Suitable
0,0,1,1,0,0,0,1,1,1,1,5,5,0,2,40,Suitable
0,0,1,0,1,0,1,0,1,1,0,0,0,2,0,65,Needs Improvement
0,0,1,0,1,0,0,0,1,0,1,8,5,1,1,97,Highly Suitable
1,0,0,1,0,1,1,1,0,1,1,7,4,0,0,89,Highly Suitable
1,1,1,0,1,0,1,1,0,1,0,7,2,4,0,60,Highly Suitable
1,1,1,0,0,1,0,1,0,1,0,7,3,2,2,70,Highly Suitable
0,0,1,0,1,0,1,0,0,0,0,1,7,3,1,75,Highly Suitable
1,1,1,1,1,0,1,0,1,0,1,6,6,0,1,52,Highly Suitable
1,0,1,0,1,1,0,1,0,1,0,5,4,1,1,28,Highly Suitable
1,0,1,1,1,1,0,1,0,0,0,3,7,0,0,92,Highly Suitable
0,1,1,1,0,1,0,1,1,0,0,4,8,3,0,39,Highly Suitable
1,0,1,0,1,1,1,1,1,0,0,2,1,3,1,45,Highly Suitable
1,0,0,1,1,1,1,0,0,1,0,3,0,2,2,48,Highly Suitable
0,0,0,0,0,0,1,1,0,0,0,4,8,5,2,20,Needs Improvement
1,1,0,1,1,0,0,0,1,0,0,2,1,3,1,23,Suitable
1,1,1,1,0,1,1,0,0,0,1,1,5,2,2,59,Highly Suitable
0,0,0,0,0,0,0,1,0,1,0,1,1,2,1,33,Not Suitable
0,1,0,0,1,0,1,1,1,1,0,7,3,2,2,42,Highly Suitable
0,1,1,0,0,0,0,1,1,0,0,4,0,1,2,20,Suitable
1,1,1,0,1,0,1,0,1,0,0,1,5,0,1,100,Highly Suitable
1,0,1,1,0,0,0,1,1,1,0,7,4,1,1,29,Suitable
0,0,0,1,0,1,1,0,1,0,1,3,8,0,1,85,Highly Suitable
1,0,1,0,1,1,1,0,0,0,0,4,3,4,0,23,Highly Suitable
0,1,1,0,1,1,1,0,1,0,0,6,1,0,1,99,Highly Suitable
0,0,0,0,1,0,0,1,0,1,0,4,6,3,2,68,Suitable
0,1,0,1,1,0,1,0,1,1,1,2,1,0,1,67,Suitable
0,1,0,1,1,0,1,1,0,1,0,0,3,1,2,45,Suitable
0,0,0,1,1,0,1,1,1,0,1,0,3,2,2,30,Suitable
1,0,1,1,1,1,1,0,0,1,1,7,8,2,2,37,Highly Suitable
1,1,1,0,0,0,1,1,0,0,0,5,8,0,1,21,Highly Suitable
1,1,1,1,1,1,1,1,1,1,1,8,7,4,1,93,Highly Suitable
1,0,0,1,0,1,0,1,0,1,0,5,0,1,0,88,Suitable
1,1,0,1,0,1,1,0,1,1,0,5,4,4,2,51,Highly Suitable
1,0,0,0,1,0,0,1,0,0,0,4,8,5,2,95,Highly Suitable
1,0,0,1,1,0,0,0,0,1,1,2,6,2,2,37,Suitable
0,1,1,0,0,1,0,0,1,0,0,1,4,4,2,56,Suitable
1,0,1,0,0,0,1,1,1,0,0,3,2,0,1,51,Suitable
1,1,0,0,0,0,1,1,0,1,0,2,5,0,0,41,Suitable
0,1,0,1,0,0,1,1,1,0,0,8,0,1,1,73,Highly Suitable
1,0,0,1,1,0,1,1,1,0,1,4,2,2,2,53,Highly Suitable
1,1,1,0,1,1,1,0,0,1,0,4,1,2,1,44,Highly Suitable
0,1,0,1,1,0,1,1,1,1,1,3,0,2,1,59,Highly Suitable
1,1,0,0,0,0,1,1,0,0,0,7,0,1,0,64,Suitable
0,0,1,0,0,0,1,0,1,1,0,6,8,3,1,79,Highly Suitable
0,0,1,0,0,0,0,0,1,1,1,4,2,1,0,89,Needs Improvement
0,0,0,1,1,1,1,1,0,1,0,2,6,2,2,79,Highly Suitable
0,1,0,1,0,0,1,0,0,1,0,0,4,0,2,90,Suitable
1,1,1,0,0,0,0,1,0,0,1,8,2,2,1,63,Highly Suitable
0,1,1,1,1,0,0,0,0,0,1,2,7,2,1,98,Highly Suitable
1,0,1,1,0,0,1,0,0,0,0,8,5,3,1,55,Highly Suitable
0,1,0,1,1,0,1,0,1,1,1,5,0,2,1,30,Highly Suitable
0,1,1,0,1,0,1,1,0,0,1,5,4,2,0,53,Highly Suitable
1,0,0,1,1,1,1,0,0,0,1,4,5,2,1,40,Highly Suitable
0,1,1,0,1,1,0,0,1,0,1,4,2,0,2,97,Highly Suitable
0,1,1,1,0,1,0,1,0,0,0,5,8,3,1,73,Highly Suitable
1,1,0,1,1,0,1,0,0,1,0,5,8,2,0,20,Highly Suitable
0,1,0,1,1,0,0,0,1,0,1,4,0,0,1,83,Suitable
0,0,0,1,0,0,1,1,0,0,1,0,4,5,2,80,Highly Suitable
0,0,1,1,0,1,1,0,1,1,0,3,8,2,1,96,Highly Suitable
0,0,0,1,0,0,1,0,0,0,1,5,3,5,2,31,Suitable
1,1,0,1,1,1,1,1,0,0,0,7,4,3,0,69,Highly Suitable
1,0,0,1,0,1,0,1,1,0,1,6,1,4,1,80,Highly Suitable
1,1,1,1,0,0,0,0,1,0,0,1,8,3,1,45,Highly Suitable
1,0,0,0,1,1,0,1,1,0,1,7,0,5,1,76,Highly Suitable
1,0,1,1,1,1,0,0,1,1,1,0,7,3,1,36,Highly Suitable
1,1,1,0,1,0,1,0,0,0,0,0,7,2,2,69,Highly Suitable
0,1,1,0,1,0,1,0,1,0,0,4,6,3,1,32,Highly Suitable
0,0,0,0,1,0,1,1,1,1,0,4,5,1,0,63,Suitable
0,1,0,1,0,1,0,0,0,1,1,2,3,0,2,63,Suitable
0,0,0,0,1,1,0,1,1,0,1,1,7,3,2,89,Suitable
1,0,0,1,0,0,0,1,0,0,1,6,5,4,0,71,Highly Suitable
0,1,1,1,1,1,0,0,1,0,1,6,7,1,0,29,Highly Suitable
0,1,1,0,0,1,0,1,0,0,0,8,5,3,0,26,Highly Suitable
0,0,1,1,0,1,0,0,1,0,1,6,7,3,0,25,Highly Suitable
0,0,0,0,1,1,0,1,1,0,0,7,6,2,1,75,Highly Suitable
0,1,1,0,1,1,0,0,0,1,1,8,0,5,2,88,Highly Suitable
0,1,1,1,0,0,0,0,1,0,0,4,6,2,2,91,Highly Suitable
1,0,1,0,1,0,0,0,1,1,0,8,8,3,2,37,Highly Suitable
0,1,1,1,0,1,0,1,0,0,0,7,4,1,2,76,Highly Suitable
0,0,1,0,0,1,0,1,0,1,0,8,4,1,1,57,Highly Suitable
1,0,1,0,0,0,1,1,0,1,0,1,2,3,1,49,Suitable
0,0,0,1,0,1,0,1,0,0,0,1,1,2,2,86,Needs Improvement
0,1,1,0,0,0,0,0,0,0,1,3,4,0,0,25,Needs Improvement
1,0,0,0,0,1,0,1,1,0,0,0,5,1,2,68,Suitable
0,0,1,0,1,1,0,1,0,0,1,0,4,4,1,53,Suitable
1,0,0,1,1,0,1,1,0,0,1,6,2,0,1,57,Highly Suitable
1,1,0,1,0,1,0,1,0,1,1,5,0,0,1,40,Highly Suitable
1,1,0,1,0,0,0,0,0,0,1,4,3,1,1,90,Highly Suitable
0,0,0,1,0,1,1,1,1,0,0,8,8,0,2,54,Highly Suitable
1,1,1,1,1,0,0,1,1,1,0,8,6,4,0,69,Highly Suitable
1,1,0,0,0,1,1,1,1,1,0,6,5,5,0,81,Highly Suitable
0,0,1,0,1,1,0,1,1,1,0,6,1,5,0,23,Suitable
1,0,0,1,0,1,1,0,1,0,1,5,7,2,1,90,Highly Suitable
0,1,1,0,1,1,0,1,0,1,0,5,6,1,0,95,Highly Suitable
0,1,1,0,1,0,1,1,1,0,0,7,6,5,2,29,Highly Suitable
0,1,1,0,0,0,0,1,0,0,1,0,0,5,0,75,Suitable
1,0,0,0,0,0,0,1,1,1,0,6,5,0,2,57,Suitable
1,1,1,1,0,1,1,1,0,0,0,3,3,3,0,96,Highly Suitable
1,0,0,1,1,1,1,0,0,1,0,4,8,1,0,87,Highly Suitable
1,0,0,0,1,0,0,1,1,1,0,3,3,2,2,40,Suitable
1,0,0,1,0,1,0,1,0,1,0,3,1,3,1,82,Highly Suitable
0,1,1,1,0,0,1,0,1,1,0,7,3,1,1,99,Highly Suitable
1,1,1,1,0,0,1,0,1,1,0,2,5,3,2,53,Highly Suitable
1,0,0,1,1,0,0,0,1,1,1,6,2,5,0,51,Highly Suitable
0,0,1,1,1,0,1,0,0,1,1,4,0,4,2,49,Highly Suitable
1,1,0,0,1,1,0,1,1,0,1,3,7,1,2,61,Highly Suitable
1,0,1,0,0,1,1,0,1,1,1,0,3,0,0,20,Suitable
0,1,1,0,0,1,0,1,1,0,1,4,4,2,1,97,Highly Suitable
0,1,0,1,0,1,0,0,1,1,0,7,8,3,0,65,Highly Suitable
0,1,1,0,1,1,0,1,0,1,0,7,8,1,2,40,Highly Suitable
1,0,1,0,0,0,0,1,0,1,1,5,2,2,2,70,Highly Suitable
1,0,1,0,0,0,1,1,1,1,0,6,6,3,1,78,Highly Suitable
0,1,1,1,1,1,1,1,1,1,0,4,3,3,2,77,Highly Suitable
1,0,0,0,0,1,0,0,0,0,1,4,8,5,2,69,Highly Suitable
1,0,0,1,0,0,0,0,1,1,1,1,8,3,0,24,Suitable
1,1,1,1,1,0,1,1,0,1,1,1,5,2,0,66,Highly Suitable
1,0,0,0,0,1,0,0,0,1,0,3,1,1,0,92,Needs Improvement
1,0,1,1,0,0,0,0,0,0,0,5,0,0,1,20,Needs Improvement
1,1,1,0,1,1,0,0,1,1,0,5,1,1,2,78,Highly Suitable
0,0,1,0,1,0,1,0,1,0,1,5,6,4,1,41,Highly Suitable
1,0,0,1,1,1,1,1,0,1,1,3,6,4,2,78,Highly Suitable
0,0,0,1,1,0,0,0,1,1,0,0,2,2,0,95,Needs Improvement
1,1,1,0,1,0,1,1,0,0,1,2,8,4,2,58,Highly Suitable
1,0,0,0,1,1,1,1,0,1,0,7,2,2,2,98,Highly Suitable
1,1,0,1,0,1,1,1,0,0,0,1,8,0,0,21,Highly Suitable
0,1,1,0,1,0,0,0,0,1,0,8,7,3,2,35,Highly Suitable
1,0,1,0,1,1,0,1,0,1,1,1,7,4,2,86,Highly Suitable
1,1,0,0,1,1,1,0,1,1,1,2,3,3,1,78,Highly Suitable
1,0,0,1,0,1,1,0,0,1,0,2,0,5,0,45,Suitable
1,1,1,0,1,0,1,1,0,0,1,7,8,3,0,47,Highly Suitable
0,1,1,0,0,1,0,0,0,0,1,4,8,1,2,25,Suitable
0,1,0,0,0,1,0,1,1,1,1,3,3,3,1,34,Needs Improvement
0,1,0,1,0,1,0,0,1,0,0,2,7,2,2,66,Highly Suitable
1,1,1,1,0,1,1,0,1,1,1,1,2,4,2,76,Highly Suitable
1,1,0,0,1,1,1,1,1,1,1,5,1,2,2,57,Highly Suitable
0,0,0,1,1,1,1,1,1,1,0,1,3,1,2,45,Suitable
0,1,1,1,1,0,0,1,0,0,1,8,5,5,2,61,Highly Suitable
0,1,1,1,0,0,0,1,1,1,1,2,4,1,0,79,Suitable
0,1,1,0,0,0,0,0,1,1,1,4,2,1,0,56,Needs Improvement
1,0,0,0,1,1,1,0,0,0,1,5,2,0,1,34,Suitable
1,1,1,0,0,0,1,0,0,1,0,4,7,3,0,67,Highly Suitable
0,0,0,0,0,0,0,0,1,0,1,5,1,0,0,77,Needs Improvement
1,1,0,1,0,1,0,1,1,1,0,8,0,3,2,75,Highly Suitable
0,0,0,0,1,1,0,1,0,0,0,3,0,0,1,42,Not Suitable
1,0,1,0,1,0,0,0,0,1,0,5,5,1,2,22,Suitable
0,0,1,0,0,0,1,1,1,1,0,4,1,1,2,80,Highly Suitable
0,1,1,0,1,0,1,0,0,1,0,0,3,1,1,98,Highly Suitable
1,1,0,1,1,1,1,0,1,1,1,1,8,0,0,33,Highly Suitable
0,0,1,1,0,1,0,0,0,1,0,2,4,5,1,87,Highly Suitable
1,0,0,0,1,1,1,1,0,1,0,2,6,2,1,46,Highly Suitable
1,1,1,0,0,0,1,0,1,0,0,1,2,1,1,28,Needs Improvement
0,0,1,1,1,0,0,0,1,1,1,3,2,2,0,61,Suitable
0,1,1,0,1,1,0,1,1,1,0,8,5,0,1,46,Highly Suitable
0,1,0,0,0,1,0,0,0,1,1,7,7,3,0,80,Highly Suitable
1,1,1,0,0,1,0,0,0,1,0,4,2,4,2,83,Highly Suitable
0,1,1,1,1,1,0,0,1,1,0,6,1,2,2,27,Highly Suitable
1,0,0,1,0,1,1,1,1,0,0,6,1,1,2,67,Highly Suitable
0,1,0,1,1,0,1,0,1,1,1,6,4,3,0,80,Highly Suitable
1,0,1,1,1,0,1,1,0,1,0,3,3,0,1,74,Highly Suitable
1,1,1,1,1,1,1,0,0,0,0,0,8,3,0,46,Highly Suitable
0,0,0,1,1,0,1,0,0,0,0,3,7,1,1,82,Highly Suitable
1,0,0,0,1,0,0,0,0,0,0,7,0,4,0,82,Suitable
0,0,0,0,1,0,1,0,0,1,0,4,0,4,2,34,Suitable
1,1,1,0,1,1,1,1,0,0,1,7,4,5,2,84,Highly Suitable
0,0,0,0,1,0,1,0,0,1,0,1,4,1,0,48,Needs Improvement
0,1,0,1,1,0,1,0,1,0,1,2,2,0,0,60,Suitable
0,0,1,1,0,0,1,1,0,0,1,7,8,2,2,67,Highly Suitable
1,1,0,1,1,0,1,1,0,1,0,1,7,5,0,60,Highly Suitable
0,1,1,1,1,0,1,1,0,0,1,3,4,0,0,30,Highly Suitable
1,0,1,1,0,1,0,0,0,1,0,7,8,1,0,76,Highly Suitable
1,0,0,0,1,1,0,0,0,1,0,8,1,2,2,46,Suitable
0,0,1,1,1,0,1,0,0,1,0,0,1,1,0,65,Needs Improvement
1,1,0,0,1,1,0,1,0,0,1,8,5,5,2,41,Highly Suitable
1,0,0,0,1,0,0,0,0,1,0,7,1,3,2,51,Suitable
0,0,1,0,1,1,0,1,1,1,1,5,0,5,1,71,Highly Suitable
1,0,1,1,1,0,1,0,1,1,0,0,6,1,1,45,Highly Suitable
1,0,0,0,0,1,1,1,1,1,1,2,2,2,0,54,Suitable
1,0,1,1,1,1,0,0,1,1,0,8,1,5,1,80,Highly Suitable
1,0,0,0,0,1,1,0,1,0,0,2,1,1,2,34,Suitable
0,0,1,0,1,1,0,0,1,0,1,6,4,3,0,77,Highly Suitable
0,0,0,1,1,0,1,0,1,1,0,0,1,0,1,99,Needs Improvement
0,0,0,1,1,1,1,0,1,0,1,0,3,1,1,37,Suitable
0,0,1,0,0,1,0,1,0,0,1,6,2,3,1,57,Suitable
1,0,0,1,0,0,1,1,0,1,0,6,5,0,0,41,Suitable
1,0,0,1,0,0,1,0,1,0,1,7,7,4,2,28,Highly Suitable
1,1,0,0,0,1,0,1,1,0,0,1,4,0,2,91,Highly Suitable
1,1,0,0,1,1,0,0,1,1,1,3,3,4,2,60,Highly Suitable
0,1,0,1,1,1,1,0,0,0,0,7,8,2,0,43,Highly Suitable
0,0,0,1,0,0,1,0,1,0,0,7,5,1,2,89,Highly Suitable
1,1,0,1,0,0,1,0,0,0,1,3,6,1,1,60,Highly Suitable
1,1,1,1,0,0,0,0,1,0,1,4,0,1,1,86,Highly Suitable
0,0,0,1,0,1,1,0,0,1,1,2,5,0,2,48,Suitable
1,1,1,1,1,0,0,0,1,1,1,5,3,4,1,55,Highly Suitable
1,0,0,1,1,0,1,0,0,1,0,8,8,3,0,35,Highly Suitable
0,0,0,0,0,0,1,0,1,0,0,0,7,2,0,79,Needs Improvement
0,0,1,0,1,1,0,0,0,1,0,2,5,0,2,51,Suitable
1,0,1,1,0,0,0,0,1,1,0,0,5,3,0,75,Suitable
1,1,0,1,0,0,1,0,0,0,0,4,3,0,2,99,Highly Suitable
1,0,0,1,1,0,1,0,1,1,0,8,4,3,2,59,Highly Suitable
0,1,0,1,1,0,1,1,0,1,1,4,3,4,1,39,Highly Suitable
0,0,1,0,1,1,1,1,1,0,1,1,1,3,2,95,Highly Suitable
1,0,0,1,0,1,1,1,0,0,0,2,7,1,0,38,Highly Suitable
1,1,1,1,0,0,1,0,0,1,1,3,1,2,2,51,Highly Suitable
0,0,0,0,0,1,1,1,1,0,1,1,7,2,1,40,Suitable
1,0,0,0,1,1,0,0,0,0,0,8,4,5,0,38,Highly Suitable
1,1,0,1,0,0,1,0,1,1,0,4,3,0,0,63,Highly Suitable
1,1,0,1,1,1,1,1,0,1,0,6,5,5,1,64,Highly Suitable
1,1,0,0,1,1,1,0,0,1,0,0,0,1,0,67,Suitable
1,1,1,1,1,0,0,0,1,1,0,5,6,5,1,67,Highly Suitable
1,1,0,1,1,0,1,0,1,1,0,8,0,3,1,51,Highly Suitable
1,0,0,0,0,1,1,0,1,0,0,5,3,5,2,96,Highly Suitable
1,0,1,0,1,1,1,1,1,0,0,0,0,2,0,75,Highly Suitable
0,1,0,1,0,1,0,0,0,1,1,7,7,2,1,71,Highly Suitable
1,0,0,1,0,0,0,1,0,0,1,7,6,2,0,23,Suitable
0,0,1,1,1,1,0,0,1,1,0,2,6,0,0,38,Suitable
1,1,1,1,0,0,1,0,1,0,1,1,5,5,2,82,Highly Suitable
1,0,1,1,1,1,0,1,0,0,0,3,0,1,0,33,Suitable
0,1,1,0,0,1,0,1,1,0,0,0,5,1,0,62,Suitable
0,1,1,0,1,1,1,1,1,1,1,7,1,1,0,69,Highly Suitable
0,0,0,1,1,1,1,0,0,1,1,7,0,1,0,74,Suitable
0,1,1,0,1,1,0,0,1,0,0,7,2,1,0,99,Highly Suitable
0,0,1,1,1,0,1,0,1,0,1,0,4,5,2,62,Highly Suitable
1,1,0,1,0,1,1,1,1,1,0,1,3,1,2,76,Highly Suitable
1,0,0,1,1,1,1,1,0,0,1,3,0,4,0,73,Highly Suitable
1,1,0,0,1,1,0,0,1,1,0,2,4,3,1,67,Highly Suitable
1,0,1,0,0,1,0,0,1,0,0,1,0,0,2,93,Suitable
0,1,0,1,1,1,0,1,0,1,0,2,8,0,1,39,Highly Suitable
1,0,0,0,1,0,0,0,1,0,0,7,6,1,2,82,Highly Suitable
0,0,1,1,0,0,0,0,0,0,1,7,8,3,1,71,Highly Suitable
0,0,0,0,1,1,1,1,0,1,0,5,1,5,1,57,Highly Suitable
0,1,0,0,0,0,0,1,1,0,1,1,0,2,2,71,Needs Improvement
0,0,0,1,0,0,1,1,1,1,0,6,1,4,0,65,Suitable
0,0,1,0,0,0,1,0,0,0,0,4,4,1,0,91,Suitable
0,0,1,1,0,1,1,0,0,1,1,6,7,1,0,42,Highly Suitable
1,0,0,1,0,1,0,1,1,0,1,8,6,4,2,59,Highly Suitable
1,0,0,0,1,0,0,0,0,1,1,8,8,2,1,37,Highly Suitable
1,0,1,0,0,0,1,0,0,0,1,2,3,1,0,25,Needs Improvement
0,0,0,1,1,0,1,1,0,1,1,0,8,3,2,38,Highly Suitable
0,1,0,1,1,0,0,0,0,0,0,2,2,5,2,65,Suitable
1,1,1,0,0,1,1,0,1,1,1,0,8,3,0,76,Highly Suitable
1,1,1,0,0,0,0,0,0,0,0,2,2,0,1,54,Suitable
0,0,0,0,1,0,1,0,1,1,0,2,8,4,0,34,Suitable
0,0,0,0,1,0,1,0,1,1,0,6,4,3,0,64,Highly Suitable
1,0,0,0,0,0,1,1,0,0,0,4,6,2,2,38,Suitable
0,0,0,1,1,1,1,1,1,1,1,8,3,4,1,92,Highly Suitable
0,0,0,1,0,1,1,1,1,0,0,3,3,2,1,99,Suitable
1,0,1,0,0,0,1,0,0,1,0,4,5,2,2,93,Highly Suitable
0,0,1,0,0,1,1,1,0,0,0,7,5,0,0,55,Suitable
0,1,0,1,0,0,1,0,1,1,0,7,6,5,0,42,Highly Suitable
1,0,1,0,0,0,1,1,0,1,0,1,6,4,2,87,Highly Suitable
0,1,0,1,0,0,1,0,0,1,1,6,5,5,0,20,Suitable
1,0,1,0,1,0,1,0,0,0,0,3,0,2,0,29,Needs Improvement
0,0,0,1,1,1,0,1,1,0,1,3,7,3,1,28,Highly Suitable
0,0,1,1,0,1,1,1,1,0,1,0,1,5,0,74,Highly Suitable
0,1,0,0,0,1,1,1,0,1,1,1,6,5,0,57,Suitable
1,0,1,0,0,0,0,1,1,0,0,3,6,4,2,41,Suitable
1,0,1,1,0,1,1,1,1,0,0,7,2,0,0,28,Highly Suitable
0,1,1,0,1,0,1,0,1,0,1,2,1,0,0,54,Suitable
0,0,1,1,0,0,0,0,1,1,0,2,0,0,0,44,Not Suitable
0,0,0,1,0,1,1,0,0,0,0,4,0,4,0,93,Suitable
0,0,1,1,1,1,1,0,1,1,0,8,5,5,2,32,Highly Suitable
0,1,0,1,0,0,0,0,1,0,0,5,5,4,2,62,Highly Suitable
1,0,0,1,0,0,1,1,1,1,1,2,1,5,2,99,Highly Suitable
0,1,0,0,0,1,1,0,0,1,1,8,7,5,0,34,Highly Suitable
0,1,1,0,0,0,0,1,1,0,1,5,5,4,2,67,Highly Suitable
1,0,1,1,1,0,0,0,1,0,0,3,4,2,0,91,Highly Suitable
1,0,0,1,1,0,0,1,1,1,1,2,5,2,2,47,Highly Suitable
0,0,0,1,0,1,0,1,0,0,1,8,1,0,1,27,Suitable
0,1,1,0,1,1,0,0,1,1,0,2,1,2,0,56,Suitable
0,1,0,1,0,1,1,1,0,1,0,7,7,5,2,54,Highly Suitable
1,0,1,0,0,0,1,0,0,0,0,8,6,4,0,73,Highly Suitable
0,0,0,0,1,0,0,1,0,0,1,4,8,1,2,72,Suitable
1,1,0,0,0,0,0,1,1,1,1,6,8,4,2,92,Highly Suitable
0,1,1,1,1,0,0,0,1,1,1,2,4,4,0,26,Suitable
0,1,0,0,0,0,1,1,0,1,1,0,0,3,1,26,Not Suitable
0,0,0,1,1,1,1,0,0,1,1,8,2,4,1,73,Highly Suitable
0,0,1,0,1,0,0,0,1,0,1,5,4,2,1,98,Highly Suitable
1,0,0,0,0,1,0,0,0,1,1,3,4,2,2,29,Needs Improvement
1,0,1,1,0,0,1,1,1,0,0,5,1,5,2,100,Highly Suitable
0,1,0,1,1,0,1,1,0,0,1,0,8,5,1,34,Highly Suitable
1,1,0,1,0,1,0,0,0,0,0,0,1,2,2,61,Suitable
0,1,1,0,1,0,1,1,0,1,0,8,6,2,1,31,Highly Suitable
1,1,1,1,1,1,1,1,0,0,1,4,6,4,2,49,Highly Suitable
1,1,0,1,1,1,1,1,0,1,0,7,7,1,1,38,Highly Suitable
1,1,0,0,0,0,1,0,1,1,1,1,4,5,0,31,Highly Suitable
1,0,1,0,0,0,0,0,0,0,1,8,5,5,2,94,Highly Suitable
0,0,1,0,0,1,1,1,1,0,0,0,5,1,0,39,Suitable
0,0,1,1,1,0,0,1,1,0,0,8,7,1,0,30,Suitable
0,1,1,0,1,0,1,1,0,0,0,6,2,2,1,89,Highly Suitable
1,1,0,1,0,1,0,0,1,0,0,0,5,1,1,35,Suitable
0,1,0,1,1,1,1,0,1,0,0,2,3,4,0,97,Highly Suitable
0,1,1,0,0,0,1,0,1,1,1,7,6,4,1,79,Highly Suitable
1,0,1,0,0,0,0,1,0,1,0,6,8,2,2,40,Highly Suitable
0,1,0,1,0,1,1,1,0,1,0,7,7,0,1,57,Highly Suitable
0,1,0,0,1,0,0,0,0,0,0,2,0,5,0,88,Needs Improvement
1,1,1,0,0,0,1,0,0,0,1,8,6,4,0,89,Highly Suitable
1,0,1,1,0,0,0,1,0,0,1,3,6,5,2,46,Highly Suitable
1,1,1,0,0,0,1,1,1,1,1,2,4,3,1,32,Suitable
0,0,0,0,0,0,1,1,1,1,1,0,3,5,2,42,Needs Improvement
1,1,1,0,1,1,1,0,0,1,1,6,2,3,1,64,Highly Suitable
1,1,0,1,1,1,1,0,0,0,1,7,2,5,0,49,Highly Suitable
0,0,1,1,0,1,0,1,0,1,0,3,7,3,2,64,Highly Suitable
0,0,1,0,1,0,1,0,0,0,0,0,4,5,0,71,Suitable
1,0,0,0,1,1,0,0,1,1,1,6,3,3,0,71,Highly Suitable
1,0,1,1,0,0,1,1,0,0,1,3,2,1,0,69,Suitable
1,1,0,0,1,1,1,0,0,0,0,1,3,2,0,52,Highly Suitable
1,1,1,1,1,0,1,0,1,1,1,0,4,2,2,47,Highly Suitable
0,1,0,1,0,0,0,0,1,1,1,7,4,5,0,40,Highly Suitable
1,0,0,0,0,0,0,0,1,0,0,5,6,5,2,53,Suitable
0,0,1,0,0,0,0,1,0,0,0,4,1,0,0,47,Not Suitable
0,1,1,0,1,0,0,1,0,0,0,3,2,3,2,95,Highly Suitable
1,0,1,1,0,0,0,1,1,0,0,8,1,4,0,34,Highly Suitable
0,1,1,0,0,0,0,0,1,0,1,8,4,4,1,38,Suitable
1,1,0,1,1,0,0,1,1,1,0,1,4,0,0,90,Highly Suitable
0,0,1,1,0,1,1,1,1,1,1,7,4,0,1,61,Highly Suitable
0,0,0,1,0,1,1,0,0,0,1,0,3,1,1,52,Needs Improvement
0,1,0,1,0,1,0,0,0,0,1,7,3,0,2,38,Highly Suitable
1,0,0,0,1,1,0,0,0,1,1,2,4,2,2,39,Needs Improvement
1,1,0,0,0,1,1,1,0,0,0,0,3,4,1,31,Suitable
0,1,0,1,1,1,0,1,1,1,0,4,7,2,2,52,Highly Suitable
1,1,1,0,1,1,0,1,1,0,0,2,5,1,0,22,Suitable
1,0,1,1,0,1,1,1,1,0,1,4,2,3,2,36,Highly Suitable
1,0,0,0,0,0,0,1,0,1,0,5,8,0,1,61,Suitable
0,1,0,1,0,0,1,1,0,1,1,6,0,0,1,25,Suitable
1,1,1,1,0,0,1,0,0,1,1,0,1,5,1,24,Highly Suitable
0,0,1,0,0,1,1,0,1,0,0,0,7,1,1,38,Needs Improvement
1,0,1,1,0,0,1,0,1,0,1,6,6,4,1,84,Highly Suitable
0,1,0,0,0,0,1,0,1,0,1,6,6,4,1,38,Suitable
0,1,0,1,0,1,1,1,1,0,1,5,4,3,1,52,Highly Suitable
0,0,1,0,0,0,0,1,1,0,0,4,3,0,0,64,Not Suitable
0,0,0,0,1,0,0,1,0,0,0,7,8,2,1,58,Suitable
1,1,0,1,0,0,0,0,0,0,0,2,1,4,1,82,Suitable
0,0,0,0,0,0,0,1,0,1,1,4,6,2,0,84,Suitable
1,1,0,0,0,1,0,0,1,1,0,4,2,1,1,76,Highly Suitable
0,1,0,0,0,0,0,1,0,0,0,6,6,5,1,62,Suitable
1,1,1,1,1,0,1,0,0,1,0,3,6,5,2,30,Highly Suitable
1,1,0,0,0,0,0,0,1,0,1,0,4,5,2,29,Suitable
1,0,0,0,0,0,1,1,1,1,1,2,7,3,0,56,Highly Suitable
1,1,0,0,0,1,1,1,1,1,1,7,5,5,0,83,Highly Suitable
0,0,0,0,1,0,1,1,0,0,0,5,8,4,0,90,Highly Suitable
1,0,0,1,0,0,1,1,1,0,0,1,7,0,0,76,Suitable
0,0,0,0,0,1,0,1,1,1,1,4,3,1,0,100,Suitable
1,1,1,0,1,0,0,0,0,0,1,5,1,5,2,69,Highly Suitable
1,0,1,0,0,1,1,0,0,0,0,6,4,1,0,20,Suitable
1,1,1,0,1,1,1,0,1,0,0,4,5,5,1,79,Highly Suitable
1,0,1,1,1,0,0,0,0,0,1,7,4,4,0,41,Highly Suitable
0,0,1,1,0,0,0,0,0,1,1,2,2,1,2,57,Needs Improvement
1,1,0,0,1,1,1,1,0,1,1,1,1,0,1,75,Suitable
0,0,1,0,1,0,0,1,1,0,1,8,4,0,2,65,Highly Suitable
1,0,1,1,1,0,0,1,0,0,1,2,4,5,0,78,Highly Suitable
1,1,0,1,0,1,0,1,0,0,1,7,3,1,1,59,Highly Suitable
0,1,0,1,1,1,0,1,0,1,1,7,1,1,2,53,Highly Suitable
1,0,0,1,0,1,0,1,0,0,1,8,5,0,0,58,Highly Suitable
1,1,0,1,0,1,0,1,0,0,0,2,3,3,2,20,Highly Suitable
0,0,0,0,0,0,0,1,1,0,1,7,8,4,1,45,Highly Suitable
0,0,0,0,0,0,1,0,1,1,0,2,0,1,1,68,Needs Improvement
1,0,1,0,1,1,1,0,0,1,0,1,4,3,2,39,Suitable
1,0,1,1,1,1,0,1,0,1,1,6,3,2,2,57,Highly Suitable
1,0,0,0,0,0,0,0,1,0,1,6,5,2,1,22,Needs Improvement
1,1,0,0,1,1,1,1,1,0,1,6,7,1,0,99,Highly Suitable
0,1,1,1,1,1,1,0,1,0,0,0,1,4,0,72,Highly Suitable
1,0,0,1,0,0,1,1,1,1,0,5,5,4,2,21,Highly Suitable
1,0,0,0,0,0,0,1,0,1,0,8,5,5,0,54,Suitable
1,1,1,1,0,0,1,1,1,0,0,6,1,1,2,75,Highly Suitable
1,0,0,0,1,0,0,0,0,1,1,8,4,0,1,60,Suitable
0,1,1,1,1,0,1,1,1,1,1,0,8,3,0,83,Highly Suitable
1,0,1,0,0,0,1,1,0,1,1,0,8,5,1,26,Highly Suitable
0,1,0,1,1,0,0,1,1,0,0,5,4,5,1,38,Highly Suitable
1,1,1,1,1,1,1,1,1,0,1,7,3,4,0,72,Highly Suitable
1,1,1,0,1,1,0,0,1,1,1,3,4,0,0,96,Highly Suitable
1,1,1,0,1,1,0,0,1,0,1,4,7,3,0,64,Highly Suitable
1,0,1,0,0,1,1,1,1,1,0,8,0,2,0,71,Highly Suitable
0,0,0,1,1,1,1,0,0,1,0,0,2,0,2,34,Needs Improvement
1,1,1,1,1,1,1,0,1,1,0,7,0,2,0,28,Highly Suitable
0,0,0,0,1,1,0,1,1,1,1,5,5,3,1,35,Suitable
0,1,0,0,1,0,1,0,1,0,1,3,4,5,0,55,Suitable
1,1,1,1,0,0,0,0,0,0,1,5,4,3,1,100,Highly Suitable
1,0,0,0,1,0,0,0,0,1,0,5,4,0,0,60,Needs Improvement
0,1,0,1,0,1,1,0,0,0,1,4,7,2,2,35,Highly Suitable
0,0,0,0,1,1,0,0,0,0,1,4,2,1,0,21,Needs Improvement
0,0,0,1,0,0,1,0,1,0,0,3,0,3,2,47,Needs Improvement
1,0,0,1,1,0,0,1,0,1,1,0,0,3,2,38,Needs Improvement
0,1,1,1,0,1,0,0,1,1,1,2,1,0,0,59,Suitable
0,0,0,1,1,0,0,1,1,1,0,4,1,1,0,66,Suitable
0,0,0,0,0,1,1,0,0,0,0,4,8,2,0,94,Suitable
0,0,0,0,1,0,1,1,0,0,0,4,5,1,1,98,Highly Suitable
0,0,1,1,0,0,1,1,0,0,1,4,1,1,1,68,Suitable
0,0,1,0,1,0,1,0,0,1,1,1,0,2,1,36,Needs Improvement
1,1,1,1,1,0,1,1,1,1,1,3,3,3,1,48,Highly Suitable
1,0,0,1,1,1,0,1,0,0,1,1,6,5,0,31,Suitable
0,1,1,0,0,0,0,1,0,1,1,1,0,4,2,92,Suitable
0,0,1,0,0,0,1,1,1,1,0,7,1,3,1,100,Highly Suitable
1,1,0,1,1,1,0,0,1,1,1,2,6,4,1,64,Highly Suitable
0,1,1,1,0,0,1,0,0,1,1,0,8,3,2,97,Highly Suitable
0,1,1,1,1,0,1,0,0,1,0,3,4,0,2,70,Highly Suitable
0,0,0,0,1,0,1,1,1,0,0,3,3,1,0,38,Needs Improvement
0,1,1,1,1,1,0,0,1,1,0,0,1,5,1,23,Suitable
0,1,0,0,1,0,1,1,0,1,1,3,4,2,0,74,Suitable
0,0,0,1,0,0,1,0,1,1,1,8,7,3,0,70,Highly Suitable
1,1,1,1,1,1,1,1,1,0,1,6,8,4,0,27,Highly Suitable
0,0,1,1,1,0,1,0,1,0,0,8,0,1,0,92,Highly Suitable
1,1,1,1,1,1,1,1,0,0,1,2,7,2,2,70,Highly Suitable
1,0,1,0,1,1,1,0,1,1,1,1,4,4,0,66,Highly Suitable
1,0,0,0,1,1,1,1,0,1,1,5,3,1,2,98,Highly Suitable
1,0,0,1,0,0,1,0,1,0,1,6,4,4,0,32,Highly Suitable
0,1,0,1,1,1,0,1,0,0,1,5,2,2,0,74,Highly Suitable
0,0,0,1,1,1,1,1,1,0,1,2,2,4,2,84,Highly Suitable
0,1,1,1,1,1,0,0,0,0,0,5,1,1,1,54,Highly Suitable
0,1,0,1,1,0,1,0,1,0,0,1,7,0,0,64,Highly Suitable
1,1,1,0,1,0,1,1,1,0,1,4,3,5,1,96,Highly Suitable
0,0,0,1,1,1,0,1,1,0,0,6,2,3,2,30,Highly Suitable
1,1,1,1,0,0,1,1,1,1,0,7,0,1,0,70,Highly Suitable
1,1,0,0,0,0,1,1,0,0,0,4,4,1,1,51,Suitable
0,0,0,1,0,0,0,1,1,0,1,0,7,1,2,31,Needs Improvement
1,0,0,1,1,0,1,0,1,1,0,0,0,0,0,50,Needs Improvement
0,1,1,0,0,0,0,0,0,0,1,6,3,4,2,85,Highly Suitable
1,1,0,1,0,0,1,0,0,1,0,8,1,3,0,100,Highly Suitable
0,0,1,1,1,1,0,0,1,1,0,1,4,3,0,71,Suitable
0,0,0,1,1,1,0,1,0,0,1,4,0,3,0,56,Suitable
0,0,1,1,0,0,0,0,1,1,1,8,6,2,1,79,Highly Suitable
0,1,0,0,1,0,1,0,0,1,0,2,1,3,2,90,Suitable
0,1,1,1,1,0,0,0,0,0,0,6,3,0,2,73,Highly Suitable
1,0,0,0,0,1,0,0,1,1,0,4,4,3,1,91,Highly Suitable
1,1,0,1,0,0,0,1,1,0,0,4,4,4,2,51,Highly Suitable
1,0,1,1,1,1,1,1,1,1,0,7,2,4,2,99,Highly Suitable
1,0,1,1,1,1,0,0,1,0,1,4,5,1,0,31,Highly Suitable
1,0,1,1,0,0,0,0,1,0,0,0,7,2,2,57,Suitable
1,0,0,1,0,1,1,0,1,1,0,4,6,1,0,63,Highly Suitable
1,0,0,0,1,1,1,0,1,1,1,1,5,4,0,66,Suitable
1,1,1,1,0,0,1,0,0,1,1,5,1,1,0,65,Highly Suitable
1,1,0,1,0,1,1,0,0,0,0,0,5,4,0,95,Highly Suitable
1,0,0,1,0,1,1,0,0,1,0,4,6,5,2,42,Highly Suitable
1,0,1,1,1,1,0,1,0,1,1,4,7,3,2,23,Highly Suitable
0,0,1,1,1,1,1,0,0,0,0,1,2,4,0,88,Highly Suitable
0,0,0,0,0,0,0,0,1,0,1,5,1,4,2,95,Suitable
0,1,1,0,0,0,0,0,1,0,1,7,0,4,2,60,Highly Suitable
1,0,1,0,1,1,0,1,0,0,0,1,0,5,0,49,Suitable
1,0,1,0,0,1,0,1,0,1,1,7,5,5,1,47,Highly Suitable
0,0,0,0,1,0,1,1,1,0,1,7,0,2,0,97,Suitable
0,1,1,1,0,0,0,1,0,1,1,2,8,0,2,67,Highly Suitable
0,1,1,0,1,0,0,0,0,1,0,8,3,2,1,81,Highly Suitable
0,0,0,0,1,0,1,0,0,0,0,4,1,3,0,62,Needs Improvement
0,0,0,1,0,1,0,0,1,1,1,7,7,1,0,65,Suitable
1,1,1,1,1,1,1,1,0,0,1,0,6,1,0,97,Highly Suitable
1,0,1,1,0,0,0,0,0,1,1,8,4,4,2,83,Highly Suitable
1,1,0,1,0,0,0,0,0,0,1,2,5,0,0,58,Suitable
1,0,0,0,1,0,1,1,1,1,1,0,0,0,1,35,Suitable
1,1,0,1,1,0,0,0,0,0,0,0,8,5,2,36,Highly Suitable
1,0,0,0,0,0,0,1,1,0,0,4,6,4,2,70,Highly Suitable
1,1,1,0,0,1,0,0,1,0,1,6,7,0,0,20,Highly Suitable
0,0,1,0,0,1,0,1,0,1,1,5,0,2,0,96,Suitable
1,1,1,1,0,1,1,0,0,0,0,0,6,2,0,92,Highly Suitable
1,0,1,0,1,1,0,1,0,1,1,4,7,3,1,65,Highly Suitable
1,0,1,1,0,1,0,1,1,1,0,5,1,0,2,66,Highly Suitable
1,0,1,0,1,1,0,0,1,0,1,8,4,2,0,32,Highly Suitable
1,1,1,0,1,0,0,1,0,1,0,1,3,2,1,30,Suitable
0,1,0,0,0,1,0,0,1,0,0,8,5,2,0,93,Highly Suitable
1,1,1,1,0,1,1,0,1,1,0,0,8,2,2,32,Highly Suitable
1,0,1,0,0,1,1,1,1,1,1,0,1,3,0,38,Suitable
1,0,1,1,0,0,0,0,1,1,0,6,7,5,0,51,Highly Suitable
1,0,1,1,0,1,1,1,0,1,0,6,6,4,2,22,Highly Suitable
1,1,0,0,1,1,0,1,1,0,1,4,0,0,2,77,Highly Suitable
1,0,1,0,0,1,0,1,0,0,0,8,7,3,2,55,Highly Suitable
0,1,1,0,1,0,1,1,0,0,1,2,4,1,2,56,Highly Suitable
1,1,1,0,0,0,0,1,0,0,0,8,2,0,0,40,Suitable
0,1,0,1,0,1,1,1,0,1,0,0,0,1,2,79,Suitable
1,1,1,1,0,0,0,0,0,1,0,6,8,5,1,69,Highly Suitable
0,1,0,0,1,1,1,1,1,1,1,4,3,4,0,35,Highly Suitable
1,0,1,0,0,1,1,0,1,1,0,5,4,5,0,65,Highly Suitable
1,0,0,0,0,0,1,0,0,1,0,2,5,0,1,42,Needs Improvement
0,0,1,1,1,0,1,1,0,1,0,6,1,3,0,58,Highly Suitable
0,1,0,1,0,0,0,1,1,0,1,2,6,2,1,60,Highly Suitable
0,0,0,0,1,1,0,1,1,1,1,8,5,2,0,38,Highly Suitable
1,0,0,1,1,0,1,1,1,0,1,7,4,3,0,71,Highly Suitable
0,0,0,0,0,0,1,0,0,1,1,8,5,3,0,27,Needs Improvement
1,1,1,0,0,1,0,0,1,0,0,1,7,3,2,33,Highly Suitable
1,0,0,1,1,0,1,1,1,0,1,2,1,0,2,84,Highly Suitable
0,1,1,0,1,0,1,0,1,0,1,7,6,1,0,95,Highly Suitable
1,0,1,0,1,0,1,1,0,1,1,6,6,1,2,91,Highly Suitable
0,1,0,1,0,1,1,0,1,1,1,3,0,0,1,53,Suitable
0,0,0,1,1,1,0,1,1,0,1,3,6,5,2,42,Highly Suitable
0,1,1,0,0,1,0,0,0,1,1,2,7,3,2,63,Highly Suitable
0,1,1,1,1,1,0,1,1,0,0,3,7,4,0,52,Highly Suitable
1,1,1,0,0,0,1,0,1,1,0,5,1,5,2,98,Highly Suitable
0,1,1,1,0,0,1,1,1,0,0,4,6,5,0,54,Highly Suitable
0,0,1,1,1,0,0,0,1,0,0,3,6,0,1,74,Suitable
0,1,1,1,0,1,0,0,0,0,1,6,1,1,2,36,Highly Suitable
1,1,1,0,0,0,1,0,1,1,0,7,1,4,1,67,Highly Suitable
1,1,1,1,1,0,0,0,0,0,0,7,1,4,0,64,Highly Suitable
1,1,1,1,1,0,1,0,0,1,1,0,0,5,1,40,Suitable
0,0,1,1,1,0,1,0,1,1,0,5,4,0,1,35,Highly Suitable
1,0,0,0,0,1,0,0,1,0,0,4,7,3,2,54,Highly Suitable
0,0,0,0,1,1,0,0,1,1,0,1,1,4,1,84,Suitable
1,1,1,0,0,0,0,1,1,0,1,0,0,2,2,73,Suitable
0,0,1,0,1,1,1,0,1,0,1,4,7,2,2,99,Highly Suitable
1,0,1,1,1,1,0,0,1,1,0,8,0,5,0,60,Highly Suitable
1,0,0,0,1,0,1,1,0,0,0,7,6,0,1,60,Highly Suitable
1,0,1,1,0,0,1,0,1,1,1,5,2,5,1,22,Highly Suitable
0,0,0,1,1,1,1,1,0,0,1,6,6,0,1,62,Highly Suitable
1,1,1,1,0,1,1,1,0,1,0,8,1,4,1,49,Highly Suitable
0,0,0,1,0,0,1,1,1,0,1,6,6,1,1,97,Highly Suitable
1,1,0,0,1,1,0,1,1,1,1,6,2,2,2,31,Highly Suitable
0,0,1,0,1,1,1,1,1,1,1,7,1,2,2,23,Highly Suitable
0,1,1,0,1,0,0,0,0,1,1,3,5,0,0,53,Needs Improvement
1,1,1,0,1,0,0,0,1,0,0,5,4,4,2,36,Highly Suitable
1,0,1,0,0,1,0,0,0,1,0,3,2,4,2,83,Highly Suitable
0,0,1,1,1,0,1,1,0,0,1,6,2,4,0,85,Highly Suitable
0,1,0,1,0,1,0,0,1,1,0,4,7,5,2,36,Highly Suitable
1,0,1,1,0,0,0,1,0,1,0,0,3,5,2,21,Suitable
0,1,0,0,0,1,1,1,0,1,1,5,8,1,2,47,Highly Suitable
1,0,1,1,1,0,1,0,0,1,0,5,1,1,1,96,Highly Suitable
0,0,1,0,1,1,1,0,0,0,0,1,1,1,2,40,Needs Improvement
0,0,1,1,0,0,1,1,1,1,0,0,5,0,2,33,Suitable
1,0,1,0,0,1,0,1,1,0,1,1,1,5,2,92,Highly Suitable
1,1,0,0,0,0,1,1,1,1,0,2,1,5,2,55,Highly Suitable
1,1,1,0,0,1,0,1,0,0,1,1,3,3,1,55,Suitable
0,0,0,0,0,1,0,0,1,0,0,7,3,2,0,90,Suitable
0,1,0,1,0,0,1,0,0,0,0,1,5,3,2,31,Needs Improvement
0,1,0,0,1,0,1,1,0,1,0,3,0,5,1,74,Suitable
0,1,0,0,0,1,1,0,0,1,1,4,4,0,1,74,Highly Suitable
0,0,1,1,1,0,1,1,1,0,1,4,4,4,0,49,Suitable
0,0,0,0,0,1,1,0,1,1,0,4,0,3,0,28,Suitable
0,1,1,0,1,1,0,0,1,1,1,1,2,5,0,66,Suitable
1,1,1,0,1,1,1,0,1,0,1,8,0,5,2,62,Highly Suitable
1,0,1,1,0,0,0,1,0,0,0,3,5,4,2,26,Suitable
1,1,1,1,0,0,0,1,1,1,1,1,7,5,0,49,Highly Suitable
0,0,0,0,0,1,1,0,1,0,1,6,6,2,1,74,Highly Suitable
0,0,0,0,0,1,0,1,0,0,1,0,3,3,2,37,Needs Improvement
1,1,0,0,0,1,0,0,1,1,1,2,8,1,1,55,Highly Suitable
1,0,1,0,0,1,1,1,0,0,0,4,7,5,1,21,Highly Suitable
1,1,0,1,0,0,0,0,0,1,1,3,5,2,0,61,Suitable
1,1,0,0,1,0,1,1,0,0,0,5,1,2,2,49,Highly Suitable
0,0,0,0,0,0,1,1,0,0,0,0,0,0,0,35,Not Suitable
0,1,1,1,0,1,0,0,1,0,0,0,8,4,0,94,Highly Suitable
1,1,1,0,0,1,0,1,1,1,0,1,8,3,0,42,Highly Suitable
0,1,1,1,1,1,1,1,1,0,1,4,0,2,1,36,Highly Suitable
1,1,1,0,0,0,0,0,0,0,1,8,3,1,2,44,Highly Suitable
0,0,1,1,0,0,1,1,0,0,1,3,4,1,0,46,Suitable
1,1,0,0,0,1,0,1,0,0,0,0,4,5,2,80,Highly Suitable
0,0,0,1,0,1,1,0,1,1,1,8,1,2,2,28,Suitable
0,0,0,0,1,0,0,0,1,0,1,5,6,1,2,87,Suitable
0,1,1,0,1,0,1,0,1,1,0,4,4,3,2,33,Suitable
0,1,1,1,1,1,0,1,0,0,0,8,0,4,0,75,Highly Suitable
0,0,1,1,1,1,1,0,0,0,1,0,5,4,1,50,Highly Suitable
1,0,0,0,0,1,0,0,1,1,1,0,3,5,0,23,Needs Improvement
1,0,0,0,0,0,1,1,1,0,0,4,8,5,1,72,Highly Suitable
1,1,1,1,1,0,0,0,0,0,1,2,2,0,1,64,Suitable
1,1,0,0,1,1,1,0,0,1,1,6,5,3,1,51,Highly Suitable
0,0,1,0,0,1,0,1,0,0,1,1,1,5,2,54,Suitable
0,0,1,0,1,1,0,0,0,0,1,4,3,1,1,63,Suitable
0,1,0,1,0,1,0,1,0,1,1,4,2,3,0,68,Highly Suitable
1,0,0,1,1,1,1,0,1,0,1,2,6,2,2,49,Highly Suitable
0,1,1,0,1,1,0,1,0,1,1,4,7,0,0,32,Suitable
0,0,1,1,0,0,0,1,0,0,0,3,3,2,0,70,Suitable
1,1,0,1,1,0,0,0,0,1,0,1,7,4,1,39,Suitable
1,1,0,0,1,0,0,0,1,1,1,3,1,5,1,95,Highly Suitable
0,1,1,0,0,1,1,1,1,1,1,0,1,2,2,57,Highly Suitable
0,0,1,1,0,0,0,0,0,1,1,8,6,5,0,39,Suitable
1,0,1,0,0,0,1,1,0,0,0,6,1,3,0,34,Needs Improvement
1,0,0,1,0,1,1,0,1,0,0,3,3,2,0,91,Highly Suitable
1,0,1,0,1,1,0,1,0,0,1,3,1,0,1,47,Needs Improvement
1,0,1,1,0,0,1,1,0,0,1,7,4,0,0,37,Highly Suitable
1,1,0,0,1,0,1,0,1,1,0,2,0,2,1,73,Suitable
1,1,1,1,0,1,1,0,0,1,1,0,0,2,2,73,Highly Suitable
1,1,1,0,1,0,1,0,0,1,1,4,5,3,2,59,Highly Suitable
0,0,0,0,1,0,1,0,0,1,1,8,3,3,0,35,Suitable
1,1,1,0,0,0,1,0,0,0,0,6,1,0,2,58,Highly Suitable
1,1,1,1,1,0,1,0,0,0,1,0,0,0,0,34,Needs Improvement
1,0,1,0,1,1,0,0,0,0,0,5,6,4,1,84,Highly Suitable
1,0,0,1,0,1,0,1,0,1,0,7,7,3,0,56,Highly Suitable
0,0,0,1,1,1,0,1,1,1,1,4,0,4,1,88,Highly Suitable
1,1,0,1,0,1,0,0,1,0,1,0,7,1,2,66,Highly Suitable
0,1,1,1,0,1,1,0,1,0,1,5,4,4,0,76,Highly Suitable
0,0,1,0,1,1,0,0,0,0,0,1,6,5,0,36,Needs Improvement
0,1,0,0,0,1,1,1,1,1,1,2,4,1,0,61,Highly Suitable
1,0,0,1,1,1,0,1,0,1,0,5,1,2,2,98,Highly Suitable
0,1,0,0,1,0,0,0,0,0,1,0,8,1,1,66,Suitable
0,0,1,0,0,1,0,0,1,1,0,5,7,0,0,36,Suitable
0,0,1,1,1,0,0,0,1,0,1,0,7,0,0,67,Suitable
0,0,0,1,1,0,0,0,0,1,1,2,2,5,1,43,Suitable
1,0,1,0,1,1,1,1,0,1,0,4,2,0,2,41,Highly Suitable
0,0,0,0,0,1,1,0,0,0,1,1,4,5,0,96,Needs Improvement
0,0,1,1,1,1,0,1,1,1,0,5,3,0,0,53,Suitable
0,1,0,1,0,1,1,1,1,1,1,3,8,1,0,96,Highly Suitable
1,1,0,0,1,0,0,1,0,1,0,4,7,2,0,22,Suitable
1,0,1,0,1,1,1,0,0,1,0,0,8,3,0,31,Suitable
0,1,1,1,0,0,0,1,0,1,1,0,2,0,0,26,Needs Improvement
0,0,0,0,1,1,0,1,0,0,0,6,0,4,1,46,Suitable
0,0,1,0,0,1,0,0,1,0,1,2,7,3,1,41,Suitable
0,1,1,1,1,1,0,1,1,1,0,4,8,3,0,48,Highly Suitable
1,0,0,1,0,1,0,0,0,0,1,5,3,5,2,90,Highly Suitable
0,1,1,0,0,1,1,1,1,1,1,6,7,1,1,48,Highly Suitable
0,0,1,0,1,0,1,0,1,1,0,2,4,2,2,70,Suitable
1,1,1,0,0,0,0,0,1,1,1,3,2,2,2,38,Highly Suitable
1,0,1,0,0,1,1,1,0,1,0,3,7,2,1,37,Suitable
0,0,1,1,0,1,0,0,0,1,1,5,2,5,1,59,Highly Suitable
1,0,0,0,1,0,1,1,1,1,0,4,8,4,2,60,Highly Suitable
0,0,1,1,0,1,0,1,1,0,1,0,2,0,1,75,Needs Improvement
0,0,0,0,0,1,1,1,0,0,1,0,7,2,0,89,Needs Improvement
0,1,1,1,0,1,1,1,1,1,1,2,8,3,2,23,Highly Suitable
1,0,1,1,1,0,0,0,0,1,0,8,8,3,1,50,Highly Suitable
0,0,1,1,1,1,1,0,0,1,0,2,2,4,2,71,Highly Suitable
0,1,0,0,0,0,1,1,0,0,0,1,4,2,1,50,Suitable
1,0,0,0,1,0,0,0,1,0,1,0,6,2,2,86,Suitable
0,1,0,1,1,1,1,0,1,1,1,7,7,4,0,37,Highly Suitable
0,0,0,0,1,0,0,1,1,0,1,6,1,0,1,74,Suitable
1,1,0,1,1,1,1,0,0,1,1,3,8,1,1,97,Highly Suitable
1,0,1,0,0,1,1,0,0,1,0,8,5,5,2,45,Highly Suitable
0,1,1,1,1,1,0,0,0,1,0,0,7,2,2,68,Highly Suitable
1,0,0,1,1,0,0,1,1,0,0,7,1,0,2,58,Highly Suitable
1,0,1,0,1,1,0,1,1,1,1,8,7,5,2,46,Highly Suitable
1,0,1,0,1,0,0,0,0,1,1,3,7,3,2,43,Suitable
1,1,1,1,1,1,1,1,0,0,0,8,5,1,0,62,Highly Suitable
0,0,1,1,0,0,0,1,0,1,0,5,1,3,1,25,Suitable
0,0,0,1,1,0,1,1,0,0,1,1,2,0,0,26,Not Suitable
0,0,1,0,1,1,1,1,1,1,0,1,2,1,0,55,Suitable
1,1,1,1,1,0,0,1,1,0,1,8,2,4,0,26,Highly Suitable
0,1,0,1,0,1,1,0,0,0,1,8,4,4,0,31,Highly Suitable
0,0,1,1,1,0,1,0,0,1,1,1,8,0,2,36,Highly Suitable
1,1,1,0,0,1,1,0,0,1,1,1,7,5,2,97,Highly Suitable
1,1,0,0,1,0,1,0,0,0,1,1,6,5,1,94,Highly Suitable
0,0,0,1,0,1,1,1,1,1,0,2,6,3,2,41,Highly Suitable
0,1,0,1,0,1,0,0,1,1,0,1,0,0,0,87,Needs Improvement
1,0,1,0,0,1,0,0,1,1,0,6,7,2,2,24,Highly Suitable
1,1,1,1,0,1,0,1,0,0,0,5,8,2,0,71,Highly Suitable
0,1,0,1,1,0,0,0,1,0,0,5,4,2,0,42,Suitable
1,0,1,1,1,0,1,1,1,1,0,5,3,4,2,62,Highly Suitable
0,0,0,0,1,0,0,1,0,0,0,5,6,4,0,41,Suitable
0,0,0,0,1,1,1,1,0,0,0,0,0,3,1,35,Not Suitable
0,0,0,0,0,0,0,0,0,1,1,3,3,2,0,31,Not Suitable
0,0,1,0,0,1,0,1,1,0,0,0,2,3,2,29,Needs Improvement
0,1,1,1,1,0,1,0,0,1,1,7,3,1,2,59,Highly Suitable
1,1,1,0,0,0,0,1,0,0,1,4,0,0,0,25,Suitable
1,0,0,0,0,0,0,0,1,0,1,5,8,5,0,52,Suitable
0,1,0,0,0,1,1,1,1,0,1,4,0,3,1,85,Highly Suitable
1,1,0,0,0,1,0,0,0,0,0,4,8,1,0,35,Highly Suitable
0,1,0,0,1,1,0,1,1,0,1,8,4,0,1,28,Highly Suitable
0,1,0,1,1,0,1,1,1,0,1,4,7,5,0,68,Highly Suitable
0,0,1,0,1,1,1,0,1,0,1,5,7,5,0,76,Highly Suitable
0,0,0,1,0,1,1,1,1,1,1,7,3,5,2,67,Highly Suitable
0,0,1,0,0,0,1,0,1,0,0,6,2,2,0,53,Suitable
0,0,0,1,1,0,0,1,1,0,0,6,5,0,1,65,Suitable
0,0,0,0,0,1,0,1,1,1,1,4,8,3,1,76,Suitable
0,1,1,0,1,1,1,0,0,1,0,1,2,4,2,100,Highly Suitable
1,1,0,1,0,0,1,1,0,0,0,7,5,0,2,99,Highly Suitable
0,0,1,0,1,0,1,0,0,0,1,4,6,3,0,91,Highly Suitable
1,0,1,0,0,0,0,1,0,1,1,2,6,1,2,81,Suitable
1,1,0,0,1,1,1,1,0,0,1,4,2,5,2,57,Highly Suitable
0,1,1,1,1,0,0,0,1,0,0,4,2,2,0,63,Suitable
0,1,0,1,0,0,0,0,1,0,1,3,5,1,0,34,Needs Improvement
0,1,1,1,1,1,0,1,0,0,0,3,5,5,0,58,Highly Suitable
0,1,0,0,0,1,1,0,1,1,0,0,1,1,1,98,Suitable
1,0,0,0,1,0,1,0,1,1,0,0,7,4,0,88,Suitable
1,0,0,1,1,1,0,1,0,1,0,3,2,2,0,35,Suitable
0,1,0,1,1,0,1,0,1,0,0,2,2,5,0,52,Suitable
0,1,0,1,1,0,1,1,0,1,0,6,6,1,0,96,Highly Suitable
1,0,0,1,0,1,0,1,0,0,1,7,2,3,2,62,Highly Suitable
1,0,0,0,0,1,1,0,1,1,1,2,7,3,2,35,Highly Suitable
1,1,1,0,0,1,1,1,0,0,1,6,3,0,2,65,Highly Suitable
0,1,1,0,0,0,1,1,0,1,1,1,8,5,1,92,Highly Suitable
0,1,1,1,0,1,0,1,0,0,0,5,3,1,0,78,Highly Suitable
0,1,1,1,1,1,1,0,0,1,0,6,6,4,2,98,Highly Suitable
1,0,1,0,0,1,0,1,1,1,0,6,4,0,1,80,Highly Suitable
0,1,1,0,0,0,0,0,0,0,1,4,3,1,2,77,Highly Suitable
0,0,1,1,0,0,1,0,1,1,0,6,2,2,2,96,Highly Suitable
1,0,0,1,1,1,0,0,0,0,1,0,0,2,0,81,Suitable
0,1,1,1,0,1,1,0,1,1,1,1,5,4,0,98,Highly Suitable
0,1,0,0,0,0,0,1,1,1,1,2,2,2,0,59,Needs Improvement
1,1,0,1,1,1,0,1,1,1,0,1,2,1,2,51,Highly Suitable
1,0,1,1,1,0,0,0,0,0,1,8,3,4,0,98,Highly Suitable
1,0,0,1,1,0,0,0,0,0,0,8,7,1,1,77,Highly Suitable
0,1,1,0,1,0,1,1,1,1,1,3,3,4,2,24,Highly Suitable
0,0,0,0,0,1,1,0,0,1,0,8,7,4,0,80,Highly Suitable
1,0,1,0,0,0,0,1,0,0,0,5,0,4,1,74,Suitable
0,1,1,0,1,1,1,1,1,0,0,4,3,0,0,39,Highly Suitable
0,0,0,0,1,1,0,0,1,1,0,4,3,2,1,36,Suitable
1,1,0,1,1,0,1,1,0,0,0,4,2,3,0,80,Highly Suitable
1,0,1,0,1,0,1,1,0,1,0,2,7,2,2,51,Highly Suitable
0,1,0,1,0,0,1,0,1,0,0,0,8,0,1,33,Suitable
1,0,0,1,1,1,0,0,0,1,1,7,6,3,2,68,Highly Suitable
0,1,0,0,1,0,1,0,1,0,1,3,3,5,2,87,Highly Suitable
1,1,1,1,1,1,0,0,0,1,1,0,1,3,0,72,Highly Suitable
1,0,0,0,1,1,1,0,0,0,0,0,4,3,0,79,Suitable
1,0,1,0,0,1,0,0,1,1,1,8,4,5,0,91,Highly Suitable
0,0,0,1,0,1,0,0,0,1,1,6,6,3,1,98,Highly Suitable
1,1,1,1,0,0,1,0,0,1,0,2,7,0,2,56,Highly Suitable
0,1,0,1,0,1,0,0,1,0,0,4,3,5,1,45,Suitable
0,1,1,0,0,0,1,1,0,1,0,7,2,5,1,92,Highly Suitable
1,1,1,0,1,0,1,1,0,0,0,7,3,0,0,83,Highly Suitable
0,1,1,1,0,0,1,0,0,0,1,1,3,5,2,50,Highly Suitable
0,1,1,0,1,1,0,1,0,0,0,8,6,1,1,85,Highly Suitable
0,1,1,1,1,0,1,0,1,1,0,7,0,5,2,96,Highly Suitable
0,1,1,0,1,0,1,0,0,0,1,2,2,4,1,88,Highly Suitable
0,0,0,1,1,0,0,0,1,1,1,0,3,1,2,42,Needs Improvement
1,1,0,0,0,1,1,0,1,0,1,4,7,5,0,87,Highly Suitable
1,1,1,0,1,1,1,1,1,0,0,4,3,3,1,88,Highly Suitable
1,0,0,1,1,1,0,1,0,0,1,6,5,4,2,95,Highly Suitable
0,0,0,0,0,0,0,1,1,0,0,5,2,0,0,43,Not Suitable
1,0,0,0,1,1,1,1,1,0,1,5,0,1,2,90,Highly Suitable
1,0,1,0,0,1,1,1,0,0,1,7,3,5,1,26,Highly Suitable
1,0,0,0,1,1,1,0,1,0,0,4,0,2,0,49,Suitable
1,1,1,1,0,1,1,0,0,0,1,6,3,2,2,36,Highly Suitable
0,1,1,1,1,1,1,0,1,1,0,0,7,1,0,82,Highly Suitable
0,1,0,1,0,1,0,1,0,0,1,0,1,4,2,44,Suitable
0,1,0,1,0,1,1,0,1,1,1,2,7,2,1,65,Highly Suitable
1,1,1,0,0,0,1,1,0,0,1,5,8,4,1,59,Highly Suitable
1,0,1,0,0,1,1,0,1,0,1,6,0,1,1,98,Highly Suitable
0,1,0,1,1,0,0,0,1,0,0,1,8,2,2,60,Suitable
1,1,0,0,0,1,1,0,1,0,0,3,0,2,1,81,Highly Suitable
0,1,0,1,1,1,1,0,0,0,1,6,2,0,1,95,Highly Suitable
1,1,1,0,1,1,0,0,1,1,0,4,2,0,2,67,Highly Suitable
1,1,0,1,0,1,1,1,0,0,1,6,8,0,0,74,Highly Suitable
1,1,1,0,1,1,0,1,0,0,0,6,0,4,2,66,Highly Suitable
0,0,0,0,1,0,0,0,0,1,0,8,0,4,0,96,Suitable
1,1,1,1,0,0,0,0,0,1,0,1,8,5,0,26,Highly Suitable
1,0,1,0,1,1,1,0,0,0,0,7,6,0,0,73,Highly Suitable
0,1,0,0,0,0,1,0,0,0,1,5,3,5,2,62,Highly Suitable
1,1,1,1,1,1,0,1,0,0,1,7,2,0,1,93,Highly Suitable
0,0,0,0,1,0,0,1,0,0,1,5,5,0,0,73,Needs Improvement
0,0,1,1,1,1,0,1,0,1,1,3,1,1,1,78,Highly Suitable
1,1,0,0,0,0,0,0,0,0,0,0,7,2,2,58,Needs Improvement
1,1,1,0,0,1,1,1,0,1,1,7,8,5,2,56,Highly Suitable
1,0,1,1,0,1,0,0,1,0,0,3,5,0,0,47,Highly Suitable
0,0,1,1,0,1,1,0,0,1,0,3,3,2,1,89,Highly Suitable
0,0,1,0,0,0,1,1,1,1,0,0,7,5,1,96,Highly Suitable
0,1,1,0,0,1,1,1,1,0,1,2,6,2,0,24,Suitable
1,0,1,0,0,0,0,1,1,0,1,2,5,5,1,38,Highly Suitable
0,1,1,1,1,1,0,1,0,0,1,7,3,3,1,88,Highly Suitable
1,0,1,0,0,1,0,1,0,0,0,8,0,5,2,30,Suitable
1,1,0,1,0,1,1,1,1,1,0,1,7,3,0,49,Highly Suitable
1,0,1,0,0,1,1,0,0,0,0,2,8,1,0,57,Suitable
1,0,1,1,1,1,1,0,0,0,1,2,2,2,1,21,Highly Suitable
1,1,1,0,1,1,1,1,1,1,0,3,4,0,0,61,Highly Suitable
0,1,0,0,0,0,1,1,0,1,0,3,1,2,0,97,Suitable
0,1,1,0,0,0,1,1,1,1,0,5,6,0,1,88,Highly Suitable
1,0,1,0,0,0,1,1,1,1,0,7,3,0,0,24,Suitable
1,1,1,1,0,1,0,1,1,0,0,5,2,2,0,29,Highly Suitable
1,0,1,1,0,0,0,1,1,1,0,0,7,2,0,48,Suitable
0,0,0,1,0,0,1,1,0,0,1,8,5,4,1,93,Highly Suitable
1,0,1,1,0,1,0,1,1,0,1,8,0,0,2,66,Highly Suitable
0,0,0,0,1,0,0,0,1,0,1,0,0,5,0,21,Not Suitable
1,1,1,1,1,0,0,1,1,0,0,6,5,3,1,20,Highly Suitable
1,0,1,1,1,1,0,1,0,1,1,5,6,4,1,26,Highly Suitable
1,0,0,1,0,0,1,0,1,0,0,7,3,2,2,28,Highly Suitable
0,0,1,1,0,0,1,1,0,1,1,7,0,5,2,27,Suitable
1,1,1,0,0,1,0,1,1,1,0,6,5,5,0,33,Highly Suitable
1,1,1,0,0,0,1,1,1,0,0,5,3,0,2,78,Highly Suitable
1,0,0,1,1,1,1,1,1,0,0,3,3,5,2,62,Highly Suitable
1,1,1,1,1,0,1,0,1,0,1,5,6,2,2,86,Highly Suitable
0,0,1,1,0,0,1,1,0,1,0,4,0,0,2,66,Suitable
1,0,0,1,1,0,1,1,0,1,1,2,3,3,2,52,Suitable
0,1,0,1,1,0,1,1,0,0,0,5,4,3,2,79,Highly Suitable
1,0,0,0,0,1,0,0,0,1,0,0,6,4,0,77,Suitable
0,0,0,0,1,1,1,1,0,1,0,3,1,3,2,81,Highly Suitable
1,0,1,1,0,0,0,1,1,1,1,5,7,3,0,93,Highly Suitable
0,1,0,1,1,0,1,0,1,1,1,2,3,1,1,75,Suitable
1,1,1,1,1,0,0,0,1,1,1,7,0,1,2,77,Highly Suitable
1,0,1,1,1,1,1,0,0,0,1,6,3,5,2,70,Highly Suitable
0,0,1,0,0,1,1,0,1,0,1,1,2,4,2,46,Suitable
1,1,0,0,1,0,1,1,0,0,0,4,2,2,1,73,Highly Suitable
0,0,1,0,0,1,0,0,1,0,0,7,0,0,2,80,Suitable
0,1,0,1,0,1,0,1,0,1,0,5,7,4,1,60,Highly Suitable
0,1,1,1,1,1,1,0,0,0,0,4,8,4,1,75,Highly Suitable
1,1,1,1,0,0,0,0,1,1,1,1,1,3,0,34,Suitable
0,1,1,1,0,0,0,1,0,1,1,0,2,2,1,24,Needs Improvement
0,1,0,1,1,0,1,1,1,0,0,0,3,5,1,51,Highly Suitable
0,0,0,1,1,1,0,0,0,0,1,0,4,4,1,68,Suitable
1,1,1,1,1,1,0,1,0,0,1,4,2,2,1,50,Highly Suitable
1,1,1,0,1,1,1,0,0,0,0,8,5,1,2,51,Highly Suitable
1,1,0,0,0,0,0,0,0,0,1,8,6,2,0,71,Highly Suitable
0,0,0,0,1,0,0,0,0,0,1,5,8,2,1,36,Suitable
0,1,0,0,1,1,1,1,1,1,1,2,7,0,2,63,Highly Suitable
1,0,0,0,0,1,0,0,1,1,1,1,4,0,1,81,Needs Improvement
1,0,1,0,0,1,0,1,1,0,0,7,4,5,0,97,Highly Suitable
0,0,1,1,1,0,1,0,0,1,0,0,6,3,2,94,Highly Suitable
0,1,0,0,1,0,0,0,1,1,0,4,5,0,2,98,Suitable
1,0,1,0,0,1,0,0,0,0,1,8,8,4,1,44,Highly Suitable
0,1,0,0,0,0,1,1,1,1,0,8,3,4,0,100,Highly Suitable
0,0,0,0,1,1,0,0,1,0,1,3,5,0,1,63,Suitable
0,0,0,0,0,1,0,1,1,0,1,2,8,3,0,99,Highly Suitable
1,0,1,0,1,0,0,0,1,0,0,1,6,3,0,26,Suitable
1,1,0,1,0,1,1,1,1,0,1,0,1,2,1,75,Highly Suitable
0,0,1,1,0,1,1,0,0,0,0,6,0,4,1,65,Highly Suitable
1,0,0,1,1,1,1,0,1,0,1,6,8,2,2,30,Highly Suitable
1,1,1,0,1,1,0,0,1,0,0,5,4,2,2,47,Highly Suitable
1,1,0,0,0,0,1,0,0,0,1,6,0,3,2,38,Suitable
0,1,0,0,1,0,1,1,0,0,1,5,5,3,0,20,Suitable
0,0,1,0,1,0,0,1,0,1,1,2,8,2,0,39,Suitable
1,0,0,0,1,1,1,0,1,1,0,4,2,2,1,24,Suitable
1,0,1,1,0,0,0,0,1,0,0,0,0,0,2,83,Suitable
1,0,0,1,1,0,1,0,1,1,1,6,3,1,0,60,Highly Suitable
0,1,1,0,1,1,0,0,0,1,1,4,7,2,1,76,Highly Suitable
0,1,1,0,1,0,0,0,0,1,0,5,8,5,0,78,Highly Suitable
1,1,0,0,1,1,1,1,0,0,0,8,5,0,1,39,Highly Suitable
0,0,0,1,0,1,0,0,1,1,1,4,0,2,2,85,Suitable
1,1,0,1,0,1,1,1,0,1,0,3,2,0,2,54,Highly Suitable
0,1,1,0,0,0,0,0,1,0,1,5,8,4,0,66,Highly Suitable
1,1,0,1,0,0,0,1,1,0,1,7,6,3,2,61,Highly Suitable
1,0,1,1,0,0,0,0,0,1,0,7,8,5,0,47,Highly Suitable
0,1,1,0,0,1,1,0,0,0,0,8,3,5,2,30,Highly Suitable
1,1,1,0,0,0,1,1,1,1,1,8,1,1,2,35,Highly Suitable
0,1,1,0,1,1,0,1,1,0,0,0,5,4,0,69,Highly Suitable
1,0,0,0,1,0,1,0,0,1,0,7,6,3,2,55,Highly Suitable
0,0,1,0,0,1,1,0,0,0,1,5,5,4,2,55,Highly Suitable
1,0,1,1,1,0,1,1,0,1,1,7,8,5,0,80,Highly Suitable
0,1,1,1,0,1,0,0,1,1,1,1,8,0,1,56,Highly Suitable
1,0,0,1,1,1,0,0,1,0,1,1,6,0,1,41,Highly Suitable
0,1,0,0,0,0,1,0,1,0,0,6,5,1,2,57,Suitable
0,1,1,0,0,1,1,1,0,1,0,2,1,4,0,85,Suitable
0,0,0,1,0,1,1,0,0,1,0,6,5,0,0,81,Highly Suitable
0,1,1,1,0,0,1,1,0,0,0,5,0,0,1,28,Needs Improvement
0,1,0,0,1,0,0,0,0,0,1,4,3,1,2,44,Needs Improvement
0,1,0,0,1,0,0,1,1,1,1,2,1,3,2,51,Needs Improvement
0,0,1,1,0,1,1,0,0,1,0,8,3,3,0,33,Highly Suitable
0,0,0,0,0,1,0,0,1,0,1,2,5,3,1,93,Suitable
1,1,1,1,0,1,0,0,1,0,0,6,0,0,0,72,Highly Suitable
1,0,1,1,1,0,1,0,1,0,1,0,8,1,2,76,Highly Suitable
0,1,0,1,0,0,1,1,1,1,1,4,4,2,2,93,Highly Suitable
0,1,0,1,1,1,0,0,0,0,0,3,4,5,1,91,Highly Suitable
0,1,0,0,1,1,1,0,0,0,0,1,6,2,2,53,Suitable
1,1,1,1,0,0,1,0,1,1,0,2,5,3,1,29,Highly Suitable
1,1,0,0,0,1,1,1,1,1,1,6,2,0,1,57,Highly Suitable
0,1,0,1,0,1,1,1,1,1,0,2,7,3,1,68,Highly Suitable
1,0,0,1,1,1,1,1,0,1,0,4,1,1,1,82,Highly Suitable
0,1,0,1,1,1,0,1,0,1,1,6,8,3,2,45,Highly Suitable
0,0,0,1,1,0,0,0,1,1,0,6,6,5,2,25,Highly Suitable
0,1,1,0,0,0,1,1,0,1,0,3,5,3,2,83,Highly Suitable
0,0,0,0,1,0,1,0,0,0,1,7,1,3,0,36,Suitable
0,1,1,0,0,0,1,0,1,0,0,3,6,2,2,24,Suitable
1,0,0,1,0,1,0,1,1,1,0,1,5,0,2,37,Suitable
0,0,0,1,0,0,0,0,1,0,0,1,6,3,2,93,Suitable
1,1,0,1,1,0,1,1,1,0,1,2,6,4,0,42,Highly Suitable
1,1,1,1,1,0,0,1,0,0,0,7,0,3,2,62,Highly Suitable
0,0,0,1,0,1,1,0,1,0,0,5,3,5,0,44,Highly Suitable
1,0,0,1,1,1,1,1,0,1,1,7,4,1,1,26,Highly Suitable
0,0,0,1,1,1,0,1,1,1,1,6,4,4,1,62,Highly Suitable
1,1,1,1,0,1,0,1,1,1,1,1,4,0,0,49,Highly Suitable
1,1,0,0,1,1,0,0,1,1,1,1,4,2,1,48,Highly Suitable
0,1,1,0,1,0,1,1,1,0,0,3,8,4,0,87,Highly Suitable
1,0,1,1,1,0,0,0,0,1,0,2,8,1,0,38,Suitable
0,0,0,1,0,0,1,0,0,1,1,6,1,5,2,51,Suitable
1,1,1,1,1,1,0,0,0,0,0,8,4,0,1,35,Highly Suitable
1,1,0,1,0,0,1,1,0,0,0,0,1,1,1,24,Needs Improvement
1,0,1,0,0,1,1,1,0,0,1,0,5,5,2,56,Highly Suitable
1,1,1,0,0,0,1,1,1,1,0,5,0,2,1,95,Highly Suitable
1,0,1,1,0,1,1,1,0,1,1,6,6,3,0,86,Highly Suitable
0,0,0,1,0,1,1,0,1,0,1,8,8,3,1,74,Highly Suitable
1,1,1,0,0,1,0,0,0,1,0,7,3,1,1,94,Highly Suitable
1,1,0,1,1,0,1,1,0,0,0,3,3,5,0,71,Highly Suitable
1,1,1,1,1,0,1,1,1,0,0,5,2,4,1,89,Highly Suitable
1,1,1,1,1,0,1,0,0,0,0,8,2,4,1,93,Highly Suitable
1,1,1,1,0,0,0,0,1,1,1,8,6,4,0,27,Highly Suitable
1,1,1,0,1,1,0,0,0,0,1,5,1,2,1,45,Highly Suitable
0,0,1,0,1,1,0,1,1,0,0,7,8,3,2,30,Highly Suitable
1,1,0,1,1,0,0,0,1,1,0,3,4,1,1,81,Highly Suitable
0,0,1,0,0,0,0,1,0,0,1,4,5,4,2,64,Suitable
0,0,1,0,0,0,1,0,0,0,1,4,6,4,2,20,Suitable
0,0,0,0,0,0,1,1,0,0,0,7,4,4,0,21,Suitable
0,1,1,0,0,1,0,0,0,1,1,8,1,0,1,24,Highly Suitable
0,0,0,0,1,1,0,1,0,0,1,3,4,1,2,87,Suitable
0,1,0,0,1,1,0,0,1,1,1,6,3,1,1,99,Highly Suitable
0,1,0,1,1,0,1,1,1,0,1,3,1,2,2,60,Highly Suitable
1,0,0,1,1,0,0,0,0,0,0,1,3,5,1,99,Suitable
0,1,1,1,0,0,0,1,1,1,1,7,0,1,0,97,Highly Suitable
1,1,1,1,0,0,1,0,1,1,0,5,0,5,1,25,Highly Suitable
1,1,0,0,0,0,1,1,0,0,0,0,5,5,2,76,Highly Suitable
1,1,1,1,0,1,1,0,1,1,0,6,3,0,2,29,Highly Suitable
1,1,0,0,1,1,0,0,1,0,0,4,2,2,2,33,Suitable
0,0,1,1,1,1,0,0,1,1,1,3,6,2,1,30,Highly Suitable
1,1,1,1,0,1,0,1,1,1,1,7,6,1,1,85,Highly Suitable
1,0,1,1,0,1,0,0,1,1,1,1,1,5,2,24,Highly Suitable
1,0,1,0,1,1,1,0,1,0,0,4,6,0,0,27,Suitable
1,0,1,0,0,0,0,1,1,0,1,0,6,5,0,28,Needs Improvement
0,1,1,0,0,1,1,1,1,0,1,0,1,3,0,77,Highly Suitable
0,1,0,1,0,0,0,1,1,1,0,6,0,4,2,32,Suitable
0,0,1,0,1,0,0,0,1,1,0,1,7,5,0,27,Suitable
1,0,1,1,1,1,0,0,1,1,1,4,2,5,0,76,Highly Suitable
1,1,1,1,1,0,1,0,0,1,1,3,2,0,0,77,Highly Suitable
0,1,1,1,1,0,0,1,0,0,1,6,1,3,2,30,Suitable
1,1,1,1,1,1,1,0,0,1,0,3,5,3,1,90,Highly Suitable
1,1,0,0,0,0,0,1,0,1,1,2,7,3,0,62,Highly Suitable
1,0,1,1,0,1,0,0,0,1,0,1,0,5,1,63,Suitable
1,1,1,1,0,1,1,0,1,1,1,2,2,3,1,86,Highly Suitable
0,0,1,0,0,0,1,0,1,0,1,4,8,1,2,81,Highly Suitable
1,0,0,1,0,0,1,1,1,1,0,7,6,5,2,58,Highly Suitable
1,0,0,0,1,1,1,1,1,0,1,5,5,5,0,90,Highly Suitable
0,0,1,0,1,0,1,1,0,1,1,3,4,4,2,54,Highly Suitable
1,0,1,0,0,1,0,1,0,1,0,6,5,1,1,38,Highly Suitable
0,0,0,0,1,0,1,0,0,1,0,5,0,3,1,75,Suitable
1,0,0,0,1,1,1,0,0,1,0,6,7,5,2,24,Highly Suitable
0,0,1,0,0,0,0,1,0,0,0,7,4,4,1,26,Needs Improvement
0,0,1,0,0,1,0,1,0,1,0,4,6,3,0,50,Suitable
1,1,1,0,1,0,0,1,0,1,1,4,4,1,2,58,Highly Suitable
1,1,0,0,0,1,1,0,0,1,0,6,2,3,1,68,Highly Suitable
0,0,1,0,0,1,0,0,0,1,1,3,1,0,0,26,Not Suitable
0,0,1,0,0,0,0,0,1,0,1,3,7,1,0,65,Suitable
1,1,1,0,0,0,1,0,0,1,1,8,0,5,0,37,Highly Suitable
1,1,0,1,0,1,0,0,0,1,0,1,7,3,0,28,Suitable
1,1,0,0,1,0,0,0,1,0,0,8,8,3,0,63,Highly Suitable
1,0,1,0,1,1,0,0,1,1,0,5,8,4,2,32,Highly Suitable
1,1,0,0,1,1,1,1,0,0,1,0,7,4,0,42,Highly Suitable
1,0,1,1,1,0,1,0,0,1,0,7,1,1,0,76,Highly Suitable
1,1,1,1,1,0,0,0,1,1,0,6,6,5,2,32,Highly Suitable
0,0,1,0,1,1,1,0,0,0,1,8,5,4,1,65,Highly Suitable
0,1,0,0,0,1,1,1,1,1,1,2,5,1,2,73,Highly Suitable
0,0,0,0,1,0,0,0,1,1,1,6,2,5,0,52,Suitable
0,1,1,1,1,1,0,1,1,1,1,8,3,2,2,75,Highly Suitable
1,0,1,0,0,1,1,1,0,1,0,4,6,0,2,61,Highly Suitable
0,1,1,1,0,0,0,0,0,1,1,4,4,4,1,26,Suitable
1,1,1,1,1,0,0,1,0,1,1,5,7,4,2,39,Highly Suitable
1,1,0,0,0,1,1,1,1,1,1,4,2,5,2,73,Highly Suitable
1,0,1,0,0,1,1,1,0,0,1,8,6,4,2,39,Highly Suitable
1,0,1,0,0,1,0,1,1,1,0,8,6,1,2,38,Highly Suitable
0,1,0,1,1,1,1,1,1,0,0,2,3,1,2,55,Highly Suitable
1,1,1,1,0,1,1,0,0,0,0,5,7,3,0,99,Highly Suitable
0,1,0,1,0,1,1,1,0,1,1,8,7,4,2,26,Highly Suitable
1,1,0,0,1,1,0,0,1,0,1,5,0,1,0,32,Suitable
0,0,1,0,1,0,1,1,1,0,0,8,5,3,1,77,Highly Suitable
1,0,0,0,0,1,1,1,1,0,0,6,2,5,1,45,Highly Suitable
1,0,1,0,0,1,1,1,0,0,1,6,8,3,2,54,Highly Suitable
1,1,1,0,1,0,1,0,1,0,1,2,5,2,0,31,Suitable
1,1,0,1,0,0,0,0,0,1,0,6,6,4,0,66,Highly Suitable
0,1,0,1,1,0,0,1,1,0,1,6,8,5,1,20,Highly Suitable
1,1,1,1,0,0,1,1,1,0,1,1,3,0,1,96,Highly Suitable
1,0,0,1,0,0,1,0,0,1,0,8,1,5,2,67,Highly Suitable
0,1,0,0,1,1,0,1,0,1,1,8,2,3,2,98,Highly Suitable
1,0,0,0,0,0,1,1,1,1,0,3,5,1,1,54,Suitable
0,0,0,1,1,1,0,0,1,1,0,2,4,4,1,99,Highly Suitable
0,1,0,1,0,0,0,1,1,1,0,7,5,4,1,28,Highly Suitable
0,1,1,1,1,1,0,0,0,1,1,1,3,4,2,86,Highly Suitable
0,1,0,1,0,0,0,0,1,1,0,5,4,3,2,23,Suitable
1,1,0,0,1,1,0,1,0,1,1,0,4,3,2,29,Suitable
0,0,0,1,0,0,1,0,0,0,1,7,4,1,2,35,Suitable
1,0,0,1,1,1,1,0,1,1,1,3,6,2,0,25,Highly Suitable
1,0,0,1,0,1,1,1,1,0,1,2,8,0,0,56,Highly Suitable
0,0,1,1,1,1,0,1,1,1,1,4,2,5,0,65,Highly Suitable
1,0,1,1,1,1,1,0,1,0,1,5,5,3,1,40,Highly Suitable
0,1,1,1,1,0,0,0,0,0,0,8,3,5,2,56,Highly Suitable
1,1,0,0,1,1,0,0,0,0,0,8,3,3,2,69,Highly Suitable
1,1,0,1,0,1,1,1,1,1,1,3,8,5,2,34,Highly Suitable
1,1,1,1,0,0,0,1,1,1,0,3,5,0,0,50,Highly Suitable
0,0,0,1,1,0,1,1,0,1,1,3,1,1,1,58,Suitable
0,1,0,1,1,1,0,1,1,0,1,5,5,0,2,34,Highly Suitable
1,1,0,0,0,1,0,0,1,1,0,5,7,1,2,95,Highly Suitable
0,0,0,0,1,1,0,1,1,1,0,7,5,0,2,80,Highly Suitable
1,0,0,1,1,1,1,0,1,1,0,0,0,2,1,71,Highly Suitable
0,1,1,1,0,1,0,0,1,0,0,4,6,3,0,38,Suitable
0,1,1,1,1,0,0,0,0,0,0,8,8,1,1,57,Highly Suitable
0,1,1,0,1,1,0,0,0,0,1,8,7,3,1,86,Highly Suitable
1,0,0,1,1,0,1,1,1,1,0,4,7,0,1,68,Highly Suitable
0,1,0,1,1,0,0,0,0,1,1,3,7,2,0,43,Suitable
1,1,0,1,1,1,1,0,0,0,0,6,6,0,2,91,Highly Suitable
1,0,1,1,1,0,0,0,0,0,0,1,7,2,2,48,Suitable
0,0,1,1,0,1,1,0,0,0,0,0,6,2,1,85,Highly Suitable
0,0,1,0,1,1,0,1,1,0,0,6,3,3,0,49,Highly Suitable
0,1,0,1,0,0,0,1,0,1,1,1,6,0,2,57,Suitable
0,1,0,0,1,1,0,1,1,1,1,1,7,4,1,70,Highly Suitable
0,1,1,1,1,1,0,0,0,1,0,0,4,5,0,86,Highly Suitable
0,0,1,0,1,0,0,1,0,1,1,5,3,1,2,44,Highly Suitable
1,0,0,0,0,0,0,1,0,0,0,0,1,3,2,34,Not Suitable
0,0,1,1,1,1,0,0,1,0,1,2,6,3,1,71,Highly Suitable
1,0,0,1,0,0,0,0,0,1,0,5,3,1,0,52,Needs Improvement
0,1,1,0,1,1,1,1,0,0,1,8,8,4,2,93,Highly Suitable
1,0,0,1,0,1,1,1,0,1,0,2,4,3,1,59,Highly Suitable
0,0,0,0,0,1,1,1,1,0,1,7,5,5,1,27,Suitable
0,0,0,0,1,0,0,0,1,1,1,5,1,3,1,38,Needs Improvement
0,1,1,1,1,1,0,0,1,1,0,5,7,3,2,39,Highly Suitable
1,0,1,1,0,1,1,0,0,1,0,6,5,1,1,70,Highly Suitable
0,0,1,0,0,1,0,1,1,0,0,7,6,2,2,55,Highly Suitable
0,1,1,0,0,1,0,0,0,1,1,6,6,2,1,20,Suitable
1,0,0,1,0,0,0,0,1,1,0,8,7,5,0,79,Highly Suitable
0,1,0,1,0,0,1,0,0,1,0,7,1,3,1,98,Highly Suitable
1,0,1,0,0,0,1,0,0,0,1,4,7,1,2,54,Highly Suitable
0,1,0,0,1,1,0,1,0,0,1,7,1,4,2,43,Suitable
0,1,1,0,1,1,0,1,1,0,1,8,6,4,1,21,Highly Suitable
1,0,0,0,0,0,1,0,1,0,1,6,7,4,2,39,Suitable
0,0,0,1,1,1,1,0,0,1,0,5,4,2,0,69,Suitable
1,0,1,0,0,1,1,0,0,1,0,8,8,3,1,90,Highly Suitable
0,0,1,1,1,1,1,0,0,0,1,6,0,2,0,97,Highly Suitable
1,0,0,0,0,0,1,0,0,0,0,7,6,2,1,65,Highly Suitable
0,1,1,1,0,0,1,0,0,1,0,0,7,5,0,52,Highly Suitable
1,1,0,1,0,1,1,1,1,0,0,8,6,3,1,50,Highly Suitable
1,0,0,1,0,1,1,1,1,0,1,7,8,5,0,50,Highly Suitable
1,1,1,1,0,0,0,1,1,1,1,2,1,3,2,39,Highly Suitable
1,1,1,1,0,0,1,0,1,0,1,7,0,3,2,64,Highly Suitable
1,0,0,0,1,0,1,1,0,0,0,0,2,2,2,29,Needs Improvement
1,1,0,0,0,0,0,1,1,1,1,3,5,0,1,84,Highly Suitable
0,0,0,1,1,0,1,0,0,0,0,1,7,3,1,75,Suitable
1,0,1,1,0,0,0,0,0,1,1,6,3,1,1,44,Highly Suitable
0,1,0,1,0,1,1,1,1,0,1,7,4,4,0,30,Highly Suitable
0,0,1,1,0,1,1,1,0,0,1,1,1,1,1,65,Suitable
0,0,1,1,1,1,0,0,1,0,1,0,2,0,0,38,Needs Improvement
0,1,0,0,0,1,0,0,1,0,1,1,8,3,0,51,Suitable
0,0,0,1,0,1,0,0,0,0,1,8,0,2,2,70,Suitable
0,1,0,1,1,1,1,0,1,1,0,8,0,3,0,76,Highly Suitable
0,0,1,0,0,1,1,0,1,1,1,1,2,5,0,45,Needs Improvement
0,1,1,0,1,1,0,1,1,1,1,8,7,1,0,28,Highly Suitable
0,0,1,0,1,1,0,1,1,1,1,8,2,3,2,39,Highly Suitable
0,0,1,1,1,1,1,0,1,1,1,5,8,2,1,96,Highly Suitable
0,1,0,0,1,1,1,0,0,0,1,7,1,5,0,26,Highly Suitable
0,1,0,1,0,0,1,1,1,0,1,2,8,4,1,91,Highly Suitable
0,0,0,1,0,0,0,0,0,1,0,7,5,2,2,69,Suitable
0,1,1,1,0,0,1,0,1,0,1,5,4,2,1,45,Highly Suitable
1,0,0,0,1,1,1,1,1,1,0,1,2,0,0,45,Suitable
0,1,1,0,0,1,0,0,0,1,1,2,5,2,1,39,Suitable
0,1,0,1,0,0,1,1,0,1,0,4,1,0,0,31,Suitable
1,0,0,1,0,1,0,1,1,0,1,0,0,1,1,42,Suitable
0,0,1,1,0,0,0,1,1,0,0,5,6,3,0,85,Highly Suitable
0,1,0,0,0,1,0,0,1,1,1,7,8,0,1,76,Highly Suitable
1,1,0,0,0,1,1,0,0,1,1,0,1,4,2,40,Highly Suitable
0,1,1,1,0,0,0,1,1,1,0,2,3,3,1,97,Highly Suitable
1,0,1,0,0,1,1,0,0,0,0,0,1,1,2,68,Needs Improvement
0,1,1,1,0,0,1,0,0,1,1,5,0,1,2,50,Highly Suitable
0,1,0,1,0,1,0,1,0,1,1,8,3,4,0,100,Highly Suitable
0,1,0,1,1,1,0,1,0,0,1,8,2,5,1,34,Highly Suitable
0,0,0,0,0,0,1,0,0,1,1,4,5,2,0,95,Suitable
0,1,1,0,1,1,0,1,1,1,0,4,7,2,1,96,Highly Suitable
1,0,1,0,0,1,1,0,0,1,0,3,6,1,2,35,Highly Suitable
1,0,0,0,1,0,0,0,1,0,0,8,8,0,2,100,Highly Suitable
1,1,0,0,0,1,0,0,0,0,0,6,0,3,1,23,Suitable
0,1,1,0,1,1,0,0,0,0,1,6,7,3,1,99,Highly Suitable
0,0,1,1,0,0,1,0,0,0,1,5,0,3,1,47,Suitable
1,1,0,1,1,0,1,0,0,0,0,7,2,2,2,25,Highly Suitable
1,1,0,1,0,1,1,0,0,1,1,3,1,4,1,67,Highly Suitable
1,0,1,1,0,1,1,1,1,1,1,5,1,5,1,62,Highly Suitable
1,0,1,0,0,0,0,0,1,0,0,6,1,2,2,91,Highly Suitable
0,0,0,1,0,0,0,1,0,1,0,7,0,4,2,35,Needs Improvement
0,1,0,1,0,1,0,1,1,1,1,4,6,3,2,83,Highly Suitable
1,0,0,0,0,0,0,1,0,0,0,7,3,5,2,52,Highly Suitable
0,0,0,1,0,0,0,0,0,1,1,6,8,4,0,66,Highly Suitable
1,0,0,1,1,1,1,0,0,1,0,6,5,2,2,79,Highly Suitable
1,1,1,0,1,0,0,1,1,0,1,2,0,2,2,90,Highly Suitable
0,0,0,0,0,1,0,0,0,1,1,1,2,2,1,100,Suitable
1,0,1,0,1,0,1,0,0,0,1,1,0,5,2,33,Suitable
0,1,0,1,0,1,0,1,1,0,1,6,1,5,2,42,Highly Suitable
1,1,0,1,0,1,1,1,1,0,1,3,2,1,0,53,Highly Suitable
1,1,1,1,1,0,1,1,0,1,1,3,2,4,1,64,Highly Suitable
0,0,0,1,1,1,0,0,1,1,1,0,2,0,1,30,Needs Improvement
1,0,1,1,0,1,1,1,1,1,0,7,7,2,0,47,Highly Suitable
0,0,1,1,0,1,1,0,0,0,0,8,3,4,0,34,Suitable
1,0,1,0,1,1,1,0,0,0,1,0,8,4,1,100,Highly Suitable
1,1,0,0,1,1,1,1,0,0,0,5,1,2,1,53,Highly Suitable
1,0,1,0,0,1,0,0,0,0,0,1,5,1,0,58,Suitable
0,1,0,0,0,0,0,0,0,1,0,5,7,5,1,80,Highly Suitable
0,0,1,0,0,0,0,0,0,1,1,6,4,1,0,68,Needs Improvement
0,0,0,0,0,1,0,0,1,1,0,5,1,3,0,63,Needs Improvement
0,1,0,1,1,1,0,0,0,0,0,5,5,5,2,82,Highly Suitable
0,1,0,0,1,0,0,1,0,1,1,6,6,5,2,37,Highly Suitable
1,0,0,0,1,0,1,1,1,0,0,1,6,4,1,65,Suitable
1,1,1,0,1,0,1,0,0,0,0,5,7,5,0,37,Highly Suitable
1,0,1,0,1,1,1,1,0,1,1,4,4,4,1,67,Highly Suitable
1,0,0,1,1,0,1,1,1,0,0,8,1,4,0,67,Highly Suitable
0,0,1,1,1,0,0,1,0,1,0,5,7,1,2,43,Highly Suitable
1,1,0,1,0,1,1,0,1,1,1,8,2,1,2,41,Highly Suitable
0,0,1,1,0,1,1,1,0,0,1,6,3,4,2,31,Highly Suitable
0,1,1,0,0,1,1,1,1,1,1,5,7,0,1,53,Highly Suitable
0,0,0,0,0,0,0,0,0,1,0,6,6,3,0,58,Suitable
1,0,1,0,1,0,1,0,0,1,1,3,3,0,2,24,Suitable
0,0,0,0,0,1,0,1,1,0,0,1,5,0,2,49,Needs Improvement
0,0,1,1,1,1,1,0,1,0,0,6,6,2,1,53,Highly Suitable
0,1,1,0,1,1,1,0,1,1,0,4,8,3,1,42,Highly Suitable
1,1,0,1,1,1,0,0,0,1,1,4,0,0,1,87,Highly Suitable
1,1,1,1,0,0,0,0,0,0,1,7,6,0,0,92,Highly Suitable
1,0,1,0,1,1,1,1,1,0,0,7,7,1,0,26,Highly Suitable
0,1,1,0,1,0,0,1,0,1,0,2,4,2,2,37,Suitable
1,0,0,1,0,1,0,1,0,1,0,3,7,4,2,32,Highly Suitable
1,1,0,0,0,1,0,0,0,1,0,1,6,2,2,51,Highly Suitable
0,0,0,0,1,1,0,1,0,1,0,3,0,3,2,62,Suitable
1,0,1,1,1,0,0,0,0,0,0,2,7,0,0,86,Suitable
1,0,0,1,1,0,1,1,1,0,0,3,5,0,1,59,Highly Suitable
1,0,0,1,1,1,0,0,0,0,0,0,0,5,0,67,Needs Improvement
1,1,1,1,1,0,1,0,1,0,1,5,8,5,1,73,Highly Suitable
0,0,0,0,0,1,0,1,1,0,1,8,7,4,0,68,Highly Suitable
1,1,0,0,0,1,1,1,1,1,1,4,0,4,1,94,Highly Suitable
0,1,0,1,1,0,1,0,0,0,1,7,4,3,2,33,Highly Suitable
1,0,0,1,0,1,0,1,1,1,0,6,7,0,2,26,Highly Suitable
1,0,1,0,0,1,0,0,1,1,1,2,2,4,1,64,Highly Suitable
1,0,0,1,1,1,0,1,1,1,0,1,3,1,2,38,Suitable
1,0,1,1,0,1,0,0,0,1,0,4,8,0,2,63,Highly Suitable
1,0,1,1,1,1,0,1,0,0,1,5,4,5,0,90,Highly Suitable
1,1,1,1,0,0,1,0,0,1,1,6,2,1,2,63,Highly Suitable
0,1,0,1,1,0,1,1,0,0,1,5,1,4,0,82,Highly Suitable
0,1,1,1,0,0,0,0,1,0,0,2,6,3,1,95,Highly Suitable
1,1,0,1,1,1,1,1,1,1,0,0,1,2,1,89,Highly Suitable
1,1,1,0,0,1,0,1,1,1,1,7,8,1,2,65,Highly Suitable
0,0,1,0,1,1,0,0,0,0,0,4,1,3,2,84,Highly Suitable
1,0,1,1,0,1,1,0,0,1,0,1,7,1,0,50,Suitable
0,0,1,1,0,0,0,0,0,0,0,4,2,5,1,87,Suitable
1,0,0,0,0,1,1,0,0,0,1,8,6,4,0,26,Highly Suitable
1,1,1,0,1,1,1,0,0,1,1,8,8,1,0,75,Highly Suitable
0,0,1,1,1,0,0,0,1,1,0,2,2,4,1,44,Suitable
0,1,1,1,0,1,1,1,0,0,0,5,0,3,1,88,Highly Suitable
1,1,1,0,1,1,1,0,0,0,1,7,1,3,0,33,Highly Suitable
0,1,1,1,1,0,1,0,0,0,1,7,0,3,2,88,Highly Suitable
0,0,0,0,0,0,1,1,0,1,0,4,8,1,2,52,Suitable
1,1,1,0,0,1,1,1,0,0,1,2,5,5,1,46,Highly Suitable
1,1,0,0,0,0,1,0,0,0,1,5,5,0,1,43,Suitable
1,0,1,0,1,1,1,0,1,0,0,8,4,5,2,83,Highly Suitable
0,1,1,1,0,0,1,1,0,1,0,7,0,2,2,81,Highly Suitable
0,0,0,0,0,1,1,0,1,0,1,1,1,4,1,73,Suitable
0,1,1,0,1,0,1,0,1,0,1,5,8,2,2,36,Highly Suitable
1,0,1,0,1,0,0,1,1,1,0,8,0,2,2,91,Highly Suitable
1,0,1,0,1,1,1,0,0,0,1,6,5,5,2,56,Highly Suitable
0,1,1,1,0,1,1,0,1,1,0,3,3,2,0,55,Highly Suitable
1,0,1,0,1,0,0,1,1,1,1,5,2,4,0,59,Highly Suitable
1,1,1,1,0,0,1,0,0,1,0,0,6,0,2,41,Highly Suitable
1,1,1,0,1,1,0,0,1,0,1,7,4,3,1,98,Highly Suitable
0,1,0,0,1,0,1,0,0,0,0,5,2,1,1,41,Needs Improvement
0,1,1,1,0,1,1,1,0,0,0,3,1,5,2,21,Suitable
1,1,1,1,1,1,1,1,1,0,0,2,5,0,2,20,Highly Suitable
1,0,0,1,1,0,0,0,1,1,1,5,1,1,0,20,Suitable
1,1,1,0,0,1,0,1,0,0,1,6,1,1,0,36,Highly Suitable
0,1,1,1,0,0,0,0,1,1,0,8,7,4,1,77,Highly Suitable
1,1,0,1,0,0,0,1,0,0,0,6,6,4,2,65,Highly Suitable
1,1,1,1,0,0,0,1,1,0,1,2,2,0,2,57,Highly Suitable
1,0,1,1,1,0,1,1,1,1,1,6,8,3,2,82,Highly Suitable
1,1,1,1,1,1,1,0,1,0,1,1,3,1,1,50,Highly Suitable
1,0,1,0,0,1,1,1,1,0,1,1,7,2,1,25,Highly Suitable
1,1,1,0,0,0,1,0,0,1,1,6,1,4,1,30,Suitable
0,1,1,0,0,0,0,0,0,1,0,4,3,3,0,99,Suitable
1,1,0,1,0,1,0,1,1,0,0,1,0,0,0,62,Suitable
1,1,1,1,1,0,1,0,1,1,1,8,6,0,2,30,Highly Suitable
1,1,0,0,0,0,1,1,1,1,0,7,8,5,2,46,Highly Suitable
1,1,1,1,1,0,0,0,1,0,1,0,1,0,0,61,Suitable
1,1,1,0,1,0,0,0,1,0,0,8,4,0,1,40,Highly Suitable
0,0,1,1,0,1,0,1,0,1,0,8,4,4,0,66,Highly Suitable
0,0,0,1,0,1,1,0,0,0,1,7,0,5,0,57,Suitable
0,1,0,1,0,1,1,1,1,1,0,3,4,3,2,78,Highly Suitable
0,1,1,0,0,1,0,0,1,0,0,4,7,3,1,78,Highly Suitable
1,0,0,0,1,1,1,0,1,0,0,7,4,3,1,75,Highly Suitable
0,0,0,0,0,0,1,1,1,1,1,0,0,1,2,85,Needs Improvement
0,0,1,1,1,0,1,1,0,1,1,7,3,3,0,30,Highly Suitable
1,0,1,0,0,1,0,1,0,1,0,0,2,2,0,50,Needs Improvement
0,1,1,0,0,0,0,1,0,0,0,6,2,3,0,100,Suitable
0,1,1,1,0,0,0,1,0,0,1,5,5,1,2,58,Suitable
1,1,0,1,1,0,1,0,0,1,1,0,3,5,1,58,Highly Suitable
0,0,0,0,0,0,1,0,0,0,0,3,5,5,1,22,Needs Improvement
1,1,0,1,1,0,1,0,0,0,0,7,7,0,1,53,Highly Suitable
1,1,0,0,1,0,0,0,0,0,1,3,8,5,2,55,Highly Suitable
1,1,0,0,0,0,1,0,0,0,1,8,2,5,1,22,Highly Suitable
0,1,1,1,1,0,1,0,0,0,0,7,3,1,2,48,Highly Suitable
0,0,0,1,1,0,1,1,0,1,1,3,2,1,2,45,Suitable
0,1,1,0,0,0,1,0,1,1,0,8,5,4,1,95,Highly Suitable
1,0,1,0,1,0,1,1,0,1,0,8,2,0,0,20,Highly Suitable
0,0,1,1,0,0,0,0,1,0,0,8,1,5,2,73,Highly Suitable
0,0,1,0,0,0,0,1,1,0,1,6,3,0,0,79,Suitable
0,1,0,1,0,0,0,0,0,0,0,7,1,2,0,77,Suitable
0,0,0,0,0,0,1,0,1,0,1,7,3,4,1,40,Suitable
0,1,1,1,0,0,1,0,1,1,1,3,3,3,1,42,Suitable
0,1,0,0,1,0,0,1,1,1,1,8,0,4,2,71,Highly Suitable
0,1,1,0,1,1,0,1,0,0,1,2,6,1,2,80,Highly Suitable
1,0,1,1,0,0,0,1,0,0,0,6,2,2,2,25,Suitable
1,0,0,1,0,1,0,1,0,1,0,8,4,1,1,82,Highly Suitable
0,1,0,1,0,0,0,0,1,0,0,7,3,0,2,57,Suitable
1,0,1,0,1,1,0,1,0,1,0,0,8,0,1,71,Highly Suitable
0,1,1,1,0,1,0,0,1,0,0,8,5,2,0,40,Highly Suitable
0,1,1,1,0,0,0,1,1,1,1,4,2,1,2,28,Highly Suitable
0,1,0,0,0,0,0,1,0,1,0,3,7,2,0,45,Suitable
1,1,0,0,1,1,0,1,1,1,0,8,6,2,0,52,Highly Suitable
0,1,0,0,0,0,1,1,1,1,0,5,6,5,1,47,Highly Suitable
0,1,1,0,1,0,0,1,1,0,0,8,3,0,1,55,Suitable
1,0,1,1,0,1,0,0,1,0,1,5,6,2,0,67,Highly Suitable
0,1,0,1,1,1,1,0,0,0,0,1,1,1,1,44,Suitable
1,1,1,0,1,1,1,1,0,0,0,5,8,5,2,82,Highly Suitable
1,0,0,1,0,1,0,0,1,0,0,7,3,0,2,54,Highly Suitable
1,1,1,1,0,0,0,1,1,1,0,7,4,3,0,95,Highly Suitable
0,0,0,1,1,0,0,0,1,0,0,3,5,0,0,82,Suitable
0,1,0,1,1,1,0,0,0,0,1,8,1,1,1,90,Highly Suitable
1,1,0,0,0,1,0,0,1,1,1,0,8,2,0,62,Highly Suitable
1,1,1,1,1,1,0,0,1,0,1,4,7,0,1,54,Highly Suitable
1,1,1,1,0,0,0,0,1,0,0,1,2,2,1,64,Suitable
0,1,1,1,1,0,0,1,0,1,1,4,2,5,0,26,Suitable
0,1,1,1,1,1,1,1,1,1,1,7,2,0,1,98,Highly Suitable
1,0,1,1,0,0,1,1,0,0,0,5,4,5,1,76,Highly Suitable
1,1,0,0,1,1,0,0,0,0,1,8,5,5,0,95,Highly Suitable
0,1,0,0,1,1,0,0,0,0,1,3,7,2,0,30,Suitable
1,0,0,0,1,1,1,1,0,1,0,6,0,5,0,71,Highly Suitable
1,1,0,0,1,0,1,1,1,1,0,5,6,1,2,66,Highly Suitable
1,1,0,1,1,0,0,1,0,1,0,6,4,5,1,21,Highly Suitable
0,0,1,0,1,1,1,0,1,1,0,7,7,3,2,32,Highly Suitable
0,0,0,1,1,1,1,0,1,1,0,8,5,4,2,71,Highly Suitable
1,0,0,0,1,0,1,1,1,1,0,2,7,1,0,64,Highly Suitable
0,0,1,0,1,1,1,0,0,0,0,5,2,5,1,27,Suitable
0,1,0,0,1,1,1,0,0,0,0,1,1,5,2,45,Suitable
0,1,0,1,0,1,0,1,1,0,1,3,8,3,1,24,Highly Suitable
0,1,0,1,1,0,1,1,1,1,0,3,8,3,2,28,Highly Suitable
0,0,0,1,1,1,0,0,0,0,1,1,3,2,0,31,Not Suitable
1,0,0,0,1,0,0,0,1,1,1,8,6,2,1,83,Highly Suitable
0,1,0,1,0,1,1,0,1,0,1,5,7,0,1,30,Highly Suitable
1,0,0,0,0,1,0,1,1,1,1,5,0,5,0,76,Suitable
0,0,1,0,0,1,1,1,1,1,0,8,1,3,1,38,Highly Suitable
0,1,0,0,0,1,1,0,1,1,0,3,0,1,0,33,Needs Improvement
0,0,0,0,0,0,1,1,1,1,0,5,1,4,0,32,Needs Improvement
0,1,1,1,1,1,0,0,1,0,1,6,1,0,2,55,Highly Suitable
1,1,0,1,1,0,0,0,1,0,1,8,6,2,0,65,Highly Suitable
0,1,0,0,0,1,0,0,0,1,0,8,4,2,2,34,Highly Suitable
0,1,1,1,1,0,1,0,1,0,0,0,7,5,2,46,Highly Suitable
0,1,1,0,0,1,1,1,0,1,1,0,6,1,0,49,Suitable
0,0,0,0,0,0,0,0,0,0,1,3,4,5,1,28,Not Suitable
1,1,1,0,1,0,0,0,0,1,0,6,5,1,1,51,Highly Suitable
1,0,0,0,0,0,1,1,0,1,1,8,6,0,0,59,Highly Suitable
1,0,1,1,1,1,1,0,0,1,1,0,7,4,2,29,Highly Suitable
0,0,1,0,0,0,0,1,0,0,1,5,5,5,1,44,Suitable
0,1,0,0,0,1,0,0,0,1,1,8,2,5,0,38,Suitable
0,0,1,1,1,0,0,0,1,1,1,5,3,0,2,95,Highly Suitable
0,0,1,1,0,1,1,1,0,0,1,2,8,5,1,64,Highly Suitable
1,1,0,0,0,0,1,0,0,0,0,3,4,0,0,39,Needs Improvement
1,1,1,1,0,1,0,1,0,0,1,1,2,0,0,100,Highly Suitable
1,1,1,1,1,0,0,0,1,1,0,2,3,5,2,22,Highly Suitable
1,0,0,1,0,1,1,1,0,1,1,6,5,2,2,69,Highly Suitable
1,0,0,1,0,0,0,0,0,1,0,7,4,2,1,73,Suitable
1,1,0,1,1,1,0,0,1,0,1,4,8,2,1,47,Highly Suitable
1,1,0,0,1,0,1,1,0,0,0,7,1,2,2,67,Highly Suitable
0,1,1,1,1,1,0,0,1,1,1,7,4,5,2,26,Highly Suitable
0,0,1,0,0,0,0,1,1,0,1,0,5,5,2,84,Suitable
1,1,1,1,0,0,0,0,1,0,0,4,5,5,1,99,Highly Suitable
1,1,0,1,0,0,1,1,0,1,1,2,4,3,0,67,Highly Suitable
0,0,0,1,1,1,1,1,0,0,0,2,8,0,2,46,Suitable
0,0,0,0,0,1,1,0,1,0,0,3,0,3,0,24,Not Suitable
0,0,0,1,0,1,0,1,1,0,0,8,2,5,0,37,Suitable
1,0,1,0,1,0,0,1,0,1,1,1,8,0,2,69,Highly Suitable
1,0,0,1,0,0,0,1,0,1,0,5,0,1,1,56,Suitable
1,1,0,0,1,0,1,0,0,0,1,2,5,2,1,51,Suitable
1,0,0,1,0,1,1,0,0,0,1,7,8,1,2,37,Highly Suitable
0,0,1,0,1,0,1,1,1,0,0,0,1,3,1,88,Needs Improvement
0,0,1,1,0,1,0,1,1,0,0,4,4,5,2,92,Highly Suitable
0,1,0,1,0,0,0,1,1,0,1,3,1,5,0,84,Highly Suitable
0,1,0,1,1,1,0,0,1,1,0,7,4,4,1,43,Highly Suitable
0,0,0,1,1,0,0,1,0,1,0,6,4,1,2,48,Highly Suitable
1,0,1,1,1,1,0,1,0,0,0,7,2,1,0,87,Highly Suitable
0,1,0,0,0,1,0,0,1,0,1,5,5,2,1,69,Highly Suitable
1,1,1,1,1,0,0,0,1,0,0,5,7,3,0,85,Highly Suitable
1,1,1,0,1,1,0,1,0,1,0,4,1,2,1,92,Highly Suitable
0,0,1,1,0,0,1,1,0,0,1,2,4,0,2,46,Suitable
1,1,0,1,0,0,0,0,1,1,0,8,5,5,2,97,Highly Suitable
1,0,1,0,1,1,0,1,1,0,0,8,0,1,1,86,Highly Suitable
0,0,1,1,0,0,1,1,1,0,1,8,1,3,2,63,Highly Suitable
0,0,0,0,0,0,0,0,0,1,0,5,4,1,2,65,Needs Improvement
0,0,1,0,1,1,1,1,1,0,0,3,3,3,1,91,Highly Suitable
0,0,1,0,1,0,0,0,1,1,0,5,6,0,2,33,Suitable
1,1,0,1,1,0,1,1,1,0,0,4,1,4,1,88,Highly Suitable
0,0,0,0,1,0,1,0,0,1,0,4,8,3,0,23,Needs Improvement
0,0,1,0,1,0,1,1,0,1,1,2,1,5,0,68,Suitable
1,0,1,0,1,1,0,0,0,1,1,6,6,3,1,26,Highly Suitable
1,0,0,0,0,1,0,1,0,0,0,5,4,4,1,64,Suitable
0,1,0,0,0,1,1,0,1,0,0,8,0,1,1,55,Highly Suitable
0,1,1,1,0,0,1,1,1,1,1,3,1,5,1,92,Highly Suitable
1,1,0,1,1,1,0,1,0,0,1,1,6,3,0,74,Highly Suitable
1,1,1,1,0,1,1,1,1,1,1,1,7,5,1,67,Highly Suitable
0,1,1,0,0,0,0,0,1,0,0,3,7,1,2,84,Highly Suitable
1,1,0,0,0,0,1,1,0,0,0,8,3,4,2,53,Highly Suitable
0,1,0,1,1,0,1,0,0,0,1,7,2,0,1,69,Highly Suitable
0,1,0,0,1,0,0,1,0,1,1,3,5,3,1,83,Highly Suitable
0,1,1,1,0,0,1,0,0,0,0,4,0,5,0,37,Needs Improvement
1,1,1,1,0,0,0,1,1,1,0,1,3,3,1,28,Highly Suitable
1,1,1,0,1,0,1,1,0,0,1,6,2,3,1,80,Highly Suitable
0,0,1,1,1,0,0,0,0,0,0,1,8,0,0,95,Suitable
1,0,1,0,0,0,0,0,0,1,1,3,5,0,2,75,Highly Suitable
1,0,0,0,1,1,1,1,0,1,0,8,1,1,2,37,Highly Suitable
0,0,0,1,1,1,0,0,0,1,1,2,6,2,0,79,Suitable
0,1,0,1,1,0,0,0,1,0,0,3,3,4,2,32,Suitable
0,1,0,0,1,0,0,0,1,0,0,2,6,1,1,28,Needs Improvement
0,0,0,0,0,0,0,1,0,0,1,0,2,0,0,62,Not Suitable
1,0,0,0,0,0,1,0,1,0,1,0,0,1,2,43,Needs Improvement
1,1,0,1,0,1,1,1,1,1,1,2,8,0,1,67,Highly Suitable
1,0,0,0,0,0,1,0,0,1,0,6,2,0,0,43,Suitable
0,0,1,0,1,0,0,0,1,1,0,2,5,2,2,36,Needs Improvement
0,0,0,0,1,0,1,0,1,1,0,8,1,4,0,28,Suitable
1,1,1,0,1,1,1,1,1,1,1,4,2,2,1,87,Highly Suitable
1,1,1,1,1,0,0,0,1,1,1,2,8,0,1,95,Highly Suitable
1,0,0,0,0,0,1,0,0,0,1,8,0,0,0,42,Suitable
1,1,0,1,0,1,1,1,0,0,1,1,2,0,2,34,Suitable
0,1,1,1,1,1,1,1,1,1,0,2,6,0,2,31,Highly Suitable
0,0,0,1,1,0,0,1,0,1,1,8,3,4,0,24,Suitable
1,1,1,1,1,1,0,1,1,1,0,5,8,2,2,92,Highly Suitable
0,1,1,1,1,0,1,1,1,1,1,5,6,1,2,40,Highly Suitable
1,1,0,0,0,1,0,1,1,1,1,5,8,3,0,41,Highly Suitable
0,0,1,1,1,1,1,1,0,0,1,0,1,3,1,56,Suitable
0,1,0,0,0,1,1,1,0,1,0,1,4,4,0,51,Needs Improvement
0,1,1,1,1,0,1,1,0,0,1,1,4,1,2,59,Highly Suitable
1,0,0,0,0,1,0,0,1,0,0,3,8,0,1,54,Suitable
0,1,1,1,1,1,1,0,1,0,1,5,8,3,1,44,Highly Suitable
0,1,1,1,1,1,1,1,1,0,0,5,6,2,0,71,Highly Suitable
1,1,0,0,1,0,1,0,1,1,1,7,6,0,1,50,Highly Suitable
0,1,1,1,0,0,1,1,1,0,1,3,7,3,2,80,Highly Suitable
0,0,0,0,1,1,1,1,1,1,0,8,4,3,2,28,Highly Suitable
0,0,1,0,0,1,0,1,0,0,1,1,5,3,0,55,Needs Improvement
1,1,0,0,0,1,0,1,0,0,0,5,0,4,0,40,Suitable
1,1,0,0,1,0,0,0,0,1,0,5,3,1,1,87,Highly Suitable
0,1,0,1,1,1,0,0,0,1,0,7,0,5,0,88,Highly Suitable
1,1,0,0,0,0,1,1,0,1,1,7,1,0,1,97,Highly Suitable
0,0,0,1,1,0,0,0,0,0,1,3,2,2,2,78,Needs Improvement
1,1,0,0,0,1,0,1,0,0,1,6,3,5,2,20,Highly Suitable
0,0,0,1,1,0,0,0,1,1,1,3,4,0,1,66,Suitable
1,0,0,0,0,1,0,0,1,1,0,3,3,5,2,47,Suitable
1,0,1,0,1,1,0,0,1,1,0,3,4,0,2,39,Highly Suitable
0,1,1,1,0,0,1,0,0,1,0,5,7,1,1,46,Highly Suitable
0,1,0,0,0,0,1,1,1,0,0,0,8,3,2,94,Highly Suitable
0,0,1,0,1,0,1,0,0,1,1,2,5,4,2,68,Highly Suitable
0,0,0,1,1,1,0,1,0,1,0,0,0,1,1,49,Needs Improvement
1,1,1,1,1,0,0,1,1,1,1,6,7,4,0,58,Highly Suitable
1,0,0,0,1,0,1,0,1,0,1,7,0,1,2,25,Suitable
1,1,0,0,0,1,1,1,1,0,0,7,5,1,2,22,Highly Suitable
1,1,1,0,0,0,0,0,0,1,0,1,2,0,1,82,Suitable
0,1,1,0,1,0,1,0,0,1,1,3,5,4,1,44,Suitable
0,0,1,0,1,0,0,0,1,1,0,6,3,0,0,39,Suitable
0,0,0,0,0,1,1,1,0,0,0,3,1,3,2,37,Needs Improvement
1,1,1,1,0,1,0,0,0,1,0,5,2,3,0,35,Highly Suitable
0,1,1,1,0,0,1,0,0,1,0,0,2,0,0,98,Suitable
0,1,1,0,1,0,1,0,1,1,1,8,5,3,0,71,Highly Suitable
1,1,0,0,1,0,0,1,1,1,1,1,5,1,0,96,Highly Suitable
0,0,1,0,0,0,1,1,1,0,0,5,0,1,2,32,Suitable
1,1,0,0,1,1,0,1,0,1,1,5,1,2,2,34,Highly Suitable
0,0,1,1,1,0,0,0,0,0,1,7,1,1,2,42,Suitable
1,1,1,0,0,1,0,1,1,0,0,8,1,5,2,22,Highly Suitable
1,0,0,0,0,0,1,1,1,0,1,2,0,0,2,66,Suitable
0,0,0,0,0,1,0,1,0,1,0,2,3,0,0,49,Not Suitable
1,1,0,1,1,1,0,0,1,1,1,0,6,1,0,68,Highly Suitable
0,1,0,0,0,1,1,0,1,0,1,3,1,1,0,44,Needs Improvement
1,1,1,0,0,0,1,0,0,1,1,0,3,1,1,72,Highly Suitable
0,1,1,1,0,1,1,1,0,1,0,7,2,1,1,91,Highly Suitable
0,0,0,0,0,0,0,1,1,1,0,6,1,5,2,99,Suitable
0,1,0,1,1,1,0,0,1,0,0,5,1,3,2,57,Highly Suitable
0,0,1,1,1,0,1,0,1,1,0,2,0,5,2,37,Highly Suitable
0,0,0,0,0,1,1,0,0,0,0,8,8,2,0,54,Suitable
0,0,1,0,1,0,1,1,0,0,1,1,0,4,1,86,Needs Improvement
0,1,0,0,0,1,1,1,0,1,0,1,4,3,1,94,Highly Suitable
0,0,0,0,0,0,1,1,1,1,0,3,6,0,1,38,Needs Improvement
0,0,1,0,0,1,1,1,1,0,1,7,8,0,0,64,Highly Suitable
0,0,0,1,1,0,1,0,0,1,1,4,4,2,2,73,Suitable
0,1,1,0,1,0,0,1,0,0,0,7,8,2,0,89,Highly Suitable
1,0,0,0,0,0,1,1,0,1,1,6,4,5,0,72,Highly Suitable
0,1,1,0,1,0,1,0,0,1,0,3,8,0,1,59,Highly Suitable
1,0,1,0,1,1,1,1,0,0,0,3,3,3,0,57,Highly Suitable
0,1,1,1,0,0,0,0,1,1,1,6,1,2,1,84,Highly Suitable
0,1,1,0,0,0,0,0,1,1,0,3,5,2,1,53,Suitable
1,0,0,0,1,1,1,1,0,0,1,7,7,5,0,76,Highly Suitable
0,0,1,0,1,0,1,0,0,1,1,4,1,1,1,49,Needs Improvement
1,0,0,0,0,1,0,0,1,0,1,2,3,2,0,35,Needs Improvement
0,1,1,0,0,1,0,0,1,0,0,5,8,2,2,61,Highly Suitable
0,0,0,0,1,1,0,0,0,1,0,7,3,2,1,55,Suitable
0,1,0,0,0,0,0,1,1,1,0,4,5,3,1,86,Suitable
1,1,1,0,1,0,0,0,1,0,1,2,2,5,0,83,Highly Suitable
0,0,0,1,0,1,0,0,0,0,1,6,7,2,2,48,Highly Suitable
1,1,1,0,1,0,0,1,1,1,1,4,7,0,2,28,Highly Suitable
0,1,0,1,1,1,1,1,1,0,1,3,4,5,0,29,Highly Suitable
0,0,0,1,0,0,1,0,1,0,1,7,6,3,2,64,Highly Suitable
0,1,1,0,0,1,1,1,1,1,0,3,0,3,2,40,Highly Suitable
1,0,0,1,1,1,0,1,0,0,0,2,1,3,2,85,Highly Suitable
1,0,0,1,1,1,0,0,1,1,0,4,6,3,1,33,Highly Suitable
1,0,1,1,1,1,0,1,0,0,0,3,6,5,1,48,Highly Suitable
0,0,1,1,0,1,1,0,1,0,0,7,6,0,2,20,Highly Suitable
0,1,0,0,0,1,1,1,0,0,0,2,8,4,0,94,Highly Suitable
1,1,1,1,1,1,1,1,1,0,0,1,2,1,1,53,Highly Suitable
1,1,1,0,0,0,0,1,0,0,1,1,5,4,2,50,Suitable
1,0,0,0,1,1,0,0,1,1,0,5,8,1,0,84,Highly Suitable
1,1,0,0,1,0,1,0,1,1,1,3,6,0,2,99,Highly Suitable
0,1,0,1,1,0,0,0,1,0,0,7,1,4,2,90,Highly Suitable
1,0,1,0,0,1,1,1,1,1,0,4,0,5,1,46,Highly Suitable
1,0,0,0,0,0,0,0,1,0,0,3,8,5,0,88,Suitable
1,1,0,1,1,1,0,1,1,1,0,2,4,3,1,44,Highly Suitable
1,0,1,0,0,0,0,1,1,0,0,4,4,1,1,39,Suitable
1,1,1,0,1,1,1,0,1,1,1,6,1,1,2,100,Highly Suitable
1,1,1,0,1,1,1,1,1,1,1,6,6,2,0,67,Highly Suitable
1,0,0,1,0,0,1,1,1,1,1,3,6,0,1,44,Suitable
0,0,1,1,1,0,1,0,1,0,0,5,8,0,1,54,Suitable
0,0,1,1,1,0,0,1,1,1,1,3,4,5,2,100,Highly Suitable
0,0,1,0,0,1,0,1,1,0,1,6,0,1,1,33,Suitable
0,0,1,1,0,1,1,0,0,1,1,7,6,4,1,88,Highly Suitable
0,0,1,0,1,0,0,0,0,1,0,2,1,0,1,32,Not Suitable
1,0,1,0,0,0,1,1,1,1,0,7,8,3,2,64,Highly Suitable
1,0,1,1,0,0,1,1,1,0,1,1,2,1,2,35,Highly Suitable
0,1,1,0,1,1,1,1,1,1,1,7,4,0,2,83,Highly Suitable
1,1,0,0,1,0,1,1,1,0,0,1,0,5,1,45,Suitable
0,0,0,1,1,0,0,0,0,0,1,8,3,4,1,39,Suitable
1,0,1,1,0,1,1,0,1,1,0,4,5,1,2,26,Highly Suitable
0,1,1,1,1,1,1,1,1,0,1,5,0,3,2,79,Highly Suitable
1,0,0,0,0,1,0,0,1,0,0,0,5,2,2,46,Needs Improvement
0,0,1,1,0,1,0,1,0,0,1,5,3,4,0,64,Suitable
0,0,0,1,0,1,1,0,0,1,0,3,2,4,1,47,Needs Improvement
1,0,1,0,1,0,0,0,0,0,1,6,8,3,0,69,Highly Suitable
1,1,0,0,0,1,0,1,1,1,0,8,0,4,0,56,Highly Suitable
0,0,1,1,0,1,0,1,1,1,0,6,7,1,1,25,Highly Suitable
1,0,0,0,0,1,0,0,0,0,1,1,2,0,0,79,Needs Improvement
1,0,1,0,0,0,0,0,1,0,1,4,5,5,1,67,Highly Suitable
1,0,0,0,1,1,0,0,1,1,1,0,0,5,1,40,Needs Improvement
1,0,0,1,1,0,1,0,1,1,0,8,3,4,1,68,Highly Suitable
1,1,1,1,0,1,1,0,0,1,0,0,5,1,2,44,Highly Suitable
1,0,1,1,0,0,1,1,0,1,0,6,2,4,0,23,Highly Suitable
1,0,1,1,1,0,1,0,0,1,0,1,6,3,2,25,Highly Suitable
1,1,0,0,1,0,0,1,1,0,1,5,8,5,0,63,Highly Suitable
0,0,0,1,1,1,0,0,0,1,1,8,6,2,1,73,Highly Suitable
0,1,1,0,1,0,0,0,1,0,0,8,3,1,1,33,Suitable
0,0,0,0,1,0,1,1,1,0,1,4,2,4,0,30,Needs Improvement
0,0,0,1,0,1,0,0,0,0,0,4,6,4,1,68,Suitable
1,0,0,1,1,1,1,0,1,0,0,1,4,1,0,32,Suitable
1,1,0,1,1,0,1,1,0,1,0,6,1,5,0,37,Highly Suitable
0,1,0,1,0,0,1,0,0,1,1,3,7,2,2,72,Highly Suitable
0,1,1,0,0,0,0,1,1,0,1,6,7,5,2,61,Highly Suitable
0,1,0,1,0,1,0,1,0,0,1,7,3,1,0,87,Suitable
1,1,0,1,0,0,1,0,0,1,0,1,1,2,0,47,Needs Improvement
0,1,1,0,0,1,1,1,0,1,0,6,4,0,2,39,Highly Suitable
1,0,1,1,1,0,1,0,0,0,1,3,5,1,1,80,Highly Suitable
0,0,0,1,1,0,1,0,0,0,1,1,2,2,2,38,Needs Improvement
0,0,1,0,1,1,1,1,1,1,1,0,3,2,2,91,Highly Suitable
1,0,0,1,0,0,1,0,1,1,1,0,2,5,2,39,Suitable
1,1,1,0,0,0,0,1,0,0,1,5,3,5,1,50,Highly Suitable
0,0,0,1,1,1,0,1,0,1,1,6,4,5,2,36,Highly Suitable
1,1,0,0,1,1,1,0,0,1,1,8,4,1,0,65,Highly Suitable
0,0,1,1,0,1,0,0,1,0,0,8,4,3,1,22,Suitable
0,1,0,1,0,1,0,1,1,0,1,2,3,1,0,83,Highly Suitable
1,1,0,0,1,1,1,0,1,0,1,7,8,2,1,41,Highly Suitable
1,1,1,1,1,1,1,0,1,1,1,1,8,1,2,77,Highly Suitable
1,0,1,0,0,1,0,0,1,1,1,2,5,3,1,99,Highly Suitable
1,1,0,1,0,1,1,1,0,0,0,2,7,3,1,54,Highly Suitable
1,1,0,1,0,1,1,1,1,1,0,1,8,0,1,79,Highly Suitable
0,1,0,0,1,1,1,0,1,1,1,7,5,2,2,99,Highly Suitable
1,0,0,1,0,1,0,0,0,0,0,5,6,3,0,83,Suitable
0,0,0,0,0,1,0,1,0,1,1,4,0,2,1,77,Suitable
0,0,1,0,1,0,1,1,0,1,0,4,0,5,2,69,Suitable
1,0,1,0,1,1,1,0,1,0,1,2,5,1,1,79,Highly Suitable
0,1,1,0,1,1,0,1,0,1,0,0,6,1,2,80,Highly Suitable
1,0,1,1,0,0,1,1,1,1,0,5,5,1,2,20,Highly Suitable
0,0,0,0,0,0,1,0,0,1,1,7,3,3,1,42,Needs Improvement
1,1,0,0,0,1,1,0,0,0,1,1,8,1,0,97,Highly Suitable
1,0,1,0,1,0,0,0,0,0,1,4,6,2,2,69,Suitable
0,1,0,0,0,1,1,1,1,1,1,1,0,1,0,36,Suitable
1,1,0,0,1,0,1,1,0,0,0,6,0,3,1,40,Suitable
1,0,0,0,1,0,1,1,1,1,1,0,0,1,1,34,Needs Improvement
0,0,0,1,0,1,1,0,1,0,0,5,6,4,1,68,Highly Suitable
0,1,0,0,0,1,1,1,0,1,1,0,3,0,0,56,Needs Improvement
0,0,0,1,0,0,1,1,0,1,1,0,2,4,1,35,Needs Improvement
0,0,1,1,1,1,0,0,1,0,0,1,5,3,2,76,Highly Suitable
1,1,0,1,0,1,0,1,1,1,0,8,0,3,2,63,Highly Suitable
0,1,1,0,0,1,0,1,1,0,1,5,3,0,1,98,Highly Suitable
1,0,0,0,0,0,1,1,0,1,0,0,7,4,2,38,Suitable
0,1,1,0,1,0,1,0,1,1,1,3,4,0,2,33,Highly Suitable
1,1,0,1,1,0,1,1,0,1,1,0,8,5,2,51,Highly Suitable
1,1,0,1,0,0,1,1,1,1,1,5,2,5,1,93,Highly Suitable
0,0,0,0,1,0,0,0,1,0,1,2,5,3,1,40,Needs Improvement
0,1,0,1,0,1,0,0,1,1,1,1,2,4,2,77,Highly Suitable
1,0,1,0,0,1,1,1,1,1,1,6,3,5,2,95,Highly Suitable
0,0,1,1,1,1,0,0,0,1,1,2,4,4,0,33,Highly Suitable
1,0,1,0,1,0,0,0,0,0,0,5,6,5,2,90,Highly Suitable
1,1,1,1,0,0,1,0,0,0,0,0,0,0,1,60,Needs Improvement
0,0,1,0,0,1,0,1,0,1,1,0,6,2,0,46,Suitable
1,1,1,0,1,0,0,1,0,1,1,5,5,3,2,86,Highly Suitable
1,1,0,1,1,0,1,1,0,1,1,1,8,3,0,22,Highly Suitable
1,1,1,1,0,0,1,1,0,1,0,0,1,5,1,61,Highly Suitable
0,1,1,1,0,0,0,1,1,1,0,8,7,3,0,45,Highly Suitable
0,1,0,0,0,1,0,0,0,1,0,2,6,1,1,36,Suitable
1,1,0,1,1,1,0,1,1,0,0,1,5,2,0,43,Highly Suitable
1,0,1,1,0,1,1,0,0,0,1,7,4,1,1,90,Highly Suitable
1,1,1,0,0,0,0,1,1,0,0,0,7,1,0,40,Suitable
0,1,0,1,1,0,1,0,0,0,0,5,6,0,2,28,Highly Suitable
0,0,1,1,0,1,0,0,0,0,0,1,7,5,0,25,Needs Improvement
0,0,0,1,0,1,0,1,0,1,1,0,4,1,2,42,Needs Improvement
0,0,1,0,0,1,0,0,0,0,1,5,7,1,0,75,Suitable
1,1,0,1,1,0,0,1,0,0,1,2,8,2,2,52,Highly Suitable
1,1,1,0,0,1,0,0,0,0,0,8,5,5,1,81,Highly Suitable
1,1,0,0,0,1,0,1,0,0,0,5,8,0,2,61,Highly Suitable
1,1,0,1,0,0,1,0,0,0,1,6,3,2,2,63,Highly Suitable
0,1,0,0,0,0,0,1,1,0,0,8,7,2,1,62,Highly Suitable
0,1,0,1,0,1,1,1,0,1,0,7,8,2,2,88,Highly Suitable
0,1,1,0,0,0,1,1,0,0,1,3,8,4,2,41,Highly Suitable
0,0,0,1,0,0,0,0,0,1,1,3,7,5,0,97,Suitable
1,0,1,0,0,0,0,1,0,0,1,1,6,4,0,50,Needs Improvement
0,0,0,0,1,0,0,0,1,1,0,6,5,4,1,36,Suitable
1,1,0,1,1,0,1,0,0,0,1,8,5,4,1,62,Highly Suitable
0,0,1,1,0,1,0,0,1,0,1,7,0,2,0,28,Needs Improvement
1,0,1,1,0,0,1,1,1,0,1,4,3,0,2,42,Highly Suitable
0,0,0,1,0,1,1,1,1,1,0,4,2,4,1,79,Highly Suitable
1,0,1,1,0,1,0,1,1,1,0,1,4,3,2,41,Suitable
0,0,0,1,0,1,1,0,1,0,0,1,3,0,2,51,Suitable
1,1,0,0,0,1,1,0,1,0,1,3,6,3,0,53,Highly Suitable
0,0,1,0,1,1,0,0,0,1,0,8,4,1,0,73,Suitable
1,0,0,0,0,0,1,1,0,0,1,0,0,1,2,46,Needs Improvement
1,1,1,1,0,1,0,1,1,0,1,1,5,2,1,79,Highly Suitable
0,0,0,1,1,0,1,0,0,0,0,3,0,3,2,79,Suitable
0,1,1,0,1,1,1,1,1,1,1,3,1,5,1,20,Highly Suitable
1,1,1,0,0,1,0,1,1,0,0,5,3,5,2,38,Highly Suitable
1,1,1,1,0,0,1,0,1,0,0,8,0,3,2,48,Highly Suitable
1,0,0,1,0,0,0,0,0,1,0,6,1,4,2,43,Needs Improvement
1,0,0,1,0,1,1,1,0,1,0,6,0,1,2,89,Highly Suitable
1,0,1,0,1,0,0,0,1,0,1,1,8,3,0,79,Suitable
1,1,0,0,0,1,0,1,0,0,0,7,3,4,2,26,Highly Suitable
1,1,0,0,1,1,1,1,1,0,0,0,7,5,2,42,Highly Suitable
0,0,1,0,1,1,0,1,1,1,1,1,6,4,0,22,Suitable
0,1,1,0,1,0,0,1,1,0,0,8,5,1,0,60,Highly Suitable
1,1,1,1,0,1,1,1,1,1,1,7,8,3,1,30,Highly Suitable
0,0,1,1,0,0,1,1,1,1,0,1,1,2,1,95,Suitable
1,0,0,0,1,1,0,0,1,1,1,8,5,1,2,25,Highly Suitable
0,1,1,0,0,1,0,0,0,1,1,7,8,0,0,85,Highly Suitable
0,1,0,0,1,1,1,0,1,0,0,0,7,0,1,99,Highly Suitable
1,0,0,1,0,0,0,1,0,1,1,0,4,0,0,23,Needs Improvement
0,0,1,1,0,0,1,1,0,1,0,6,7,1,2,41,Highly Suitable
1,1,0,0,0,0,1,0,0,0,0,5,7,3,1,34,Highly Suitable
1,1,1,0,1,0,1,1,1,1,1,2,5,3,2,31,Highly Suitable
0,1,1,1,0,1,1,0,0,1,0,0,2,4,0,73,Suitable
1,0,0,1,0,0,1,0,0,0,1,4,8,4,2,82,Highly Suitable
0,1,1,0,1,1,1,1,0,1,0,5,0,1,0,84,Highly Suitable
0,0,1,1,0,1,0,0,1,1,1,4,0,1,2,79,Suitable
0,1,0,0,0,0,1,1,1,1,0,8,8,0,2,64,Highly Suitable
0,1,0,0,1,1,0,1,0,0,0,2,1,5,1,93,Suitable
0,0,0,1,1,0,1,0,1,0,1,2,5,3,2,75,Highly Suitable
1,0,0,1,1,1,1,0,1,0,1,3,3,4,0,65,Highly Suitable
1,0,1,1,1,1,1,0,0,0,0,8,6,0,2,24,Highly Suitable
1,1,0,1,1,1,0,1,1,0,0,0,0,1,0,87,Suitable
0,0,1,1,1,1,1,0,0,0,0,1,6,3,2,89,Highly Suitable
1,0,1,1,0,1,0,1,1,0,0,4,3,2,1,20,Suitable
0,1,1,0,0,0,0,1,0,1,1,7,2,0,2,46,Highly Suitable
1,1,0,0,0,1,1,0,1,0,1,0,4,2,0,42,Suitable
0,0,1,0,0,0,0,0,0,1,1,4,6,5,1,87,Highly Suitable
1,0,0,1,1,1,1,1,1,1,1,2,5,4,2,46,Highly Suitable
1,0,0,0,1,1,0,0,0,0,1,4,8,4,2,40,Highly Suitable
1,1,1,0,1,1,1,0,1,1,1,7,3,1,0,79,Highly Suitable
1,0,0,1,1,0,0,1,1,0,1,3,0,0,1,75,Suitable
0,1,1,1,0,0,0,1,0,0,1,8,5,4,1,43,Highly Suitable
1,1,1,1,1,0,1,0,0,0,0,3,0,1,0,57,Suitable
0,0,0,1,1,1,0,1,0,1,1,5,4,2,0,25,Suitable
0,0,0,0,0,0,0,1,1,1,1,7,0,0,1,41,Needs Improvement
0,0,1,1,0,1,1,0,1,0,0,0,2,4,2,90,Highly Suitable
0,0,1,0,0,1,0,0,1,1,0,2,3,4,1,92,Suitable
0,0,0,0,1,0,1,1,0,1,0,4,0,5,2,82,Highly Suitable
1,1,1,0,0,1,1,0,0,0,0,4,3,1,1,22,Highly Suitable
1,1,1,0,0,0,0,1,0,0,0,2,4,5,1,42,Suitable
1,1,0,0,1,0,1,1,0,0,0,7,7,2,1,45,Highly Suitable
0,0,1,0,0,0,1,1,1,0,0,0,3,3,2,44,Needs Improvement
0,0,1,0,1,1,0,0,1,1,0,4,6,4,2,81,Highly Suitable
0,0,1,0,0,1,0,1,1,0,0,3,2,4,0,66,Suitable
1,1,0,1,1,0,1,0,1,1,1,4,6,5,2,35,Highly Suitable
1,0,1,1,1,1,1,1,0,1,0,3,3,3,0,84,Highly Suitable
1,1,1,1,0,1,1,0,0,1,0,1,0,0,1,97,Highly Suitable
1,1,0,0,0,0,0,1,0,1,0,6,2,2,0,22,Needs Improvement
1,0,0,0,1,0,1,1,1,0,1,7,2,3,1,51,Highly Suitable
1,0,1,0,1,1,1,0,1,1,0,5,8,3,2,23,Highly Suitable
1,0,1,1,0,1,1,1,0,0,1,0,1,0,2,51,Highly Suitable
1,0,0,0,1,0,1,1,1,1,1,7,8,4,1,44,Highly Suitable
0,0,1,1,1,1,1,1,1,1,1,0,4,4,2,71,Highly Suitable
1,0,1,0,0,0,0,0,1,1,1,3,0,4,1,22,Needs Improvement
1,1,0,0,1,1,0,1,0,1,1,0,8,4,1,43,Suitable
0,1,1,0,0,0,1,0,1,1,1,0,2,3,0,36,Suitable
1,0,1,0,1,1,0,1,0,0,1,7,8,3,2,100,Highly Suitable
0,1,0,0,0,0,1,0,0,1,1,0,5,4,0,61,Needs Improvement
1,0,0,1,1,1,0,0,0,1,1,6,0,3,0,71,Highly Suitable
0,0,0,1,1,0,1,1,0,1,1,3,4,4,1,45,Suitable
1,0,0,1,1,1,1,1,0,1,1,4,8,5,0,59,Highly Suitable
1,1,0,1,1,0,0,0,0,1,0,1,8,5,1,50,Highly Suitable
1,1,1,0,0,0,1,0,1,1,1,0,2,3,0,36,Suitable
1,0,1,1,0,0,1,0,1,1,0,5,8,1,2,89,Highly Suitable
0,1,0,0,0,1,1,1,0,0,0,2,8,5,2,92,Highly Suitable
1,0,0,0,1,1,1,1,0,1,1,4,0,2,1,100,Highly Suitable
0,0,1,1,1,1,1,0,1,0,1,0,4,0,0,37,Suitable
1,1,0,0,0,0,1,1,0,0,0,0,0,0,1,33,Needs Improvement
1,1,1,1,1,1,0,0,1,0,0,3,8,1,0,100,Highly Suitable
0,0,1,0,1,1,0,0,1,0,1,1,7,3,0,91,Highly Suitable
0,0,0,0,0,1,0,1,0,1,1,6,1,1,1,99,Suitable
1,0,0,0,0,1,0,0,1,1,0,2,4,2,2,39,Suitable
1,0,0,1,1,1,0,1,1,1,1,3,5,5,0,72,Highly Suitable
1,1,0,1,1,0,1,1,1,0,1,5,5,1,2,87,Highly Suitable
0,0,1,0,0,1,1,0,0,1,0,1,8,2,0,61,Suitable
0,1,0,1,0,0,1,1,1,1,0,4,2,4,0,51,Suitable
1,0,0,1,0,1,0,0,0,1,0,4,2,0,0,96,Suitable
1,0,0,0,0,1,1,1,0,1,0,1,4,4,0,50,Suitable
1,0,1,0,0,1,0,0,1,1,0,6,0,5,0,29,Suitable
0,0,0,0,0,0,0,0,0,1,0,4,7,5,2,94,Suitable
1,1,1,1,1,0,1,1,1,0,0,6,0,5,2,53,Highly Suitable
1,1,0,0,1,0,0,1,0,0,0,0,3,4,0,60,Suitable
0,0,0,0,0,0,0,1,0,0,0,0,7,4,2,96,Needs Improvement
0,1,0,1,0,0,0,1,1,0,0,4,6,5,2,40,Suitable
0,0,1,1,0,0,1,0,0,0,1,4,7,5,2,64,Highly Suitable
0,0,1,1,0,1,0,1,1,0,0,7,5,0,1,58,Highly Suitable
1,1,1,0,1,1,1,1,0,1,0,0,8,3,2,39,Highly Suitable
0,1,1,1,0,1,1,0,1,0,1,2,5,3,0,62,Highly Suitable
1,0,0,0,0,1,1,1,0,1,1,5,1,3,0,79,Suitable
0,0,0,1,1,0,0,1,1,1,1,7,6,5,1,57,Highly Suitable
1,1,0,1,0,0,0,0,0,0,1,6,2,0,0,55,Suitable
0,0,0,1,1,0,1,1,1,1,1,6,0,0,1,51,Suitable
0,0,1,1,1,1,1,1,0,1,0,0,6,2,1,35,Suitable
0,1,1,1,0,0,1,1,0,1,0,6,6,0,2,81,Highly Suitable
0,1,0,1,0,0,0,0,0,0,0,6,4,2,0,97,Highly Suitable
0,1,0,0,1,1,0,0,0,1,1,2,3,4,1,24,Needs Improvement
0,1,1,1,0,0,0,1,0,1,1,5,8,3,0,79,Highly Suitable
0,1,0,0,1,1,1,1,1,0,1,5,4,2,1,62,Highly Suitable
1,1,1,1,1,1,0,1,0,1,0,4,0,2,1,89,Highly Suitable
0,0,0,1,1,1,0,0,0,0,0,3,1,5,2,81,Suitable
0,1,0,0,1,0,0,0,0,1,1,4,8,5,0,88,Suitable
0,0,1,1,1,1,1,1,0,1,0,4,7,2,0,70,Highly Suitable
1,0,0,0,0,0,1,0,1,1,1,8,1,1,1,96,Highly Suitable
1,0,0,1,1,1,0,1,0,0,0,2,7,3,2,76,Highly Suitable
1,0,1,0,1,0,1,0,1,1,0,4,7,1,2,62,Highly Suitable
1,0,1,1,0,1,1,0,0,1,1,0,5,3,1,46,Highly Suitable
1,1,0,0,1,0,1,1,1,1,0,2,3,4,1,51,Suitable
0,1,0,0,1,1,1,1,0,0,1,0,4,5,0,24,Suitable
0,1,0,1,0,1,1,0,1,0,0,0,7,3,1,51,Suitable
0,0,1,0,0,1,1,1,0,1,1,6,1,3,0,42,Suitable
1,0,0,0,0,1,1,1,1,1,0,6,0,0,0,42,Suitable
0,0,0,0,0,1,1,1,0,1,0,3,1,5,0,48,Suitable
0,0,0,1,1,1,0,0,0,1,0,2,7,0,0,97,Suitable
1,1,0,1,0,0,1,1,1,0,1,8,8,1,0,100,Highly Suitable
0,0,1,0,1,1,0,1,1,0,0,2,8,2,2,51,Highly Suitable
1,1,1,1,1,0,1,0,1,0,0,1,6,4,1,92,Highly Suitable
1,1,1,1,1,0,1,1,0,0,1,2,7,1,0,81,Highly Suitable
1,0,1,0,0,1,0,1,0,1,1,1,3,2,2,77,Highly Suitable
0,1,1,0,0,1,0,1,1,0,0,6,5,0,2,64,Highly Suitable
1,1,0,0,1,0,0,1,0,0,1,1,4,5,2,90,Highly Suitable
0,0,0,1,1,0,0,0,0,0,1,4,5,5,0,35,Suitable
1,1,1,0,0,1,1,1,1,1,1,3,3,1,2,37,Highly Suitable
0,1,0,1,1,1,0,0,1,1,1,7,5,0,2,42,Highly Suitable
0,1,0,0,0,0,1,0,0,1,0,2,6,2,1,59,Suitable
0,1,1,1,1,0,1,0,0,1,0,2,1,3,2,81,Highly Suitable
0,1,1,1,1,1,1,1,1,0,0,4,5,0,2,52,Highly Suitable
1,0,0,1,1,1,1,1,0,0,1,5,2,5,0,83,Highly Suitable
0,1,0,0,1,1,0,0,0,0,0,3,4,0,0,29,Needs Improvement
0,0,0,0,1,1,1,0,0,1,1,7,7,5,0,67,Highly Suitable
1,1,0,1,1,0,1,1,1,1,1,5,2,2,2,29,Highly Suitable
0,1,0,0,0,0,0,1,0,1,0,3,6,5,0,28,Needs Improvement
1,1,0,1,1,1,0,0,1,0,1,0,5,0,2,94,Highly Suitable
1,1,0,0,1,1,0,1,0,1,1,0,3,3,1,49,Suitable
0,0,0,1,1,0,1,1,0,0,0,5,8,0,1,25,Suitable
0,1,0,0,1,1,1,1,1,0,0,1,7,2,1,42,Highly Suitable
0,1,0,0,1,0,1,0,1,0,1,5,0,3,1,62,Highly Suitable
0,0,1,1,1,0,1,1,1,0,1,8,5,0,2,57,Highly Suitable
0,1,0,1,1,0,1,1,1,1,0,5,8,4,1,91,Highly Suitable
1,0,1,0,1,1,0,1,1,1,1,8,4,3,2,62,Highly Suitable
0,1,1,1,1,0,1,0,1,0,0,6,7,3,1,55,Highly Suitable
1,0,0,1,1,0,0,1,1,1,1,5,3,4,2,76,Highly Suitable
1,1,0,0,0,0,1,0,0,1,0,6,5,3,2,99,Highly Suitable
0,1,0,1,1,0,1,1,1,1,0,0,7,4,0,67,Highly Suitable
0,0,1,1,0,0,1,0,0,1,1,2,1,2,1,77,Suitable
0,0,1,1,1,0,1,0,1,0,1,4,6,2,0,68,Highly Suitable
0,1,0,1,1,1,1,0,1,0,1,8,3,3,0,98,Highly Suitable
0,1,1,1,0,0,1,1,0,1,1,1,6,4,0,21,Highly Suitable
0,1,0,1,1,0,0,0,1,0,1,1,8,3,0,30,Needs Improvement
1,1,1,1,1,0,1,0,0,0,1,8,0,2,0,30,Highly Suitable
0,0,1,1,1,0,0,1,1,0,0,8,4,1,1,73,Highly Suitable
0,0,0,0,1,0,0,1,0,0,1,4,6,5,2,51,Suitable
0,0,1,1,1,0,1,0,0,1,1,6,3,5,0,47,Suitable
1,0,0,1,1,1,0,0,1,1,1,1,2,2,1,96,Highly Suitable
0,1,1,1,0,1,1,0,1,1,1,6,2,3,2,71,Highly Suitable
0,1,1,0,0,1,1,1,0,0,0,0,2,1,2,93,Highly Suitable
1,1,0,0,1,1,0,0,0,0,1,3,5,1,1,69,Suitable
0,1,1,0,0,1,1,0,0,1,1,4,2,5,0,88,Highly Suitable
0,1,0,0,0,0,0,0,0,0,0,5,4,3,1,55,Needs Improvement
1,0,0,1,0,0,0,1,1,1,1,5,6,4,1,42,Suitable
1,1,0,1,1,0,1,0,0,1,0,0,3,4,0,30,Suitable
0,1,0,0,0,0,1,0,1,0,0,7,6,5,1,80,Highly Suitable
0,0,1,1,1,0,1,0,1,1,1,3,0,0,0,41,Suitable
1,1,1,1,1,0,1,1,0,1,1,4,5,5,2,30,Highly Suitable
0,1,0,1,0,1,1,1,1,1,0,6,5,0,1,86,Highly Suitable
0,0,0,1,0,0,1,1,1,0,1,2,8,1,1,70,Highly Suitable
1,0,0,0,0,1,0,0,1,1,0,6,2,4,1,71,Highly Suitable
1,1,0,1,1,0,0,1,0,1,0,2,3,2,1,69,Highly Suitable
0,0,0,0,0,1,1,0,0,0,1,1,5,5,1,21,Needs Improvement
1,1,0,0,1,0,0,1,0,0,0,4,7,4,1,31,Highly Suitable
1,0,0,1,0,1,1,1,0,1,0,4,2,3,2,71,Highly Suitable
1,1,0,0,0,1,0,1,0,1,0,8,4,1,2,48,Highly Suitable
1,0,1,1,0,1,1,1,1,1,0,0,3,2,1,95,Highly Suitable
1,0,1,1,1,1,1,0,0,1,0,7,8,4,2,99,Highly Suitable
0,1,1,1,1,0,0,1,0,1,0,4,1,0,0,40,Needs Improvement
1,1,0,1,1,1,0,1,1,1,0,7,0,4,2,35,Highly Suitable
1,1,1,0,0,1,1,0,0,0,1,0,3,5,1,36,Suitable
0,1,1,0,0,1,0,1,1,1,0,7,3,3,2,93,Highly Suitable
1,1,0,0,1,0,1,1,0,0,1,0,2,1,2,94,Highly Suitable
0,0,1,1,0,0,1,1,0,0,0,2,7,4,2,47,Suitable
1,1,1,0,0,0,1,0,0,1,0,8,5,1,2,84,Highly Suitable
0,1,1,0,0,0,0,1,0,0,0,8,8,4,2,22,Highly Suitable
1,1,1,1,0,1,1,0,1,1,1,1,3,3,1,59,Highly Suitable
0,1,1,1,0,0,0,1,0,1,0,4,7,5,0,68,Highly Suitable
0,1,1,0,1,0,1,1,0,1,0,4,7,3,2,60,Highly Suitable
0,0,0,0,0,1,0,1,0,1,0,5,1,4,1,58,Needs Improvement
0,0,0,0,1,0,1,0,0,1,1,5,0,2,0,56,Needs Improvement
0,1,1,1,0,1,0,1,1,0,0,0,3,1,2,87,Highly Suitable
0,1,0,1,0,0,0,1,0,0,0,3,8,5,0,77,Highly Suitable
1,0,1,0,1,1,1,1,0,1,0,6,1,0,1,78,Highly Suitable
1,1,1,0,1,1,1,1,0,1,1,4,8,4,2,92,Highly Suitable
0,1,1,0,1,1,0,0,1,1,1,5,7,5,1,69,Highly Suitable
1,1,1,0,1,0,1,0,1,0,0,7,0,0,0,100,Highly Suitable
1,0,0,0,0,1,0,1,1,0,1,1,1,0,1,37,Needs Improvement
1,0,0,1,0,0,0,0,0,1,0,1,5,5,1,76,Suitable
0,1,1,1,0,0,0,0,0,0,0,0,7,2,2,76,Highly Suitable
1,1,1,0,0,0,0,1,0,0,0,6,3,4,1,71,Highly Suitable
0,1,0,0,0,1,1,0,0,1,1,3,4,3,0,44,Suitable
0,0,0,0,0,0,1,0,1,1,1,7,7,1,1,92,Suitable
0,0,0,0,1,0,0,0,0,1,1,0,1,0,1,20,Not Suitable
0,1,0,0,0,1,0,0,0,0,0,4,4,5,2,49,Suitable
1,0,0,0,0,0,1,1,1,0,1,3,2,3,0,66,Suitable
1,1,0,1,0,1,1,0,0,1,1,3,3,2,1,44,Highly Suitable
1,0,1,1,0,0,1,0,1,0,1,1,4,3,2,79,Highly Suitable
0,1,0,0,1,1,0,1,0,1,1,4,1,1,2,49,Suitable
1,0,0,0,1,0,1,0,0,1,1,5,0,3,2,89,Highly Suitable
1,0,0,0,0,0,0,0,1,0,1,4,6,1,2,81,Suitable
1,0,1,0,1,0,0,0,0,1,0,4,5,4,1,97,Highly Suitable
1,0,1,1,1,1,0,1,0,1,1,1,4,4,0,83,Highly Suitable
1,1,1,0,1,0,0,0,0,1,1,3,7,1,0,100,Highly Suitable
0,0,1,1,1,0,1,0,0,0,1,3,1,4,2,90,Suitable
1,1,1,0,0,1,0,0,0,0,0,3,4,5,2,21,Suitable
1,1,0,0,0,0,0,0,1,1,0,1,2,0,0,40,Needs Improvement
0,0,1,0,1,1,1,1,0,0,1,1,8,1,1,28,Suitable
0,0,0,0,0,1,0,1,0,1,1,4,7,2,2,78,Suitable
1,1,0,0,1,0,0,0,0,0,1,2,3,2,2,23,Needs Improvement
0,0,1,1,0,1,1,1,0,0,1,3,7,5,1,65,Highly Suitable
0,1,1,0,1,1,0,1,1,1,0,6,2,2,1,96,Highly Suitable
1,0,0,1,1,1,1,1,1,1,0,1,8,0,2,85,Highly Suitable
1,0,1,0,1,0,1,1,0,0,1,0,8,0,2,100,Highly Suitable
1,1,1,1,0,0,0,1,1,0,0,1,3,4,0,61,Suitable
0,0,1,1,0,1,0,0,0,0,0,4,0,4,2,73,Highly Suitable
1,1,1,1,1,1,1,0,0,0,0,7,3,3,0,41,Highly Suitable
1,0,1,1,1,1,1,1,1,1,1,8,7,1,0,38,Highly Suitable
1,1,1,1,1,1,1,0,0,0,0,3,1,1,2,25,Highly Suitable
1,0,1,0,1,0,0,0,1,1,1,4,6,0,1,35,Suitable
1,1,0,1,1,1,1,0,0,1,1,3,7,2,2,28,Highly Suitable
1,1,0,0,0,1,0,0,0,0,0,3,3,1,1,54,Needs Improvement
0,0,0,0,0,1,0,1,0,1,1,2,2,3,1,90,Suitable
0,0,1,0,0,0,0,0,0,0,1,5,5,1,2,32,Suitable
0,1,1,1,1,0,0,0,1,0,0,2,2,3,0,74,Suitable
0,1,1,1,0,1,1,1,0,0,0,7,8,3,0,80,Highly Suitable
0,0,0,1,0,0,0,0,0,1,1,5,2,4,2,32,Needs Improvement
0,1,0,1,1,1,0,1,0,1,1,8,6,4,0,98,Highly Suitable
1,0,0,0,0,0,0,1,1,1,1,1,0,2,1,63,Needs Improvement
1,0,0,0,0,0,1,1,0,1,0,0,4,4,0,66,Suitable
1,1,1,0,0,0,0,0,0,1,0,7,6,1,2,39,Highly Suitable
0,0,1,1,0,0,1,1,1,1,0,2,3,3,2,21,Highly Suitable
1,0,1,1,1,1,1,1,0,0,1,3,1,4,2,34,Highly Suitable
1,1,1,1,0,1,1,0,0,0,1,0,2,0,2,45,Suitable
0,1,1,0,0,1,0,1,0,0,0,0,2,3,1,91,Suitable
0,0,1,0,1,0,0,1,0,0,0,1,4,0,2,38,Not Suitable
0,1,1,0,0,0,1,0,1,0,0,1,6,5,2,63,Suitable
0,0,0,0,0,1,1,1,0,1,1,8,3,4,2,72,Highly Suitable
1,0,0,0,1,1,1,1,1,1,1,8,4,1,2,86,Highly Suitable
0,1,0,0,0,0,1,1,1,1,1,0,8,2,1,23,Suitable
1,0,0,0,0,0,0,0,0,0,1,8,5,5,2,62,Suitable
1,1,0,0,1,1,1,0,0,0,0,7,6,1,2,92,Highly Suitable
1,0,1,1,0,0,1,0,0,0,0,3,1,4,0,51,Suitable
0,0,0,0,1,0,1,0,1,1,0,5,5,2,2,87,Highly Suitable
1,0,0,1,0,0,0,0,1,0,0,3,4,1,2,41,Needs Improvement
0,1,0,1,1,1,0,1,1,0,1,7,3,1,1,40,Highly Suitable
0,0,0,0,1,0,1,1,0,1,1,7,2,3,2,26,Suitable
0,1,0,1,0,1,0,0,0,0,0,7,2,2,2,90,Highly Suitable
1,0,1,1,1,1,0,1,1,1,1,3,1,2,1,37,Highly Suitable
1,0,0,1,0,1,0,0,1,1,0,3,7,1,0,59,Highly Suitable
0,0,1,0,1,1,1,1,0,0,0,1,0,5,2,92,Highly Suitable
1,0,1,0,1,0,1,0,0,0,1,3,3,0,2,85,Highly Suitable
1,0,0,0,0,0,0,1,1,1,1,4,4,5,0,36,Suitable
0,1,1,0,0,1,1,0,1,0,0,3,1,2,1,48,Suitable
1,0,1,0,0,1,0,0,1,1,1,7,1,4,1,65,Highly Suitable
0,1,1,0,1,0,1,1,0,0,1,8,6,2,1,60,Highly Suitable
1,0,1,1,0,1,0,1,0,1,0,1,0,2,0,91,Suitable
0,1,1,1,1,1,1,0,1,0,1,5,1,1,0,82,Highly Suitable
1,1,0,0,0,0,0,1,0,0,1,4,0,5,1,25,Suitable
1,1,0,1,1,1,0,0,0,0,1,8,2,1,0,52,Highly Suitable
0,0,1,0,0,1,1,0,0,1,1,8,1,2,2,46,Suitable
0,0,0,1,0,0,1,1,0,1,0,4,5,1,2,50,Suitable
1,0,1,0,0,1,0,0,0,0,0,7,1,5,0,69,Suitable
1,0,0,1,0,1,0,1,0,0,0,0,1,0,2,50,Needs Improvement
1,1,0,1,0,1,0,0,0,1,1,5,1,0,1,99,Highly Suitable
0,0,0,1,0,0,0,0,1,1,1,5,8,0,2,89,Suitable
0,0,0,0,0,0,1,1,1,1,0,2,6,1,1,50,Suitable
1,1,0,0,1,1,1,1,1,0,1,7,4,5,1,56,Highly Suitable
1,0,0,0,1,1,1,0,0,1,1,5,0,1,0,86,Highly Suitable
1,0,0,0,1,1,1,1,1,0,0,8,6,5,1,62,Highly Suitable
1,1,1,1,0,1,0,0,0,0,1,0,5,3,0,46,Suitable
1,1,0,1,0,0,0,0,1,0,0,7,7,5,1,45,Highly Suitable
1,1,0,0,1,0,1,0,0,1,0,4,0,2,1,52,Highly Suitable
0,1,1,0,0,1,0,0,0,1,0,6,3,4,0,85,Highly Suitable
0,1,0,0,1,0,1,1,0,1,0,0,6,5,2,70,Suitable
1,1,0,0,1,1,1,1,0,1,0,2,3,3,0,37,Highly Suitable
1,1,1,0,0,0,0,1,1,0,0,7,4,5,2,26,Highly Suitable
1,1,0,1,0,1,0,1,1,1,0,5,0,5,0,44,Highly Suitable
1,0,1,1,1,0,1,0,0,0,0,5,1,0,1,81,Highly Suitable
0,1,1,1,1,1,1,1,0,0,0,6,8,5,0,48,Highly Suitable
0,0,0,0,1,1,0,0,0,0,0,4,7,0,2,93,Suitable
1,1,0,0,0,1,1,1,1,1,1,8,0,2,1,48,Highly Suitable
1,0,0,0,0,0,1,0,0,1,1,1,4,1,0,41,Not Suitable
0,1,0,1,0,1,1,1,0,0,0,2,4,2,2,73,Highly Suitable
1,1,0,1,0,1,1,1,1,0,0,4,5,2,2,74,Highly Suitable
1,1,0,1,1,0,0,1,1,0,0,1,2,5,1,21,Suitable
1,0,0,1,0,1,1,1,0,0,1,7,4,4,0,54,Highly Suitable
0,1,0,1,0,0,1,0,0,0,1,8,0,3,0,89,Highly Suitable
0,1,1,1,1,0,1,1,0,0,1,7,3,3,1,91,Highly Suitable
1,0,1,1,0,1,0,0,0,0,1,4,2,3,2,80,Highly Suitable
1,1,0,1,0,1,1,1,0,1,1,4,1,1,1,54,Highly Suitable
0,0,1,1,0,0,0,0,1,1,0,1,8,1,0,68,Needs Improvement
1,0,0,0,0,1,0,0,1,1,1,8,1,3,0,40,Suitable
0,1,1,0,1,0,0,1,1,0,1,0,1,2,0,67,Suitable
1,1,1,0,1,1,1,1,0,0,0,4,3,5,2,49,Highly Suitable
0,0,1,0,1,1,1,1,0,1,1,8,5,3,0,63,Highly Suitable
0,0,0,1,1,1,0,0,0,0,1,3,7,3,1,21,Suitable
1,0,1,0,1,0,1,0,0,1,0,5,3,5,0,54,Highly Suitable
0,0,1,0,1,1,1,1,0,0,1,1,7,0,0,88,Highly Suitable
1,1,0,1,1,1,1,1,1,1,1,8,2,4,1,74,Highly Suitable
0,1,0,1,1,1,0,0,1,0,1,6,8,3,0,77,Highly Suitable
0,1,0,0,1,0,0,0,1,1,0,1,4,1,1,31,Needs Improvement
0,1,0,1,0,1,1,1,1,1,1,0,8,1,1,94,Highly Suitable
1,0,1,0,0,0,0,1,1,1,0,6,7,5,1,71,Highly Suitable
0,1,0,0,1,0,1,0,0,1,1,8,1,1,2,41,Suitable
0,0,0,0,1,0,1,1,0,1,0,5,6,4,1,87,Highly Suitable
1,1,0,1,0,1,0,1,0,0,0,2,6,2,2,46,Highly Suitable
1,1,1,1,1,1,1,0,1,0,1,6,4,1,0,22,Highly Suitable
0,0,0,0,0,1,0,0,0,1,1,8,2,5,1,83,Highly Suitable
0,0,1,1,1,0,1,1,0,1,0,4,8,1,2,38,Suitable
0,1,1,1,1,1,0,0,1,1,0,5,8,1,0,27,Highly Suitable
1,0,0,1,0,0,1,0,0,0,1,0,3,2,1,81,Suitable
1,1,1,1,0,1,0,0,1,0,0,0,3,3,2,76,Highly Suitable
0,1,0,1,0,1,0,1,1,0,1,3,2,4,1,99,Highly Suitable
1,0,1,0,1,1,1,1,1,1,1,5,5,2,1,33,Highly Suitable
0,0,1,1,0,1,1,1,1,1,1,8,2,1,1,54,Highly Suitable
0,0,1,1,1,1,0,1,0,1,0,3,5,5,1,99,Highly Suitable
1,1,1,0,0,0,0,1,1,0,0,4,3,1,0,61,Suitable
1,0,0,0,0,0,1,0,0,0,1,2,7,0,0,22,Needs Improvement
0,1,1,1,1,0,1,0,0,1,1,4,0,2,2,40,Highly Suitable
0,0,0,1,0,0,1,0,1,0,0,3,8,0,0,47,Suitable
1,0,0,0,1,0,1,1,0,0,0,6,4,1,1,20,Suitable
0,1,0,1,1,1,1,0,0,1,1,0,4,1,1,55,Suitable
1,0,1,1,1,1,0,1,1,1,0,5,4,0,1,30,Highly Suitable
1,0,0,0,0,1,0,0,0,1,1,0,0,4,0,23,Not Suitable
0,0,0,1,0,1,0,0,1,1,0,7,8,2,2,65,Highly Suitable
1,0,1,1,0,1,0,0,1,0,0,0,0,0,0,95,Needs Improvement
1,0,0,1,1,0,0,1,1,0,0,8,8,1,2,43,Highly Suitable
1,0,1,0,1,0,1,0,1,1,0,7,0,1,2,95,Highly Suitable
0,1,0,1,1,1,0,1,0,0,0,2,1,4,1,20,Needs Improvement
1,0,1,1,0,1,0,1,0,0,1,5,1,4,1,55,Highly Suitable
0,0,0,0,0,0,1,0,1,1,1,2,5,0,0,31,Not Suitable
1,1,1,1,1,1,1,0,1,0,1,1,8,4,1,78,Highly Suitable
1,1,1,0,0,1,1,1,1,1,1,1,2,0,2,82,Highly Suitable
0,0,0,1,0,1,0,1,1,0,1,6,8,0,0,88,Highly Suitable
1,0,0,1,1,1,0,0,0,0,1,4,0,5,2,90,Highly Suitable
1,1,0,1,0,0,0,0,1,0,0,6,5,4,2,53,Highly Suitable
1,0,0,0,0,0,0,1,1,1,1,2,3,4,0,38,Needs Improvement
0,0,1,1,0,0,0,1,1,0,0,3,2,5,0,61,Suitable
0,1,1,0,1,1,0,0,0,0,1,3,2,0,2,74,Highly Suitable
0,1,1,0,0,1,1,1,0,1,0,3,2,3,0,99,Highly Suitable
0,0,0,1,0,1,0,1,0,1,1,8,2,5,0,40,Highly Suitable
1,0,1,1,0,1,1,0,0,0,1,4,0,1,0,33,Suitable
0,1,0,0,0,1,0,1,0,1,1,6,7,0,0,57,Highly Suitable
0,0,1,0,1,0,0,1,0,0,1,3,0,3,2,39,Suitable
0,0,0,0,1,1,0,0,0,1,0,3,8,5,0,45,Suitable
0,1,0,0,1,1,1,1,1,0,0,3,2,4,0,84,Highly Suitable
1,0,0,0,1,1,0,1,0,0,0,5,0,3,0,33,Suitable
1,0,1,1,1,1,1,1,1,1,1,0,1,4,1,92,Highly Suitable
1,0,1,1,0,0,1,1,1,1,1,7,1,3,0,76,Highly Suitable
0,0,1,1,1,1,1,1,0,0,1,6,4,2,2,66,Highly Suitable
0,1,1,0,0,1,1,0,1,0,0,2,7,3,2,79,Highly Suitable
1,0,1,0,1,1,1,1,0,0,1,3,2,2,2,27,Highly Suitable
0,1,1,0,0,1,1,0,1,1,0,8,7,0,2,80,Highly Suitable
0,1,1,0,0,1,0,0,0,1,0,7,0,2,0,56,Suitable
1,0,1,0,1,1,1,0,1,1,0,5,0,4,0,26,Suitable
1,1,1,0,0,0,0,1,1,1,0,6,6,5,0,25,Highly Suitable
1,0,1,1,1,1,1,0,1,0,1,3,6,0,2,63,Highly Suitable
1,0,0,1,0,0,1,1,0,0,0,5,5,5,1,52,Highly Suitable
0,0,0,0,1,0,1,0,0,0,0,0,1,5,1,37,Not Suitable
0,0,0,0,0,0,0,0,0,1,1,3,2,5,2,72,Needs Improvement
0,0,0,0,1,0,0,1,0,0,0,3,8,3,1,46,Needs Improvement
0,0,0,0,1,1,1,1,0,1,0,8,7,0,0,80,Highly Suitable
1,0,0,0,1,1,0,1,0,0,1,0,7,1,0,72,Suitable
1,1,1,1,0,1,1,1,0,1,1,2,4,2,2,71,Highly Suitable
0,0,0,0,0,1,0,1,1,1,0,0,7,5,1,86,Highly Suitable
1,0,0,1,0,0,0,0,0,0,0,0,3,3,2,81,Needs Improvement
0,0,1,0,0,1,0,1,1,1,0,1,4,1,2,86,Suitable
1,1,1,1,0,1,1,1,1,0,0,0,6,1,0,57,Highly Suitable
1,0,1,1,0,1,1,1,0,1,0,5,7,3,0,65,Highly Suitable
1,1,1,1,0,0,1,1,0,1,0,1,3,3,0,62,Highly Suitable
0,0,1,0,1,1,0,0,1,0,1,6,6,2,1,81,Highly Suitable
1,1,1,0,0,0,0,0,1,0,0,1,6,3,2,53,Highly Suitable
1,0,1,1,0,1,1,1,1,1,1,1,2,1,0,28,Suitable
1,1,0,1,0,0,1,0,0,0,1,2,2,1,1,91,Highly Suitable
0,1,0,0,1,1,0,1,1,1,0,0,8,3,2,67,Suitable
1,1,1,1,0,0,0,0,1,1,0,5,0,0,2,74,Highly Suitable
1,1,0,1,0,1,1,1,0,0,1,0,3,2,2,57,Highly Suitable
0,1,1,0,1,1,1,1,1,0,1,8,6,1,1,58,Highly Suitable
0,0,1,0,0,1,1,0,0,0,0,4,7,1,1,69,Suitable
0,1,1,1,1,1,1,0,1,0,0,0,2,3,0,58,Highly Suitable
1,1,1,1,0,0,0,0,1,0,0,4,4,1,1,51,Highly Suitable
0,0,1,0,1,1,1,1,0,0,0,6,8,3,0,49,Highly Suitable
0,1,0,0,0,1,1,1,1,0,0,5,3,5,0,44,Highly Suitable
1,1,1,0,1,0,0,0,1,1,1,0,5,2,2,51,Highly Suitable
1,0,1,1,1,0,1,1,0,0,0,6,8,5,1,51,Highly Suitable
1,1,1,0,1,0,1,0,1,0,1,0,4,0,2,87,Highly Suitable
0,0,0,1,0,1,1,0,1,0,0,5,0,4,2,41,Suitable
0,0,1,1,0,1,1,1,1,1,0,0,5,3,1,24,Suitable
0,1,1,1,0,1,1,1,0,1,1,8,6,3,2,28,Highly Suitable
1,0,1,1,0,0,0,0,1,0,0,5,1,5,0,25,Suitable
0,1,1,1,1,0,0,0,1,0,0,3,4,1,1,49,Suitable
0,1,0,0,0,1,0,1,1,1,0,2,2,3,1,83,Suitable
1,0,1,0,1,1,1,1,0,1,1,5,5,3,0,57,Highly Suitable
0,1,0,0,1,1,1,0,1,0,0,7,8,4,1,87,Highly Suitable
1,1,0,0,1,0,0,0,1,1,0,1,6,2,1,22,Suitable
0,1,0,0,1,0,0,0,0,1,1,6,1,1,2,83,Suitable
1,0,1,0,0,0,1,0,1,1,1,4,2,1,2,55,Highly Suitable
0,1,0,1,0,0,0,1,1,0,0,1,2,1,0,89,Needs Improvement
0,1,0,0,1,1,1,0,0,0,1,6,2,5,2,100,Highly Suitable
0,0,1,0,0,1,1,0,1,0,0,3,2,4,1,57,Suitable
0,0,1,0,1,0,1,0,0,1,0,1,3,4,0,76,Suitable
1,0,0,1,1,0,0,0,1,0,1,4,3,4,2,40,Highly Suitable
1,1,0,0,0,1,0,1,1,1,0,4,6,5,1,65,Highly Suitable
1,0,1,0,1,0,1,1,1,0,0,8,6,2,1,61,Highly Suitable
1,1,0,0,1,1,0,0,0,0,0,7,2,0,2,45,Highly Suitable
1,0,1,0,1,0,0,1,1,0,0,0,4,4,0,63,Needs Improvement
1,1,0,1,1,1,1,0,0,0,0,5,8,1,0,51,Highly Suitable
1,0,0,0,0,1,1,0,0,0,0,5,6,1,2,86,Highly Suitable
0,1,1,0,0,0,0,1,0,1,0,1,6,5,2,52,Suitable
1,0,1,1,0,0,1,1,0,1,1,0,6,0,2,28,Highly Suitable
0,1,1,1,1,1,0,1,1,1,1,8,6,2,1,86,Highly Suitable
1,1,1,1,0,1,0,0,1,0,1,5,0,5,0,39,Highly Suitable
1,1,1,0,1,0,1,1,0,0,1,2,4,1,1,32,Highly Suitable
0,1,1,1,0,0,0,1,1,0,1,5,5,2,2,64,Highly Suitable
0,1,1,0,1,1,1,1,1,1,0,8,6,3,2,49,Highly Suitable
0,1,0,0,1,0,1,0,1,0,1,7,2,3,2,69,Highly Suitable
1,1,1,1,1,0,0,1,0,0,1,2,7,2,2,85,Highly Suitable
1,0,1,1,0,0,0,1,1,1,0,6,1,1,0,43,Suitable
1,1,1,0,1,1,0,0,0,1,0,5,4,0,0,63,Highly Suitable
1,0,0,0,1,1,0,0,0,0,0,1,3,5,1,94,Suitable
1,1,0,1,0,0,0,1,1,0,1,1,8,5,1,65,Highly Suitable
0,0,0,0,0,1,1,0,0,1,0,5,8,0,2,58,Suitable
1,1,0,0,0,1,0,0,0,1,0,4,8,3,2,63,Highly Suitable
0,1,1,0,0,1,1,1,0,0,0,0,5,3,2,81,Highly Suitable
0,1,0,0,0,0,0,0,1,0,1,3,8,3,1,53,Highly Suitable
1,0,0,0,0,0,1,1,0,1,1,6,8,5,0,80,Highly Suitable
0,1,1,0,0,0,0,0,1,1,1,6,5,5,2,87,Highly Suitable
0,1,1,1,1,1,1,1,0,0,1,7,5,1,2,41,Highly Suitable
0,0,1,1,1,1,1,1,1,1,1,3,8,3,1,43,Highly Suitable
0,0,0,0,0,1,0,0,1,0,0,0,4,2,0,58,Needs Improvement
0,1,0,1,0,1,1,0,1,1,1,0,4,0,0,22,Suitable
0,1,0,1,1,1,0,0,0,1,1,6,6,2,0,40,Highly Suitable
0,0,1,0,0,0,0,1,0,1,1,2,8,0,1,37,Needs Improvement
0,0,1,0,0,0,0,0,1,1,1,3,5,2,1,47,Suitable
0,1,1,1,0,0,1,1,1,0,1,8,7,2,1,90,Highly Suitable
0,0,0,1,0,0,1,0,0,1,0,4,7,1,1,31,Needs Improvement
1,1,0,0,1,1,0,0,0,1,0,6,0,3,1,60,Highly Suitable
0,0,1,1,0,0,1,0,0,1,1,3,4,0,2,62,Highly Suitable
1,0,1,1,1,0,0,0,0,1,1,2,7,0,1,20,Suitable
1,0,1,1,1,0,1,1,1,1,0,6,7,2,0,20,Highly Suitable
1,0,0,1,1,0,1,1,0,0,0,8,2,3,2,64,Highly Suitable
1,1,1,0,1,1,0,0,1,1,0,0,3,0,2,88,Highly Suitable
1,0,1,0,0,0,1,1,1,0,0,5,7,3,2,47,Highly Suitable
1,1,1,0,0,1,1,1,1,0,0,6,3,2,1,52,Highly Suitable
1,0,0,0,0,1,0,1,0,0,0,0,3,4,1,75,Needs Improvement
1,1,1,0,1,1,0,0,1,1,1,7,3,4,1,44,Highly Suitable
0,0,1,1,0,0,1,0,0,0,0,4,0,3,0,82,Suitable
1,0,1,0,1,0,1,0,1,1,0,4,8,0,1,89,Highly Suitable
1,1,0,1,1,0,0,1,0,0,1,3,5,3,0,57,Suitable
0,1,1,1,1,0,1,0,1,0,0,7,7,1,0,67,Highly Suitable
0,1,1,1,1,1,1,1,1,1,0,8,7,3,0,61,Highly Suitable
1,0,1,0,0,1,1,0,1,1,0,0,8,1,0,79,Suitable
0,1,1,1,1,1,0,1,0,1,0,4,2,4,0,24,Highly Suitable
1,0,0,0,1,0,0,1,0,1,0,6,0,1,2,20,Suitable
1,1,0,0,0,0,1,1,0,1,0,6,0,5,2,95,Highly Suitable
0,0,0,1,1,0,1,0,0,0,1,4,0,2,2,25,Needs Improvement
0,0,1,1,1,1,1,1,0,1,1,3,4,0,0,89,Highly Suitable
0,0,0,0,0,0,1,0,0,0,0,8,7,2,2,48,Suitable
1,1,1,0,0,0,1,0,0,1,1,4,8,5,0,31,Highly Suitable
1,0,0,1,0,1,1,1,1,0,1,0,5,3,2,77,Highly Suitable
1,0,1,1,0,0,0,0,1,0,1,3,6,3,1,53,Highly Suitable
1,0,1,0,1,0,0,0,1,1,1,0,0,1,1,67,Needs Improvement
0,0,0,0,0,1,1,1,0,1,1,8,8,0,1,65,Highly Suitable
0,1,0,0,1,0,1,1,1,1,1,7,0,3,2,29,Suitable
1,0,1,1,1,0,0,1,1,0,0,2,5,0,2,74,Highly Suitable
0,1,1,1,1,0,0,1,0,1,1,6,2,1,2,20,Highly Suitable
0,0,0,1,0,0,0,1,1,0,1,1,1,2,0,27,Not Suitable
1,0,1,1,1,1,0,1,0,0,0,0,5,4,1,22,Highly Suitable
1,0,1,0,1,0,1,1,1,1,1,4,8,2,0,67,Highly Suitable
0,1,1,1,0,0,1,1,1,0,0,7,5,0,0,61,Highly Suitable
1,1,0,0,0,0,1,0,1,1,1,3,2,2,0,51,Suitable
0,1,0,1,1,1,0,1,1,0,0,3,1,0,0,31,Suitable
0,0,0,1,1,0,0,0,1,1,1,0,1,0,2,58,Needs Improvement
1,0,1,1,0,0,0,0,0,1,0,5,0,4,0,72,Suitable
0,1,1,0,0,1,1,1,0,0,1,8,6,2,2,79,Highly Suitable
0,1,1,0,0,0,1,0,0,0,0,0,7,0,0,48,Suitable
0,0,1,1,1,1,1,0,1,1,0,8,1,5,0,60,Highly Suitable
0,0,0,0,1,1,1,0,1,1,0,2,8,4,2,67,Suitable
1,1,1,1,0,0,1,0,1,0,1,1,1,2,0,89,Highly Suitable
1,1,0,1,0,1,1,0,0,0,1,7,6,1,2,69,Highly Suitable
1,0,0,0,0,0,0,0,0,0,1,0,4,1,2,76,Suitable
1,1,0,1,0,1,0,0,0,1,1,1,0,0,2,21,Needs Improvement
1,0,1,1,0,0,0,0,1,0,0,3,8,0,1,32,Suitable
0,0,0,0,0,0,0,0,1,1,0,2,1,3,1,57,Needs Improvement
0,0,1,1,1,0,0,0,1,1,1,1,4,0,0,81,Suitable
1,1,0,1,0,0,0,1,0,0,1,5,5,1,1,45,Highly Suitable
0,0,1,0,1,0,0,0,0,0,0,0,6,0,0,95,Needs Improvement
0,0,0,0,0,0,0,0,0,1,0,8,0,2,2,48,Needs Improvement
0,0,1,1,1,0,0,0,0,1,0,3,0,0,1,43,Needs Improvement
0,1,1,1,0,1,0,1,1,1,0,2,3,1,1,45,Suitable
0,1,1,0,0,1,0,1,1,1,1,5,8,3,1,91,Highly Suitable
1,1,1,0,1,1,1,1,0,0,0,4,8,4,1,86,Highly Suitable
0,0,0,1,1,0,0,0,0,0,0,8,1,2,0,77,Suitable
1,0,0,1,0,0,0,0,0,0,0,1,8,4,2,22,Suitable
0,0,1,0,1,1,0,1,1,0,0,3,2,4,0,50,Suitable
0,1,1,0,1,0,0,1,0,0,1,5,2,1,1,73,Highly Suitable
1,0,1,0,0,0,1,1,0,0,1,0,6,5,1,31,Suitable
0,1,1,0,1,1,1,0,0,0,1,2,0,4,2,69,Suitable
1,1,1,1,0,1,0,1,0,1,0,3,6,4,2,86,Highly Suitable
0,0,0,0,0,0,1,1,0,1,0,0,4,3,1,84,Needs Improvement
0,1,0,0,0,1,1,0,1,1,1,8,5,5,2,60,Highly Suitable
0,0,0,0,0,0,0,1,1,1,0,8,2,4,0,34,Needs Improvement
1,1,1,0,1,0,0,0,0,1,0,1,6,2,1,66,Highly Suitable
0,1,1,0,0,0,0,0,0,0,0,6,0,2,0,77,Suitable
0,1,1,0,0,1,1,1,0,0,0,4,4,3,1,77,Highly Suitable
0,0,0,1,1,1,0,0,0,1,1,1,3,1,0,68,Suitable
0,1,1,0,1,1,1,1,0,1,0,3,0,4,2,88,Highly Suitable
0,1,0,0,1,1,0,1,1,1,1,6,1,0,2,59,Highly Suitable
0,0,1,0,1,0,1,0,0,0,1,4,0,2,2,27,Suitable
0,0,1,0,1,0,1,0,0,1,1,8,3,4,1,24,Suitable
0,0,0,1,0,0,0,1,0,0,1,0,1,1,0,95,Not Suitable
0,0,1,0,1,0,0,1,1,1,0,2,2,0,0,71,Needs Improvement
0,1,0,1,1,1,0,1,0,0,1,0,8,2,1,32,Suitable
1,0,0,1,1,1,1,0,1,0,1,0,6,5,2,38,Highly Suitable
1,0,0,1,0,0,0,1,0,0,0,2,5,2,2,67,Suitable
1,0,1,0,1,1,0,1,0,0,0,3,3,3,1,97,Highly Suitable
1,1,1,0,1,1,1,1,0,0,1,2,3,4,0,98,Highly Suitable
0,0,0,0,0,0,1,0,1,0,1,8,8,4,1,88,Highly Suitable
1,0,0,1,1,0,0,0,1,1,0,7,7,1,0,84,Highly Suitable
1,1,0,1,0,0,1,0,1,1,1,1,0,2,2,88,Highly Suitable
0,0,0,1,1,1,0,0,1,1,1,2,8,5,2,86,Highly Suitable
1,0,0,1,0,0,1,0,0,1,0,1,4,4,1,67,Suitable
1,0,1,1,0,0,0,1,0,0,0,7,1,1,0,23,Needs Improvement
0,0,0,0,1,0,0,0,1,0,1,3,8,1,1,46,Suitable
0,1,1,1,1,0,0,1,0,1,0,5,0,3,2,49,Highly Suitable
1,0,1,1,1,1,1,0,0,0,0,2,6,3,2,34,Highly Suitable
0,0,1,0,0,1,0,1,1,0,1,8,8,2,2,98,Highly Suitable
1,0,0,1,0,0,0,1,1,1,1,5,2,0,2,70,Highly Suitable
0,1,1,0,0,0,0,0,0,1,0,4,8,2,1,98,Highly Suitable
1,1,1,1,0,0,1,1,0,1,0,8,6,3,1,42,Highly Suitable
0,0,0,1,1,0,1,1,1,0,0,4,7,1,0,97,Highly Suitable
0,0,1,1,1,1,0,0,0,0,0,8,7,1,0,88,Highly Suitable
1,0,0,0,0,1,1,0,1,1,0,7,5,4,2,40,Highly Suitable
0,1,0,1,0,0,0,1,0,0,1,2,7,2,2,69,Highly Suitable
0,1,1,1,0,1,1,0,1,1,0,2,8,4,0,65,Highly Suitable
1,0,1,0,0,0,0,1,1,1,0,1,4,4,0,42,Needs Improvement
1,0,1,1,1,1,1,1,1,0,1,5,5,4,2,62,Highly Suitable
1,1,0,0,0,0,1,1,1,1,0,7,5,5,0,35,Highly Suitable
1,0,1,0,0,1,0,0,1,1,0,0,2,3,0,74,Suitable
0,0,0,0,0,0,0,1,0,0,0,1,8,1,2,28,Not Suitable
1,0,0,0,1,1,0,0,1,1,0,4,2,0,2,91,Highly Suitable
1,0,0,1,1,1,1,0,1,1,1,3,1,2,1,99,Highly Suitable
0,0,1,1,0,1,1,0,1,1,1,1,1,2,1,64,Highly Suitable
0,0,0,0,1,0,1,0,1,1,0,5,4,0,2,85,Highly Suitable
0,1,0,1,1,0,0,1,0,0,1,7,1,1,2,73,Highly Suitable
1,1,1,1,1,0,1,1,1,0,0,8,1,5,2,94,Highly Suitable
1,0,0,1,0,1,0,0,1,0,0,2,5,2,0,78,Highly Suitable
1,1,1,0,1,1,1,1,0,1,0,0,2,0,2,96,Highly Suitable
0,0,1,0,0,1,1,0,1,1,1,1,1,2,0,35,Needs Improvement
1,1,0,1,1,1,1,0,1,0,1,1,4,4,0,39,Highly Suitable
1,0,1,1,1,1,1,1,0,1,0,4,2,4,2,67,Highly Suitable
0,0,0,0,1,0,1,0,0,1,0,7,8,5,1,55,Highly Suitable
0,1,1,1,0,0,1,1,0,1,0,5,1,0,1,32,Suitable
1,0,0,1,0,1,1,0,0,0,1,7,5,4,1,45,Highly Suitable
0,0,0,0,0,1,1,0,0,0,1,8,4,5,1,78,Suitable
1,0,0,1,1,0,1,0,0,0,1,8,5,4,2,44,Highly Suitable
0,1,0,0,1,0,1,1,0,0,0,6,2,5,2,39,Suitable
1,1,1,0,0,1,1,0,1,1,0,6,0,5,0,28,Highly Suitable
1,1,1,0,0,1,1,1,0,1,1,6,2,2,2,37,Highly Suitable
1,0,1,0,0,1,1,1,0,0,1,8,6,0,1,60,Highly Suitable
0,1,1,1,1,1,1,0,0,0,1,1,2,5,0,92,Highly Suitable
1,0,1,0,1,1,1,0,1,0,1,7,3,5,2,28,Highly Suitable
0,0,0,0,1,0,1,0,0,1,0,8,3,0,2,51,Suitable
1,0,0,1,0,0,1,0,0,1,0,6,8,0,1,93,Highly Suitable
1,1,1,0,0,1,0,0,1,1,0,4,0,0,2,93,Highly Suitable
0,0,0,0,1,0,1,1,1,1,1,8,3,0,2,54,Highly Suitable
1,1,1,1,0,1,0,1,1,1,0,2,3,3,0,67,Highly Suitable
1,0,1,0,0,0,1,0,0,1,1,5,6,3,2,38,Highly Suitable
1,0,0,0,0,1,1,0,0,1,0,8,7,4,1,63,Highly Suitable
1,1,0,0,0,1,1,0,1,1,1,5,7,4,1,42,Highly Suitable
0,0,1,1,0,1,0,0,1,0,1,8,7,4,0,64,Highly Suitable
0,1,1,0,0,1,0,1,0,1,1,5,1,0,1,67,Highly Suitable
1,0,0,0,1,0,0,1,0,0,0,2,4,3,1,70,Suitable
0,1,0,1,1,1,1,0,1,1,0,2,1,1,1,56,Suitable
1,1,0,0,1,0,1,1,1,1,0,2,8,0,1,33,Suitable
1,1,0,0,1,0,0,1,0,1,0,6,6,2,1,71,Highly Suitable
0,1,0,1,0,0,0,0,1,0,0,0,1,2,2,58,Suitable
0,1,0,0,1,0,1,1,0,1,1,6,0,3,1,33,Highly Suitable
0,0,0,1,1,0,0,1,1,0,1,0,7,3,2,70,Suitable
1,0,0,0,1,0,0,1,0,0,0,6,7,4,1,85,Highly Suitable
0,1,0,0,0,1,1,0,0,1,0,5,2,5,2,86,Highly Suitable
1,0,1,1,1,0,0,0,1,0,0,3,4,3,1,26,Highly Suitable
1,1,1,0,0,0,1,1,1,0,1,0,1,5,2,30,Highly Suitable
1,1,0,0,0,0,1,1,1,0,1,3,6,4,1,92,Highly Suitable
1,0,0,0,1,1,1,1,1,1,0,4,3,4,0,52,Highly Suitable
0,1,1,1,1,1,1,0,1,1,1,4,4,4,1,35,Highly Suitable
0,1,1,0,0,0,0,1,0,1,1,5,7,4,0,69,Highly Suitable
1,0,1,0,0,1,0,0,1,1,0,0,8,5,2,47,Highly Suitable
1,0,1,0,0,1,1,0,1,0,1,0,7,0,0,78,Suitable
0,1,0,0,0,1,0,1,0,0,0,8,3,0,2,21,Suitable
0,1,1,1,0,1,0,0,1,0,0,1,8,2,0,32,Suitable
1,1,1,0,1,0,1,0,1,0,1,7,2,4,0,46,Highly Suitable
0,1,0,0,0,0,0,1,0,1,0,2,3,0,1,92,Needs Improvement
0,0,0,1,1,0,1,1,0,0,0,3,5,4,1,40,Highly Suitable
0,0,0,1,1,1,0,1,0,0,1,0,4,4,1,52,Needs Improvement
1,0,0,1,1,0,1,1,0,0,0,6,5,4,1,85,Highly Suitable
1,0,0,0,0,1,0,1,0,1,1,8,5,5,2,26,Highly Suitable
0,1,0,1,1,0,1,0,1,0,1,7,7,2,2,54,Highly Suitable
0,0,1,1,1,0,1,1,0,0,0,6,7,4,2,93,Highly Suitable
1,0,1,1,0,1,1,0,1,0,1,6,3,2,2,71,Highly Suitable
1,0,1,1,1,0,0,1,0,0,1,4,4,1,1,24,Highly Suitable
1,0,1,0,0,0,0,0,0,0,0,2,8,4,1,95,Suitable
1,1,1,0,0,0,0,0,0,1,1,6,7,1,2,37,Highly Suitable
0,1,1,0,0,1,0,0,1,0,0,1,3,4,2,60,Suitable
1,1,1,0,1,0,0,0,0,0,0,6,6,3,1,32,Highly Suitable
0,0,0,1,0,1,1,1,0,0,0,2,4,5,0,64,Suitable
1,0,0,1,1,1,0,0,0,1,0,3,2,2,2,49,Suitable
1,1,0,1,0,0,0,1,0,0,1,7,3,1,0,28,Highly Suitable
0,0,1,1,0,1,0,1,1,0,1,1,8,1,2,34,Suitable
0,1,1,1,0,1,0,0,1,1,0,1,8,1,1,56,Highly Suitable
1,1,0,0,0,1,0,1,0,0,0,6,1,2,1,33,Suitable
1,0,0,1,0,0,0,0,0,1,0,6,5,1,0,27,Needs Improvement
0,0,0,0,1,1,1,1,1,0,0,2,5,3,2,97,Highly Suitable
0,1,0,1,0,0,0,0,1,0,0,8,2,0,1,49,Suitable
0,1,1,1,1,1,0,0,1,1,0,7,7,0,1,23,Highly Suitable
0,0,0,1,0,1,0,1,0,0,0,2,5,0,0,70,Needs Improvement
0,1,1,0,0,1,0,1,1,0,1,2,3,3,2,25,Suitable
1,0,1,0,0,0,0,0,1,1,1,3,5,4,2,57,Suitable
1,0,1,1,1,0,1,1,1,1,1,7,4,5,0,90,Highly Suitable
1,1,1,1,1,1,0,0,0,1,1,6,8,2,2,26,Highly Suitable
0,0,1,1,0,0,1,0,1,0,1,2,6,5,0,93,Highly Suitable
1,0,1,1,1,0,1,0,0,0,0,5,4,1,2,61,Highly Suitable
0,1,1,1,1,0,1,1,1,0,1,8,5,0,2,59,Highly Suitable
1,0,1,1,0,0,1,1,1,0,1,3,5,1,2,56,Highly Suitable
1,1,1,1,1,0,0,0,0,0,0,7,5,1,1,66,Highly Suitable
0,0,1,1,1,0,1,0,0,0,0,6,8,1,2,80,Highly Suitable
0,0,1,0,1,0,1,1,1,0,1,0,6,3,1,95,Highly Suitable
0,0,1,0,0,1,1,1,0,0,1,5,5,5,1,47,Highly Suitable
1,1,1,1,0,0,0,0,1,0,0,3,5,4,2,96,Highly Suitable
0,0,0,1,0,1,1,1,1,0,0,1,3,1,2,57,Suitable
0,0,1,1,1,0,0,0,0,1,1,0,0,5,2,26,Needs Improvement
1,0,0,0,1,1,1,1,0,0,1,6,5,4,1,43,Highly Suitable
0,0,0,1,1,0,1,0,1,1,1,7,6,0,2,98,Highly Suitable
0,0,0,1,0,1,1,1,1,0,1,4,4,5,0,83,Highly Suitable
0,1,0,1,0,1,0,0,1,1,1,4,6,5,2,69,Highly Suitable
0,1,0,1,1,1,1,0,0,1,1,4,0,3,2,59,Highly Suitable
1,1,0,0,0,0,0,0,0,0,0,3,8,2,1,42,Suitable
0,0,1,1,0,1,0,1,0,1,1,6,7,2,0,79,Highly Suitable
0,0,1,1,1,0,0,1,0,0,1,1,5,5,2,95,Highly Suitable
1,0,1,1,0,1,1,0,1,1,0,5,5,1,2,90,Highly Suitable
0,1,1,1,1,1,1,0,0,0,1,6,6,2,1,94,Highly Suitable
0,0,1,1,1,0,0,1,0,0,1,7,1,3,1,26,Highly Suitable
0,0,0,1,0,0,0,1,0,1,0,2,5,2,0,66,Needs Improvement
0,0,0,0,1,1,0,0,0,1,0,1,5,2,1,34,Needs Improvement
0,1,1,0,1,0,1,0,0,0,0,8,6,2,2,53,Highly Suitable
0,0,0,1,1,0,0,1,1,1,0,7,5,0,0,71,Highly Suitable
1,0,1,0,1,0,1,0,1,1,0,6,5,5,1,88,Highly Suitable
1,0,0,0,0,0,0,0,1,0,1,5,8,1,2,85,Suitable
0,0,0,0,1,1,1,0,0,0,0,3,0,1,2,59,Needs Improvement
1,1,1,1,0,0,1,1,1,1,1,7,5,4,2,22,Highly Suitable
1,0,1,0,0,1,0,1,0,1,0,1,1,4,1,55,Needs Improvement
0,1,1,1,0,1,0,0,1,0,0,4,7,2,2,87,Highly Suitable
0,1,1,1,1,1,1,0,1,1,1,6,6,1,1,97,Highly Suitable
0,0,0,1,1,0,0,0,0,1,1,1,5,0,0,60,Needs Improvement
1,0,1,0,1,0,0,1,0,0,0,6,8,0,2,74,Highly Suitable
0,0,1,1,1,1,1,0,1,1,0,2,1,1,0,37,Suitable
0,1,0,0,0,0,1,1,1,1,1,3,4,3,1,92,Highly Suitable
0,0,1,1,0,1,1,0,0,0,1,0,1,3,2,37,Suitable
1,1,1,1,0,1,1,0,0,0,1,0,3,5,2,72,Highly Suitable
0,0,0,0,0,0,1,0,1,1,1,1,0,5,0,93,Needs Improvement
0,1,0,0,0,1,0,0,1,0,1,6,0,1,2,55,Suitable
1,1,0,0,1,1,0,1,1,0,0,3,2,1,1,37,Suitable
1,0,1,0,1,1,1,0,0,0,1,1,0,4,1,54,Suitable
1,1,1,1,1,0,0,0,1,0,0,1,0,0,2,83,Highly Suitable
1,1,0,1,0,1,1,1,0,1,1,2,8,4,1,72,Highly Suitable
1,0,1,0,1,0,1,0,0,1,0,6,1,4,0,61,Highly Suitable
0,0,0,0,1,0,0,1,1,0,1,6,7,1,0,86,Suitable
0,0,1,1,0,1,0,1,1,1,1,8,1,3,0,65,Highly Suitable
0,1,1,1,0,1,1,1,1,0,0,2,0,3,0,52,Highly Suitable
0,1,0,0,0,0,1,1,0,0,1,8,6,0,1,25,Suitable
0,1,1,1,0,1,1,0,0,1,1,7,6,4,2,58,Highly Suitable
1,0,1,1,1,1,1,0,0,1,1,6,5,4,2,55,Highly Suitable
0,0,1,0,1,1,0,1,1,1,1,8,1,5,2,69,Highly Suitable
0,1,0,1,0,0,0,0,0,0,1,3,0,3,2,24,Suitable
1,0,0,0,0,1,0,1,1,1,1,1,2,5,1,97,Highly Suitable
0,1,1,1,0,0,1,0,0,0,0,2,5,0,2,87,Highly Suitable
1,0,0,0,1,1,0,1,0,1,0,7,1,1,0,65,Suitable
1,0,0,0,0,0,0,0,0,0,1,4,1,4,1,43,Needs Improvement
0,0,1,1,0,1,0,0,0,1,1,2,4,3,0,80,Suitable
1,0,0,0,1,1,1,0,1,0,0,4,4,5,0,46,Suitable
0,0,1,1,0,0,1,1,1,1,0,0,7,3,1,64,Highly Suitable
1,0,0,1,0,1,0,0,0,1,0,2,1,1,2,28,Needs Improvement
0,0,0,1,0,1,0,0,1,0,1,5,1,3,2,98,Highly Suitable
0,0,1,0,0,1,1,0,0,1,0,0,6,5,2,65,Suitable
1,1,1,1,1,0,0,1,1,0,1,8,8,1,0,69,Highly Suitable
1,1,0,1,0,1,1,1,0,0,0,2,3,3,0,80,Highly Suitable
0,0,0,1,0,1,0,0,0,0,0,7,4,4,2,42,Highly Suitable
0,0,1,1,1,1,0,1,0,0,1,7,7,0,0,79,Highly Suitable
0,0,1,1,1,1,1,1,1,1,0,3,0,2,2,28,Highly Suitable
0,1,1,0,1,0,1,0,1,1,0,2,1,5,0,22,Needs Improvement
0,0,0,1,0,0,0,0,1,0,0,0,0,3,2,40,Needs Improvement
1,1,0,0,1,0,0,1,0,1,0,0,0,2,2,70,Suitable
1,0,0,1,0,0,1,0,1,1,1,2,8,1,0,61,Highly Suitable
0,0,0,0,0,0,0,1,1,0,0,3,5,0,2,80,Needs Improvement
0,1,1,1,1,0,0,0,1,0,0,1,5,1,1,97,Suitable
0,0,0,0,1,1,0,0,1,1,1,5,3,5,1,72,Highly Suitable
1,1,0,1,1,1,0,0,0,0,1,7,6,0,1,89,Highly Suitable
1,0,0,1,0,0,0,0,1,1,1,4,4,3,1,65,Highly Suitable
0,0,1,1,0,1,1,0,0,1,0,8,7,4,1,76,Highly Suitable
0,0,1,0,1,0,0,1,0,0,0,6,7,5,1,33,Suitable
0,0,1,0,0,0,0,0,1,0,1,6,2,0,1,39,Needs Improvement
0,0,0,1,1,1,0,1,1,1,1,3,3,2,1,37,Suitable
1,0,0,1,1,0,1,1,0,1,1,5,6,0,2,34,Highly Suitable
1,0,1,0,0,1,1,0,0,0,0,8,1,3,1,37,Highly Suitable
1,1,0,0,0,0,1,0,0,0,0,8,4,3,1,47,Highly Suitable
1,0,1,0,1,1,0,0,1,0,1,4,1,3,1,26,Suitable
0,1,0,0,1,0,1,1,0,1,0,6,1,4,2,71,Highly Suitable
0,0,1,1,1,1,1,1,0,0,1,7,7,4,1,43,Highly Suitable
1,0,0,1,1,0,0,0,0,1,1,7,5,5,2,89,Highly Suitable
1,1,1,1,1,0,0,1,0,0,1,7,3,0,0,86,Highly Suitable
1,1,1,0,0,0,0,1,1,1,0,3,4,5,0,32,Suitable
0,0,1,0,1,0,1,0,1,1,0,5,6,5,1,41,Highly Suitable
0,0,1,1,0,1,0,1,1,1,0,2,0,2,2,79,Highly Suitable
1,1,1,1,0,0,0,1,1,1,1,4,0,5,1,95,Highly Suitable
0,0,0,1,0,1,1,0,0,0,0,4,0,0,2,97,Suitable
1,0,0,0,1,1,0,0,0,1,1,3,4,5,2,39,Highly Suitable
1,1,1,0,0,0,1,0,0,1,0,8,5,1,2,94,Highly Suitable
0,1,0,0,0,1,1,1,0,1,0,5,1,2,0,43,Suitable
1,0,0,1,0,1,1,0,0,0,0,5,4,2,2,50,Highly Suitable
0,0,0,0,1,1,1,0,1,0,0,6,7,5,2,27,Highly Suitable
1,0,1,1,0,0,0,0,1,0,1,0,3,3,0,30,Suitable
1,1,0,1,0,0,0,1,1,1,1,3,3,5,1,73,Highly Suitable
0,0,0,1,1,0,1,1,0,1,0,2,1,0,1,55,Needs Improvement
0,0,1,1,0,0,0,1,1,1,1,4,6,0,1,94,Suitable
1,0,0,1,0,1,0,1,0,0,0,8,0,4,2,60,Highly Suitable
1,1,1,0,0,0,1,0,0,1,1,6,4,1,1,54,Highly Suitable
0,1,0,1,1,0,1,0,0,0,0,1,3,1,2,35,Needs Improvement
1,1,0,1,0,1,0,0,1,1,1,3,4,5,2,26,Highly Suitable
0,0,0,0,1,0,0,0,1,0,0,0,6,0,0,20,Not Suitable
0,1,1,1,0,1,0,0,0,0,0,5,4,5,2,66,Highly Suitable
0,0,1,1,1,0,0,0,0,0,1,2,2,1,1,30,Suitable
1,0,0,0,0,1,1,1,1,0,0,5,2,0,0,79,Suitable
1,1,1,1,1,0,1,1,0,1,0,6,5,0,0,21,Highly Suitable
1,1,0,1,0,1,0,1,1,0,1,0,1,4,1,68,Highly Suitable
0,1,1,0,1,0,0,1,1,0,1,1,6,2,0,41,Suitable
0,1,0,0,1,1,0,0,1,0,0,6,8,4,0,70,Highly Suitable
1,0,0,0,1,0,0,0,0,0,0,2,8,5,1,62,Needs Improvement
0,1,1,0,1,0,0,0,1,0,1,4,2,2,1,49,Suitable
1,0,0,0,0,1,1,1,1,1,1,3,3,3,1,67,Highly Suitable
0,1,0,0,0,0,0,0,0,1,1,8,2,4,0,92,Suitable
1,0,1,0,1,1,0,1,1,0,0,2,8,4,0,100,Highly Suitable
0,0,0,1,0,0,1,0,0,1,1,7,6,1,0,24,Suitable
0,1,1,0,1,0,1,0,0,1,0,5,2,5,0,71,Highly Suitable
1,1,1,1,0,1,0,0,1,0,0,2,7,2,0,40,Highly Suitable
0,1,1,0,1,1,0,0,0,1,0,7,1,1,1,33,Suitable
0,0,0,1,1,1,0,1,0,1,0,8,8,0,2,74,Highly Suitable
1,1,0,1,0,0,0,1,0,1,0,1,1,1,1,78,Suitable
1,0,1,0,0,0,1,0,1,0,0,8,5,5,2,35,Highly Suitable
1,1,0,0,1,1,1,0,1,0,0,4,2,1,2,89,Highly Suitable
1,1,1,0,1,0,0,1,1,0,1,6,6,0,0,86,Highly Suitable
1,1,0,1,1,0,0,0,1,0,1,5,0,2,0,75,Suitable
0,0,0,0,1,1,1,1,0,0,0,7,7,3,1,49,Highly Suitable
1,0,1,0,1,0,0,1,0,1,1,7,2,3,2,25,Highly Suitable
1,0,0,1,1,0,1,1,1,0,1,2,6,0,1,86,Highly Suitable
0,0,0,0,0,0,1,1,1,1,1,7,7,4,0,46,Suitable
0,0,0,1,0,1,0,1,0,0,1,5,1,2,2,37,Suitable
1,1,0,1,1,0,0,1,1,0,0,4,6,5,2,79,Highly Suitable
1,0,0,0,0,0,0,1,1,0,1,6,2,3,2,93,Highly Suitable
1,1,1,1,1,0,1,1,1,1,1,6,6,3,1,49,Highly Suitable
1,0,0,1,1,0,0,0,1,1,1,2,1,3,1,36,Suitable
1,1,1,1,0,1,1,1,0,0,0,7,2,0,1,23,Highly Suitable
1,1,1,1,0,0,0,1,1,0,1,8,3,4,2,60,Highly Suitable
1,0,0,0,0,1,1,0,0,1,1,5,6,5,0,58,Highly Suitable
1,1,0,0,1,0,1,0,1,1,0,0,3,5,1,46,Highly Suitable
1,0,0,0,0,0,0,0,1,1,1,1,5,3,0,20,Needs Improvement
1,1,1,0,0,0,1,1,0,0,1,4,0,0,0,36,Suitable
0,0,1,1,0,1,0,0,0,1,1,7,5,3,2,55,Highly Suitable
0,0,0,0,1,1,0,1,1,0,1,5,6,3,1,35,Suitable
0,0,1,1,1,0,1,0,0,1,0,0,2,3,2,62,Suitable
1,0,1,1,1,1,0,1,1,0,1,7,6,3,2,51,Highly Suitable
1,1,1,1,0,1,1,0,0,0,1,5,2,2,2,91,Highly Suitable
0,0,1,0,0,1,1,1,0,0,0,6,7,1,2,68,Highly Suitable
1,1,0,1,1,1,0,0,0,1,1,4,0,2,1,25,Suitable
0,0,0,1,0,0,0,1,0,1,0,0,4,0,2,45,Not Suitable
1,1,1,1,0,0,0,1,1,1,1,4,2,3,2,67,Highly Suitable
0,0,0,1,0,0,1,0,0,0,1,1,0,0,1,47,Needs Improvement
0,0,0,0,1,0,1,1,0,0,1,6,8,0,1,80,Highly Suitable
0,1,1,1,0,1,0,1,0,1,0,0,1,2,2,81,Suitable
0,1,1,1,0,1,0,1,0,0,0,8,6,5,0,74,Highly Suitable
0,0,1,1,0,1,1,1,1,0,1,7,6,2,2,50,Highly Suitable
1,1,0,0,1,0,0,0,0,0,0,5,4,2,1,39,Needs Improvement
0,1,1,1,1,0,0,0,0,0,0,5,8,1,2,54,Highly Suitable
0,0,0,0,1,1,1,0,0,1,0,1,0,5,1,25,Not Suitable
0,0,1,1,1,0,0,0,0,1,1,5,6,4,2,71,Highly Suitable
1,0,0,0,1,0,1,0,1,0,1,8,0,5,1,40,Highly Suitable
0,0,1,0,1,1,0,1,0,0,1,0,7,3,2,27,Suitable
0,1,0,0,0,1,0,1,1,1,0,2,6,4,2,22,Suitable
1,1,0,0,1,0,0,0,1,1,1,7,8,0,2,89,Highly Suitable
1,1,0,1,1,0,0,1,1,0,1,8,6,4,0,38,Highly Suitable
1,0,1,1,1,1,0,1,0,0,0,1,5,0,0,34,Suitable
0,1,0,1,1,1,0,0,1,1,1,6,6,3,0,98,Highly Suitable
1,1,0,0,1,1,0,1,1,0,0,1,2,2,2,66,Highly Suitable
0,0,1,0,0,0,1,0,0,0,1,4,2,0,0,28,Needs Improvement
1,1,0,0,1,1,0,0,0,1,1,5,7,3,2,52,Highly Suitable
0,0,0,0,0,0,0,0,0,0,1,3,5,1,2,88,Needs Improvement
1,1,0,1,1,1,1,1,1,1,0,0,1,0,1,73,Highly Suitable
0,1,1,0,1,1,1,0,1,0,0,8,8,4,1,46,Highly Suitable
0,0,0,1,0,1,1,0,0,0,0,8,5,1,1,77,Highly Suitable
1,1,1,1,1,0,0,0,0,1,0,1,1,5,1,53,Highly Suitable
0,0,1,0,0,0,1,1,1,1,1,3,1,1,0,26,Needs Improvement
1,0,1,0,0,1,0,0,0,0,0,7,2,4,2,94,Highly Suitable
0,1,1,0,0,0,1,1,1,0,0,8,3,1,1,57,Highly Suitable
1,0,1,0,0,1,0,0,1,1,1,6,6,5,0,75,Highly Suitable
0,0,1,1,0,1,0,0,0,0,1,1,4,3,2,30,Needs Improvement
0,0,1,1,0,0,0,1,0,1,1,4,7,1,2,48,Suitable
0,0,0,1,0,0,0,1,0,1,0,0,6,5,0,80,Needs Improvement
0,0,0,1,1,0,0,0,1,1,0,0,3,0,2,29,Not Suitable
1,1,1,0,1,0,0,1,1,1,0,0,1,2,2,93,Highly Suitable
0,1,0,1,0,1,1,1,0,0,0,4,4,4,1,100,Highly Suitable
1,0,0,0,0,0,0,0,0,1,0,5,3,3,0,79,Needs Improvement
0,1,1,0,1,0,1,1,0,1,0,0,8,4,2,64,Highly Suitable
0,1,0,0,0,1,1,1,1,0,1,2,5,3,2,77,Highly Suitable
0,1,1,0,1,1,0,1,0,1,1,5,7,2,0,63,Highly Suitable
0,0,1,1,1,1,0,0,0,0,1,7,6,4,0,56,Highly Suitable
1,1,1,0,1,1,0,0,0,0,1,8,3,2,0,86,Highly Suitable
0,1,1,1,1,0,0,1,1,1,0,1,2,4,1,36,Suitable
1,1,0,0,0,1,1,1,1,1,0,2,8,4,1,94,Highly Suitable
0,1,0,1,1,1,0,1,1,0,1,5,2,0,2,64,Highly Suitable
1,1,0,0,1,0,0,0,0,1,0,0,4,5,2,72,Suitable
1,1,0,0,1,1,0,1,1,1,0,4,3,2,1,55,Highly Suitable
1,1,1,0,1,1,0,1,1,0,1,8,2,3,2,52,Highly Suitable
1,0,1,1,0,0,1,0,0,1,1,6,8,3,2,33,Highly Suitable
0,0,0,1,0,1,0,1,0,1,1,7,1,0,2,74,Suitable
0,1,0,0,1,0,1,1,1,0,0,8,1,5,0,32,Highly Suitable
0,0,0,1,0,1,0,1,1,1,1,6,2,1,2,36,Highly Suitable
0,1,0,1,0,0,0,0,1,1,1,3,7,2,1,96,Highly Suitable
0,0,1,1,1,1,0,0,1,1,1,8,2,2,2,21,Highly Suitable
0,1,0,1,0,0,0,0,0,0,1,7,5,4,0,99,Highly Suitable
1,0,1,1,1,1,0,0,0,1,1,3,0,4,2,34,Highly Suitable
1,1,0,1,1,1,0,0,0,0,1,4,4,5,2,53,Highly Suitable
1,1,0,0,0,0,0,1,1,1,0,0,0,4,0,48,Needs Improvement
1,0,1,0,0,0,0,0,1,1,1,4,2,5,1,55,Suitable
1,1,0,1,0,0,0,1,0,0,0,2,3,5,1,22,Needs Improvement
1,0,1,1,0,0,1,0,1,1,1,3,4,4,2,32,Highly Suitable
1,1,1,1,0,0,0,0,0,0,0,5,1,1,1,38,Suitable
1,0,0,0,0,0,0,0,1,0,1,6,1,1,2,64,Suitable
0,1,0,0,1,1,0,0,1,1,1,0,7,1,2,62,Suitable
0,1,0,0,1,0,1,1,1,0,1,6,0,1,0,90,Suitable
1,1,0,1,0,1,1,1,0,0,1,6,3,0,0,22,Highly Suitable
1,1,0,1,1,1,0,1,1,1,1,7,5,1,2,83,Highly Suitable
0,1,0,0,1,0,1,0,1,0,0,0,6,1,2,97,Suitable
1,0,1,0,1,1,0,1,0,0,0,6,3,3,1,20,Suitable
1,0,0,1,1,1,0,1,1,1,0,0,8,0,0,76,Suitable
0,1,1,1,0,1,1,0,0,1,1,8,2,5,0,70,Highly Suitable
1,1,1,1,1,0,1,0,0,1,0,2,0,1,1,56,Highly Suitable
1,1,0,1,1,1,1,0,1,0,1,5,8,5,0,70,Highly Suitable
0,1,0,0,1,0,1,1,1,1,0,6,0,1,0,26,Suitable
0,0,0,0,0,1,1,1,0,1,1,4,5,5,0,76,Suitable
1,0,1,1,0,0,1,1,1,0,1,1,6,3,1,88,Highly Suitable
1,1,1,1,0,1,0,1,0,0,0,3,0,0,2,94,Highly Suitable
1,0,1,0,0,0,0,1,0,0,1,3,1,2,2,81,Suitable
0,1,1,0,0,0,0,1,0,0,1,6,4,1,2,63,Highly Suitable
0,0,0,1,1,1,0,0,0,1,1,0,5,3,2,58,Suitable
1,1,1,0,1,0,1,0,0,1,1,3,3,1,0,33,Highly Suitable
1,0,0,0,1,1,1,0,1,1,1,7,2,2,1,81,Highly Suitable
1,0,0,0,0,0,0,1,0,1,0,1,3,3,1,45,Needs Improvement
0,0,0,0,0,1,0,1,0,0,1,8,1,2,1,28,Suitable
1,0,0,0,1,1,0,1,0,1,1,4,5,4,2,46,Highly Suitable
1,0,1,0,0,0,1,0,1,0,1,8,3,3,1,85,Highly Suitable
1,0,0,0,1,1,1,0,0,0,0,4,1,2,2,25,Suitable
0,1,0,0,1,1,0,1,0,0,0,7,0,0,0,92,Suitable
0,1,1,1,1,0,1,0,0,1,0,4,2,4,0,20,Suitable
0,0,0,0,1,1,1,1,1,1,1,7,7,4,2,67,Highly Suitable
0,0,1,0,0,0,1,1,1,1,1,5,0,3,1,43,Needs Improvement
0,0,0,0,0,1,0,0,0,1,1,6,8,4,2,29,Suitable
0,0,1,0,0,0,0,0,0,1,1,7,7,3,2,58,Suitable
0,1,0,1,0,0,1,0,1,0,1,8,8,5,0,53,Highly Suitable
1,1,1,0,0,0,0,0,0,1,1,1,1,5,1,33,Needs Improvement
1,1,0,0,1,0,0,1,0,1,0,4,8,1,0,81,Highly Suitable
0,1,0,1,1,1,0,0,0,1,1,2,7,2,2,38,Highly Suitable
1,1,0,1,1,1,1,1,1,1,1,7,7,0,0,63,Highly Suitable
0,1,1,0,0,1,0,0,0,0,1,5,5,5,1,27,Highly Suitable
1,0,1,0,1,0,0,1,0,0,0,1,8,2,0,56,Suitable
0,0,0,0,1,0,1,1,0,0,0,5,3,0,1,28,Needs Improvement
1,1,0,0,1,1,1,0,1,1,1,0,7,0,0,74,Highly Suitable
1,0,1,1,0,0,1,1,0,1,0,0,2,3,2,48,Suitable
0,1,0,1,1,1,1,1,0,1,1,4,8,4,2,42,Highly Suitable
1,0,0,0,0,1,1,1,0,0,1,7,6,3,2,22,Highly Suitable
1,1,1,1,1,1,1,0,1,0,0,5,4,2,1,38,Highly Suitable
1,0,0,1,1,1,0,1,0,0,0,1,3,3,1,76,Highly Suitable
1,0,0,1,0,0,1,1,0,0,0,6,2,5,0,29,Suitable
1,0,0,1,1,0,1,1,1,0,0,8,6,0,2,67,Highly Suitable
1,0,1,1,1,0,1,0,0,1,0,4,0,0,1,99,Highly Suitable
1,1,1,1,0,1,1,0,0,1,0,0,2,2,0,28,Suitable
1,1,1,1,1,0,0,1,1,0,1,5,4,1,0,81,Highly Suitable
1,0,0,1,0,0,0,1,0,0,0,3,1,2,0,20,Needs Improvement
1,0,1,0,0,0,0,0,0,0,1,1,8,2,0,93,Suitable
1,0,0,0,0,0,0,0,0,0,0,0,0,4,2,89,Not Suitable
1,0,1,1,0,1,1,1,1,1,0,8,6,5,1,44,Highly Suitable
1,1,0,0,1,0,1,1,1,0,1,1,1,1,0,97,Suitable
0,0,1,1,1,1,0,1,1,0,0,1,7,2,1,75,Highly Suitable
0,1,0,1,1,1,1,0,1,0,0,2,1,5,2,96,Highly Suitable
1,0,1,0,0,0,1,1,0,0,1,8,6,4,1,72,Highly Suitable
0,0,1,0,0,0,0,1,1,0,0,6,5,3,2,66,Suitable
0,0,1,1,1,0,1,0,1,1,1,0,8,4,0,87,Highly Suitable
0,1,1,1,0,0,0,0,1,1,0,8,1,4,1,34,Highly Suitable
1,1,1,1,1,0,1,1,1,0,0,5,4,3,0,52,Highly Suitable
1,0,0,1,0,1,0,0,0,0,0,0,5,0,0,46,Needs Improvement
0,1,0,0,1,1,1,1,0,1,1,4,7,0,0,60,Highly Suitable
0,0,0,0,1,1,1,1,1,1,1,2,7,0,2,23,Suitable
1,0,0,0,1,0,0,1,1,0,0,6,3,0,0,78,Suitable
0,1,0,1,0,1,0,0,1,0,0,3,6,2,2,24,Highly Suitable
0,1,0,0,1,1,0,0,0,0,0,2,1,0,1,30,Needs Improvement
1,1,1,0,0,1,0,1,1,1,0,6,2,3,1,77,Highly Suitable
1,1,1,1,1,0,1,0,0,1,1,1,5,5,2,51,Highly Suitable
0,0,0,1,1,1,1,1,0,1,0,5,1,3,2,64,Highly Suitable
1,0,1,0,0,1,0,1,1,0,0,0,0,0,0,29,Not Suitable
0,1,1,1,1,0,0,1,0,0,0,0,6,4,2,23,Highly Suitable
1,1,1,1,0,0,0,1,1,1,0,4,3,3,0,21,Highly Suitable
1,0,1,0,0,1,1,0,0,0,1,5,6,1,2,24,Highly Suitable
0,1,0,0,0,1,1,1,1,1,1,8,2,3,2,56,Highly Suitable
0,1,0,1,0,1,0,1,1,1,0,1,2,5,1,25,Suitable
0,1,0,1,0,0,1,1,1,1,0,3,1,4,0,52,Highly Suitable
0,1,1,0,0,0,0,1,0,1,0,6,8,2,2,91,Highly Suitable
0,1,1,1,1,1,0,0,1,0,1,6,6,5,1,46,Highly Suitable
1,0,1,1,0,0,0,0,1,0,1,2,4,3,2,21,Highly Suitable
0,1,1,0,1,0,1,1,1,1,0,5,0,0,0,81,Highly Suitable
1,1,0,0,1,1,1,0,0,0,0,8,4,4,1,73,Highly Suitable
0,1,1,1,0,1,0,1,0,0,1,8,6,2,0,56,Highly Suitable
0,1,1,1,0,1,1,1,1,0,1,4,5,2,2,52,Highly Suitable
0,0,1,1,1,0,0,0,1,1,1,0,3,5,0,97,Highly Suitable
0,0,0,1,0,0,1,0,1,0,1,7,3,2,0,74,Highly Suitable
1,0,0,0,0,0,1,1,1,1,0,3,3,0,0,92,Suitable
0,1,1,0,0,1,0,0,0,0,1,6,4,1,1,90,Suitable
0,1,0,0,0,1,0,0,0,1,0,3,0,5,2,92,Suitable
0,0,0,1,1,0,1,1,0,0,1,3,7,0,1,72,Highly Suitable
1,1,0,1,0,0,1,1,0,0,0,5,1,0,2,46,Highly Suitable
1,0,1,1,0,0,1,1,1,1,1,3,2,1,1,97,Highly Suitable
1,1,0,0,0,0,1,1,0,1,0,2,1,5,0,45,Suitable
0,0,0,0,0,1,1,1,0,1,0,5,1,2,2,30,Suitable
0,1,1,0,0,1,0,0,0,0,1,8,0,3,2,96,Highly Suitable
0,1,0,1,0,1,0,0,0,0,1,6,7,2,2,21,Suitable
1,0,1,0,1,0,0,0,0,0,1,8,6,2,0,43,Highly Suitable
1,1,1,1,0,0,1,0,1,1,0,8,1,2,2,48,Highly Suitable
1,0,1,0,1,1,0,1,1,0,0,3,3,5,2,34,Highly Suitable
1,0,0,1,0,1,0,0,0,1,1,3,8,0,2,82,Highly Suitable
1,0,0,0,0,1,1,1,0,1,0,8,8,0,2,44,Highly Suitable
0,1,0,1,0,0,1,1,0,0,1,5,0,2,0,67,Suitable
0,0,1,1,0,0,1,0,0,1,0,2,6,0,2,36,Suitable
1,0,1,1,0,0,1,1,0,1,1,4,7,0,2,56,Highly Suitable
0,1,1,0,1,0,0,1,1,1,1,0,7,4,1,84,Highly Suitable
1,0,1,1,1,1,1,0,0,0,0,3,4,2,2,25,Highly Suitable
1,1,1,0,1,1,0,0,1,1,1,7,2,1,0,84,Highly Suitable
1,1,1,0,0,0,0,0,0,0,0,2,6,5,1,59,Suitable
1,1,1,0,1,1,0,0,0,1,1,6,1,0,0,80,Highly Suitable
0,0,1,0,0,1,0,1,0,0,0,2,1,5,1,82,Suitable
1,1,0,1,0,0,1,0,0,0,1,3,4,3,1,53,Highly Suitable
1,0,1,0,1,0,1,1,1,0,0,0,1,0,1,62,Suitable
1,1,1,1,0,0,0,0,0,1,1,4,2,0,0,65,Suitable
1,0,0,0,1,1,0,1,1,1,0,4,1,1,2,61,Suitable
1,0,0,0,1,0,1,0,0,1,1,4,3,2,2,74,Highly Suitable
0,0,0,0,0,0,1,0,0,0,1,4,3,2,1,42,Needs Improvement
1,0,1,0,1,0,1,1,1,1,1,7,6,5,0,53,Highly Suitable
0,1,1,1,0,1,1,0,1,0,0,7,0,0,0,32,Highly Suitable
1,0,0,1,0,1,0,1,1,1,1,3,5,1,0,78,Highly Suitable
0,0,1,0,0,0,0,1,0,1,0,6,6,5,0,95,Highly Suitable
0,1,0,0,0,0,1,0,0,1,0,5,8,3,1,76,Highly Suitable
0,0,0,1,0,0,1,0,0,1,1,3,3,2,1,89,Suitable
1,0,1,1,0,1,0,0,1,0,1,6,5,2,2,80,Highly Suitable
1,0,0,1,1,1,1,0,0,1,1,1,0,4,0,62,Suitable
1,1,1,0,1,0,0,0,1,1,0,4,0,1,2,40,Suitable
0,0,1,0,0,1,0,1,1,1,0,7,2,4,1,24,Suitable
0,1,0,1,0,1,0,0,0,1,1,8,5,3,2,42,Highly Suitable
1,1,1,0,0,0,0,0,1,1,0,4,5,5,0,20,Suitable
0,1,1,0,1,1,1,1,1,1,0,5,8,3,2,98,Highly Suitable
0,1,1,0,1,1,0,0,1,1,0,5,2,5,2,82,Highly Suitable
1,0,0,1,0,0,1,0,1,1,0,3,0,0,1,93,Suitable
0,1,0,0,1,1,1,0,0,0,0,7,0,5,0,43,Highly Suitable
1,0,1,1,1,1,1,1,1,1,1,7,8,0,2,21,Highly Suitable
1,1,0,0,0,1,1,1,0,0,0,6,3,0,2,31,Highly Suitable
0,0,1,0,0,0,1,0,0,1,1,4,7,0,2,77,Suitable
0,1,1,1,0,0,0,0,0,1,0,6,2,3,0,57,Suitable
0,1,0,0,1,0,1,1,1,1,1,4,7,3,0,62,Highly Suitable
1,0,1,1,1,0,0,0,0,0,1,7,4,3,1,99,Highly Suitable
0,1,0,0,1,1,1,1,1,0,0,3,8,4,1,50,Highly Suitable
0,1,0,1,0,1,0,1,1,0,1,2,8,3,1,74,Highly Suitable
1,0,1,0,1,1,0,0,1,1,0,1,3,4,0,84,Highly Suitable
1,1,1,1,1,1,0,0,1,0,1,5,8,5,2,48,Highly Suitable
0,1,0,0,0,1,0,0,1,0,0,6,0,1,2,89,Suitable
1,0,1,1,1,1,0,0,0,0,1,5,7,2,0,56,Highly Suitable
0,0,0,1,1,0,1,1,1,0,0,0,3,3,1,36,Needs Improvement
0,0,1,0,1,1,0,1,1,1,0,6,4,3,0,52,Highly Suitable
0,0,0,1,1,0,0,1,0,0,1,2,6,1,2,75,Suitable
0,0,0,0,1,1,1,1,1,0,1,0,6,1,0,43,Suitable
1,1,1,0,1,0,1,0,1,0,0,2,7,5,0,65,Highly Suitable
1,1,1,1,1,0,1,1,0,0,0,5,0,5,1,77,Highly Suitable
1,1,1,0,0,0,0,0,1,1,1,6,8,5,1,41,Highly Suitable
1,1,0,0,1,1,0,1,1,0,0,3,1,4,0,25,Suitable
0,0,0,1,0,1,0,1,0,0,1,5,4,0,2,86,Highly Suitable
0,0,0,0,0,1,1,0,1,0,0,6,7,2,0,46,Suitable
0,0,1,0,1,1,1,1,0,1,1,0,5,1,1,83,Highly Suitable
1,1,0,1,0,1,1,1,1,0,1,3,7,5,1,95,Highly Suitable
0,1,1,0,0,0,1,0,1,0,0,4,3,0,1,33,Needs Improvement
0,0,0,1,0,1,1,1,1,1,0,2,4,5,0,92,Highly Suitable
1,0,0,0,0,1,0,0,0,0,0,0,8,4,2,94,Suitable
0,1,0,1,0,1,0,1,0,0,0,0,1,4,2,84,Suitable
0,0,1,1,1,0,0,0,0,0,1,8,2,3,1,95,Highly Suitable
1,1,0,1,0,1,0,1,1,1,0,3,6,0,2,41,Highly Suitable
1,1,0,0,1,0,0,0,1,0,0,6,7,2,1,76,Highly Suitable
1,0,0,0,0,0,1,1,1,1,0,8,1,1,1,70,Highly Suitable
1,0,0,1,1,0,0,0,0,0,1,7,0,1,1,59,Suitable
1,1,0,0,0,1,1,1,0,0,0,1,7,3,2,91,Highly Suitable
0,1,0,0,1,0,1,0,0,0,0,1,1,4,2,93,Highly Suitable
0,1,0,0,0,0,1,1,1,0,1,1,4,2,2,100,Highly Suitable
1,1,0,1,0,1,1,1,1,0,1,3,7,0,0,59,Highly Suitable
1,0,1,1,0,0,1,0,0,1,1,6,5,5,2,79,Highly Suitable
1,0,0,1,0,0,1,0,0,0,1,1,4,3,0,86,Suitable
0,0,1,1,1,1,1,1,0,1,0,4,4,1,2,33,Highly Suitable
1,0,0,0,0,0,1,0,0,1,1,7,3,0,0,45,Suitable
0,1,1,1,0,0,1,0,1,0,1,7,4,1,2,88,Highly Suitable
1,1,0,1,0,0,1,0,0,1,1,6,3,5,1,76,Highly Suitable
1,1,1,0,0,0,0,0,0,0,1,0,1,4,2,28,Suitable
1,0,1,1,1,0,0,0,0,0,0,2,6,1,1,71,Suitable
1,1,0,1,0,0,1,1,0,0,0,6,7,4,1,56,Highly Suitable
1,0,0,0,0,0,1,1,1,0,0,6,6,5,1,80,Highly Suitable
0,1,0,0,1,1,0,1,1,1,1,5,6,0,1,59,Highly Suitable
1,0,1,0,0,1,1,1,1,1,0,8,1,0,0,30,Highly Suitable
1,0,0,0,0,0,1,0,1,0,1,6,4,4,2,83,Highly Suitable
1,0,0,0,1,0,1,1,1,0,1,8,0,3,2,83,Highly Suitable
1,1,0,0,0,0,0,0,1,0,1,2,1,2,0,63,Needs Improvement
0,1,1,1,0,0,0,1,1,1,0,2,8,3,1,74,Highly Suitable
0,0,0,0,0,1,1,1,0,1,1,6,4,5,2,47,Highly Suitable
0,1,0,0,0,0,1,1,1,1,0,8,8,3,1,29,Highly Suitable
0,1,1,1,0,0,0,1,1,0,1,2,2,0,1,93,Highly Suitable
1,1,0,1,1,1,1,0,1,1,0,5,8,5,0,37,Highly Suitable
0,1,1,1,1,1,1,0,0,1,0,8,8,5,1,58,Highly Suitable
1,0,0,0,1,1,0,0,1,0,1,6,6,5,1,27,Highly Suitable
1,0,0,1,0,1,1,0,1,0,0,8,5,5,2,78,Highly Suitable
0,1,0,0,0,0,1,1,0,0,1,7,4,1,2,71,Highly Suitable
1,1,0,0,0,0,1,0,1,1,1,4,5,4,0,85,Highly Suitable
1,1,0,1,0,0,1,1,1,0,1,6,0,4,0,35,Highly Suitable
1,1,0,1,1,1,1,0,0,0,0,3,3,3,1,51,Highly Suitable
0,0,1,1,1,0,1,1,0,0,0,3,5,0,1,48,Suitable
0,0,0,1,1,1,0,1,0,1,1,3,3,5,0,50,Suitable
1,1,1,1,1,0,1,0,1,1,1,0,5,1,0,56,Highly Suitable
0,0,1,1,0,1,1,1,1,0,0,6,7,4,1,76,Highly Suitable
1,0,0,0,1,1,1,1,0,1,0,8,6,1,0,57,Highly Suitable
1,1,1,1,0,0,0,0,0,0,1,2,0,5,1,27,Suitable
0,1,1,1,0,1,1,0,1,0,0,1,7,2,0,28,Suitable
0,0,0,0,1,0,1,0,0,1,0,4,5,2,1,39,Suitable
1,1,1,1,0,1,1,1,0,0,1,1,3,0,1,77,Highly Suitable
0,0,0,1,0,1,1,0,0,1,1,5,0,0,1,23,Needs Improvement
0,0,0,1,1,1,0,1,1,0,1,4,3,1,1,46,Suitable
0,1,0,0,0,1,1,1,0,1,1,4,1,3,2,70,Highly Suitable
0,0,1,0,0,0,0,1,1,1,1,4,5,4,2,27,Suitable
0,1,1,0,0,1,1,0,0,0,1,2,5,0,1,26,Suitable
1,0,1,0,0,0,0,1,0,1,0,0,0,2,1,67,Needs Improvement
1,0,1,0,1,1,0,0,1,0,1,5,8,1,0,23,Highly Suitable
0,1,1,1,0,1,1,1,1,0,0,7,5,4,0,38,Highly Suitable
1,0,0,0,0,0,1,1,1,1,1,8,2,3,2,91,Highly Suitable
1,0,1,1,0,0,1,1,0,1,0,7,1,0,0,71,Highly Suitable
1,0,1,0,1,0,1,0,0,1,0,1,2,0,2,51,Suitable
1,0,0,0,1,0,1,1,1,1,0,1,3,0,1,59,Suitable
0,0,1,1,1,0,1,1,0,0,1,0,4,5,1,67,Highly Suitable
0,1,1,1,0,1,0,1,1,0,0,8,2,5,2,41,Highly Suitable
1,1,1,1,1,1,1,1,1,1,0,0,5,2,0,98,Highly Suitable
0,0,0,0,1,0,1,1,0,0,1,4,5,5,2,44,Suitable
1,0,0,1,0,0,0,1,1,1,0,4,5,0,2,75,Highly Suitable
0,1,0,0,0,0,1,0,0,0,1,3,3,5,0,80,Suitable
1,1,0,1,0,1,1,0,1,0,1,0,3,2,2,94,Highly Suitable
1,0,1,1,0,1,0,0,1,0,0,4,1,5,0,70,Highly Suitable
1,1,0,1,0,0,0,0,1,1,1,1,8,0,1,63,Highly Suitable
1,1,1,0,0,0,1,1,1,0,1,7,0,5,0,100,Highly Suitable
1,1,1,1,1,1,1,1,1,1,1,8,0,2,0,92,Highly Suitable
0,1,1,1,1,0,0,1,0,1,1,2,4,5,0,29,Suitable
1,0,1,0,1,1,0,1,1,1,0,2,6,3,0,68,Highly Suitable
1,1,1,0,1,0,0,1,1,0,0,0,8,2,2,55,Highly Suitable
1,1,1,1,0,0,1,0,1,0,1,0,4,4,0,21,Highly Suitable
0,1,1,1,0,1,0,1,0,0,0,4,5,4,0,81,Highly Suitable
1,0,0,1,0,1,0,1,1,0,1,4,5,4,1,77,Highly Suitable
1,1,0,1,1,1,0,1,0,1,1,8,5,4,0,76,Highly Suitable
0,0,0,0,1,1,1,0,0,1,0,5,0,0,2,24,Suitable
0,1,0,1,0,1,0,1,0,0,0,7,4,2,0,70,Highly Suitable
1,1,0,1,1,1,1,1,1,1,0,8,4,2,1,96,Highly Suitable
1,0,0,0,1,0,0,0,0,1,1,6,2,3,0,22,Needs Improvement
0,0,1,0,0,0,0,1,0,1,1,6,4,1,0,70,Suitable
1,0,1,0,0,0,1,0,1,0,1,8,6,3,0,27,Highly Suitable
0,1,1,1,0,0,1,1,0,1,0,5,0,0,0,59,Suitable
1,0,0,1,1,1,0,0,0,0,0,0,3,1,2,38,Needs Improvement
0,0,1,1,1,0,1,0,1,0,0,6,2,5,2,62,Highly Suitable
0,1,1,0,0,0,1,0,0,0,1,3,0,3,1,29,Needs Improvement
0,0,1,1,0,0,0,1,1,1,1,8,6,4,0,43,Highly Suitable
0,0,0,0,0,0,1,1,0,1,1,6,7,0,1,52,Suitable
0,0,1,0,0,1,0,0,0,1,0,0,6,1,2,56,Needs Improvement
0,0,0,0,0,0,0,1,1,1,1,2,5,0,0,75,Not Suitable
0,0,1,0,1,0,0,0,0,0,1,4,8,0,0,66,Needs Improvement
1,1,0,1,0,0,1,0,0,0,1,8,0,5,0,32,Highly Suitable
0,0,0,1,1,0,1,0,1,1,0,6,6,5,1,79,Highly Suitable
0,1,0,1,1,0,1,0,1,0,0,8,1,3,2,47,Highly Suitable
1,1,0,0,1,1,1,1,0,1,1,1,5,3,0,69,Highly Suitable
0,0,1,1,0,1,1,1,0,0,1,7,6,4,2,82,Highly Suitable
0,1,1,0,1,0,0,1,0,1,0,4,7,4,0,72,Highly Suitable
0,0,0,0,0,1,1,1,0,1,1,5,5,3,1,95,Highly Suitable
0,1,0,0,0,0,1,0,0,0,0,0,2,5,0,98,Suitable
0,0,1,0,0,1,0,1,1,0,0,5,4,2,0,40,Suitable
1,1,1,0,1,1,0,1,1,1,0,2,7,0,0,86,Highly Suitable
1,0,1,1,0,1,1,1,0,1,0,8,6,0,0,64,Highly Suitable
0,0,0,1,0,0,1,0,0,0,0,0,4,4,2,90,Suitable
0,0,0,0,1,1,1,0,0,0,1,4,1,1,1,74,Suitable
1,0,0,1,0,1,1,1,0,1,1,6,3,0,0,49,Highly Suitable
0,1,0,0,0,0,0,1,1,1,1,2,1,2,2,53,Needs Improvement
1,1,1,0,0,0,1,1,0,0,1,4,3,0,0,62,Highly Suitable
0,1,1,1,1,1,0,1,0,0,0,2,8,3,0,81,Highly Suitable
1,0,1,0,1,0,0,1,1,0,1,1,6,4,0,72,Highly Suitable
1,0,0,1,0,0,1,1,0,1,0,3,1,5,1,55,Suitable
0,0,0,0,0,1,0,0,0,0,1,8,1,1,0,31,Needs Improvement
1,0,0,0,1,1,0,0,1,1,1,6,5,1,1,67,Highly Suitable
1,1,0,1,0,1,0,0,1,0,0,7,2,5,1,62,Highly Suitable
0,1,0,1,1,0,0,0,0,0,1,7,2,3,1,38,Suitable
0,0,0,1,0,0,0,1,0,1,1,2,2,1,0,24,Needs Improvement
1,1,0,1,0,1,0,0,0,1,0,1,3,5,2,50,Suitable
0,1,1,1,1,0,1,1,1,1,0,3,2,0,1,59,Suitable
0,0,0,1,1,0,1,0,1,0,1,2,6,5,2,54,Highly Suitable
0,1,0,1,0,0,1,1,1,0,1,2,7,2,2,27,Highly Suitable
1,1,0,0,1,0,1,1,0,1,0,4,6,3,1,25,Highly Suitable
0,1,1,0,1,0,1,0,0,0,1,6,3,2,0,100,Highly Suitable
1,0,1,1,1,1,0,1,0,1,0,1,7,2,0,44,Suitable
1,1,1,0,0,1,0,0,1,0,1,4,3,0,2,95,Highly Suitable
1,1,0,0,1,1,1,0,0,1,1,5,4,0,2,80,Highly Suitable
0,0,0,1,1,0,1,1,0,0,0,6,6,3,2,30,Highly Suitable
1,1,0,1,0,1,1,1,1,1,0,5,7,0,1,40,Highly Suitable
0,0,1,1,1,1,1,0,0,0,1,6,4,1,0,20,Highly Suitable
0,0,0,1,1,1,0,0,1,1,0,2,5,5,0,37,Suitable
1,0,1,1,0,0,1,0,1,1,0,7,3,0,1,70,Highly Suitable
1,1,1,0,0,0,0,0,0,1,0,6,4,2,2,23,Highly Suitable
0,1,1,0,0,1,0,1,0,0,0,1,0,1,1,23,Needs Improvement
1,0,1,1,1,1,0,1,0,1,1,0,2,5,1,43,Highly Suitable
1,1,1,0,0,0,1,1,0,1,0,0,4,1,0,26,Suitable
0,1,1,0,1,0,1,0,0,0,0,1,0,4,0,36,Needs Improvement
0,1,1,1,1,0,1,0,0,1,0,5,3,4,1,86,Highly Suitable
0,1,0,0,0,1,1,1,0,1,1,7,8,0,0,39,Highly Suitable
0,0,1,0,1,1,1,1,0,1,0,4,1,3,0,40,Suitable
0,1,1,1,1,0,1,1,0,1,0,1,5,0,2,21,Suitable
1,0,1,0,0,0,1,1,1,0,1,3,1,2,0,100,Highly Suitable
0,0,0,1,0,0,1,0,0,1,0,8,1,2,1,98,Highly Suitable
1,1,1,0,0,1,1,1,0,0,0,1,7,0,0,47,Suitable
0,1,0,1,0,1,0,1,1,1,1,7,1,5,0,81,Highly Suitable
0,0,0,1,1,0,1,1,1,0,0,8,7,3,1,23,Highly Suitable
0,1,0,1,0,1,1,1,0,1,0,6,3,1,0,29,Suitable
1,1,0,0,1,0,0,1,1,1,1,2,4,5,0,88,Highly Suitable
1,0,0,1,1,1,0,1,1,0,1,3,8,4,1,86,Highly Suitable
0,1,1,0,0,0,0,0,1,0,1,0,7,2,1,46,Needs Improvement
1,1,1,1,0,0,1,1,0,1,0,1,8,5,2,32,Highly Suitable
1,0,0,1,1,1,1,0,1,1,1,6,5,3,2,47,Highly Suitable
1,1,1,1,1,0,1,1,1,0,1,2,7,1,1,53,Highly Suitable
1,1,0,1,1,0,0,1,0,1,0,4,7,4,1,34,Highly Suitable
1,0,1,1,0,1,1,1,1,0,1,6,7,2,0,80,Highly Suitable
0,0,0,1,1,0,0,0,1,1,1,6,5,5,2,78,Highly Suitable
0,0,0,0,1,0,0,0,0,0,1,5,6,1,0,41,Needs Improvement
0,0,1,0,1,0,0,1,1,0,0,4,8,4,0,51,Suitable
0,1,0,1,1,0,1,1,1,1,1,0,4,0,2,96,Highly Suitable
1,1,1,0,0,1,0,0,1,0,1,3,2,5,0,45,Highly Suitable
0,0,0,1,1,0,1,0,0,1,1,4,3,4,2,25,Suitable
1,0,1,1,0,0,0,1,0,0,1,4,4,3,2,25,Highly Suitable
1,0,1,0,1,1,1,1,1,0,0,6,2,4,0,30,Highly Suitable
1,0,1,1,1,1,1,0,0,0,0,1,5,4,1,65,Highly Suitable
1,0,0,0,0,1,1,0,0,1,0,4,4,5,0,87,Highly Suitable
0,1,1,1,1,0,0,1,1,0,1,1,0,5,2,66,Highly Suitable
0,0,0,0,1,0,1,0,0,0,1,8,0,5,2,87,Highly Suitable
1,1,0,1,1,1,1,0,1,1,1,1,7,2,1,20,Highly Suitable
1,0,1,0,0,0,1,1,1,1,0,5,2,5,2,20,Highly Suitable
0,1,0,1,1,0,0,0,1,1,0,0,1,2,2,61,Suitable
0,1,0,1,0,1,0,0,1,0,1,3,4,1,1,100,Highly Suitable
0,0,0,0,1,0,1,0,0,0,0,8,7,3,2,29,Suitable
1,1,1,1,1,1,0,0,1,1,0,1,4,2,2,85,Highly Suitable
1,1,0,0,1,1,0,0,0,0,0,8,1,3,1,59,Highly Suitable
1,0,0,0,0,1,1,0,1,1,1,7,4,0,1,99,Highly Suitable
0,0,0,1,0,0,1,1,0,0,0,8,3,0,1,25,Needs Improvement
1,0,0,0,0,0,0,0,0,0,1,2,8,0,0,24,Needs Improvement
0,0,0,1,1,1,1,0,1,1,1,5,2,1,1,99,Highly Suitable
0,1,0,0,0,0,1,1,1,1,1,8,4,2,2,43,Highly Suitable
1,1,1,0,1,0,0,0,0,1,1,4,8,1,0,34,Highly Suitable
0,0,1,0,0,0,0,1,1,1,1,5,2,1,1,74,Suitable
1,0,1,1,1,0,1,0,0,0,0,8,0,3,0,23,Highly Suitable
1,0,1,0,0,0,1,0,1,1,1,3,4,3,1,70,Highly Suitable
0,1,1,1,0,1,0,1,0,0,1,6,3,2,1,31,Highly Suitable
1,1,0,1,0,0,0,0,0,0,0,7,8,5,1,65,Highly Suitable
1,0,1,0,1,0,0,1,1,0,0,4,3,3,2,68,Highly Suitable
0,1,0,1,1,0,1,1,0,0,1,1,5,0,2,52,Suitable
1,0,0,0,1,1,1,0,1,0,1,3,6,3,1,37,Suitable
1,0,1,1,1,0,0,0,1,1,0,4,8,5,2,69,Highly Suitable
1,0,0,1,1,1,1,1,0,0,0,7,8,3,1,62,Highly Suitable
0,0,0,1,1,1,0,0,0,1,1,6,0,4,0,72,Highly Suitable
0,0,1,1,1,1,0,1,1,1,1,6,7,5,0,69,Highly Suitable
0,1,1,1,1,0,0,0,0,0,0,5,6,4,0,83,Highly Suitable
0,0,0,0,0,1,0,0,1,1,0,3,3,4,0,83,Suitable
1,0,0,0,0,0,1,0,1,1,0,2,6,4,1,61,Suitable
0,1,1,1,0,1,0,0,0,1,0,7,6,0,2,20,Highly Suitable
0,1,1,0,0,0,0,1,0,1,0,3,2,1,1,25,Not Suitable
1,1,1,1,1,1,1,1,1,1,0,2,5,2,2,33,Highly Suitable
1,1,0,0,1,0,1,0,1,0,1,0,1,1,2,47,Suitable
0,1,0,1,0,1,0,1,0,0,1,2,3,3,1,37,Suitable
1,0,1,1,1,1,1,1,0,1,1,1,5,1,0,58,Highly Suitable
1,1,1,0,0,0,0,1,1,0,0,8,4,2,2,54,Highly Suitable
1,0,0,1,1,1,1,0,0,1,0,4,6,5,2,51,Highly Suitable
0,1,1,0,1,1,0,1,0,1,0,5,7,3,1,83,Highly Suitable
0,0,0,0,1,0,0,1,1,1,0,0,8,3,0,88,Needs Improvement
1,0,1,0,0,1,0,0,0,0,1,4,1,0,2,25,Needs Improvement
0,1,1,0,0,1,0,0,1,0,1,5,6,5,2,57,Highly Suitable
0,0,0,1,0,1,1,0,1,0,1,1,2,0,2,35,Needs Improvement
1,0,0,0,0,1,1,0,0,1,1,5,5,5,0,55,Suitable
1,1,1,0,0,0,0,1,0,0,0,1,6,2,2,28,Highly Suitable
1,0,0,1,1,0,0,0,1,0,1,4,7,4,1,57,Highly Suitable
1,0,1,1,1,1,1,0,0,1,0,5,7,3,0,46,Highly Suitable
1,0,0,0,0,0,1,0,0,0,0,5,6,3,1,30,Suitable
0,0,0,0,1,1,0,0,0,1,0,3,0,2,0,76,Not Suitable
0,0,1,0,0,1,0,1,1,0,0,5,3,0,1,62,Suitable
0,0,1,0,1,1,0,1,1,0,1,3,5,2,1,79,Highly Suitable
1,1,0,0,0,1,0,0,1,1,0,5,1,3,0,72,Highly Suitable
0,1,1,0,1,1,1,0,0,1,0,5,5,5,0,97,Highly Suitable
1,1,0,0,0,0,1,1,0,1,1,3,1,3,2,35,Highly Suitable
1,0,1,1,0,1,1,0,0,1,0,8,0,2,1,87,Highly Suitable
0,0,0,1,0,1,1,1,0,0,0,0,0,2,0,21,Not Suitable
1,0,1,0,0,0,1,1,0,1,1,0,3,5,2,81,Suitable
1,1,0,0,0,0,0,0,1,0,1,5,1,4,0,66,Suitable
0,1,1,1,0,1,1,1,0,1,1,2,7,2,2,87,Highly Suitable
0,1,1,1,0,0,0,1,1,0,1,5,3,5,2,93,Highly Suitable
0,1,1,1,1,0,1,0,0,1,0,6,3,3,1,25,Highly Suitable
0,0,1,0,0,1,0,0,1,0,1,4,4,3,0,62,Suitable
1,0,0,1,1,0,1,1,0,1,0,3,1,4,0,49,Suitable
0,0,0,0,1,0,1,1,1,1,1,6,1,2,1,82,Suitable
1,1,1,0,1,1,0,0,1,0,0,1,5,2,1,41,Highly Suitable
0,0,1,1,0,1,0,0,0,1,1,7,0,3,0,23,Needs Improvement
0,1,1,0,1,1,0,0,1,0,1,7,8,0,0,24,Highly Suitable
0,1,1,1,0,1,1,1,1,0,1,5,4,3,1,95,Highly Suitable
1,0,1,0,1,1,0,1,1,0,1,7,1,0,1,90,Highly Suitable
1,1,1,1,0,0,1,0,0,1,1,6,6,5,1,71,Highly Suitable
0,0,0,0,1,0,1,1,1,0,0,4,8,0,0,35,Suitable
1,0,1,1,0,0,0,1,1,0,0,1,1,1,1,88,Suitable
1,1,0,0,1,1,0,1,1,1,1,6,4,1,2,97,Highly Suitable
0,0,0,0,0,0,1,1,1,0,0,8,0,2,1,81,Suitable
0,0,1,1,0,1,1,1,1,1,0,8,8,4,1,42,Highly Suitable
1,1,1,1,1,0,0,0,0,1,0,8,3,0,0,35,Highly Suitable
0,0,1,0,1,1,1,1,1,1,1,1,0,0,0,86,Suitable
0,1,1,1,1,0,1,1,0,0,0,1,8,3,1,38,Highly Suitable
0,1,1,1,0,0,0,1,1,0,0,4,4,0,0,33,Suitable
0,0,1,1,1,1,0,1,0,1,1,6,2,4,0,95,Highly Suitable
0,1,0,1,0,1,0,0,1,0,1,2,4,2,0,75,Suitable
0,1,0,0,0,1,1,1,0,0,0,6,1,1,2,94,Highly Suitable
1,1,1,1,1,0,1,1,0,0,1,5,0,0,2,92,Highly Suitable
0,0,0,0,1,1,1,0,1,1,1,8,6,0,0,28,Suitable
1,0,1,1,0,0,0,1,0,1,1,3,5,3,0,23,Suitable
1,1,0,1,1,0,1,1,1,1,1,4,5,5,0,31,Highly Suitable
1,1,0,0,0,1,1,0,0,0,1,3,2,5,2,49,Highly Suitable
0,1,0,0,1,1,1,0,0,0,1,1,0,0,0,21,Not Suitable
0,0,1,1,0,0,1,0,1,0,0,6,1,0,0,80,Suitable
0,1,0,1,0,1,0,0,0,0,0,0,7,3,2,38,Suitable
0,1,1,1,0,0,0,0,1,0,0,5,5,0,1,34,Suitable
0,0,0,0,0,1,0,0,0,0,0,0,6,1,0,82,Not Suitable
1,0,1,0,1,1,1,1,1,1,1,2,8,1,2,94,Highly Suitable
0,0,0,0,0,0,1,0,1,0,0,7,8,5,1,78,Highly Suitable
0,0,1,0,1,1,0,0,1,0,0,3,4,1,2,36,Suitable
1,1,0,0,1,0,1,0,0,1,1,7,4,2,0,74,Highly Suitable
1,1,1,1,0,0,0,1,0,1,0,6,1,4,1,85,Highly Suitable
1,1,0,0,1,0,0,0,1,1,1,4,7,0,2,63,Highly Suitable
0,1,1,0,1,0,0,0,1,0,0,0,2,2,2,21,Suitable
1,1,1,1,1,1,1,0,1,0,1,5,8,4,0,28,Highly Suitable
0,1,0,1,0,0,0,0,1,1,0,0,5,3,0,83,Suitable
1,1,0,1,0,1,1,1,0,1,0,5,0,4,2,50,Highly Suitable
0,0,1,0,0,0,1,1,1,0,0,4,3,0,0,92,Suitable
1,1,0,0,1,1,1,0,1,0,0,2,1,3,0,45,Suitable
1,1,0,0,0,1,1,0,1,1,1,3,0,3,1,56,Highly Suitable
1,1,0,1,1,0,0,0,0,1,1,4,1,5,2,37,Highly Suitable
1,0,1,0,0,1,1,0,1,0,1,1,8,5,1,43,Highly Suitable
0,1,0,1,0,1,1,1,0,0,0,7,2,2,2,24,Highly Suitable
1,0,0,0,1,1,1,0,0,0,1,1,3,1,0,79,Suitable
1,0,1,0,0,1,1,1,0,0,0,7,3,5,2,97,Highly Suitable
0,0,1,0,1,1,0,0,0,1,0,5,8,1,2,84,Highly Suitable
0,1,0,0,0,0,1,0,1,0,1,0,1,0,1,52,Needs Improvement
0,0,1,0,0,0,0,1,1,0,1,2,0,1,2,75,Suitable
1,0,1,1,1,1,0,1,0,1,0,2,3,3,1,55,Highly Suitable
1,1,0,1,0,0,1,0,0,0,1,1,8,4,1,38,Highly Suitable
0,0,1,1,0,1,1,1,0,0,1,7,7,4,0,73,Highly Suitable
1,1,0,0,0,0,0,0,1,0,0,2,3,0,0,90,Needs Improvement
1,0,0,0,1,0,0,1,1,0,0,0,3,1,0,29,Needs Improvement
0,1,1,0,1,1,1,0,1,0,1,3,1,5,1,66,Highly Suitable
1,0,1,1,1,1,1,1,0,1,0,2,2,5,0,44,Highly Suitable
1,0,0,1,1,1,1,0,1,1,1,1,0,1,1,70,Highly Suitable
0,1,1,1,0,0,1,0,0,1,1,5,3,1,2,30,Highly Suitable
0,0,1,0,1,1,0,1,1,1,1,7,1,2,1,28,Suitable
0,0,0,1,0,0,0,0,0,0,0,0,2,3,1,55,Not Suitable
0,0,1,1,1,0,0,1,1,1,0,0,4,0,0,47,Needs Improvement
1,1,0,0,0,0,0,1,0,1,1,4,8,4,1,72,Highly Suitable
0,1,1,0,0,1,1,0,0,1,1,6,8,2,0,49,Highly Suitable
1,0,0,1,1,0,1,1,0,0,0,8,5,2,2,51,Highly Suitable
1,0,1,0,0,0,1,1,1,1,0,6,4,3,0,23,Suitable
1,1,0,0,0,1,0,1,0,0,0,2,2,5,1,46,Suitable
1,1,0,1,0,0,0,0,0,0,0,1,8,3,2,64,Highly Suitable
1,1,0,1,0,0,1,0,1,0,0,4,0,1,2,58,Highly Suitable
0,1,0,1,1,1,1,0,1,0,1,4,3,0,0,91,Highly Suitable
0,1,0,1,1,1,1,0,1,1,0,3,6,2,0,47,Highly Suitable
0,1,0,1,0,0,0,1,0,1,1,0,6,0,1,85,Suitable
0,1,1,1,1,0,0,0,0,1,0,7,0,4,1,92,Highly Suitable
0,0,1,0,1,0,0,1,0,1,1,0,7,2,0,72,Needs Improvement
0,1,0,1,0,1,1,1,1,0,0,1,8,4,1,75,Highly Suitable
0,0,1,1,1,1,0,1,0,0,0,8,3,2,2,29,Highly Suitable
0,1,1,0,0,1,1,1,1,1,0,1,0,4,1,34,Suitable
0,0,0,1,0,0,1,1,1,1,1,8,1,0,0,54,Suitable
0,0,0,1,1,1,0,1,1,0,1,6,5,5,0,94,Highly Suitable
1,0,0,1,1,0,1,1,0,1,0,0,3,1,1,37,Needs Improvement
1,0,0,0,1,0,0,1,0,0,0,0,0,1,0,51,Not Suitable
0,1,1,1,1,0,1,0,0,1,0,3,3,2,0,33,Suitable
0,0,1,0,1,1,0,1,0,0,0,2,8,1,2,47,Highly Suitable
1,0,0,0,1,1,0,1,1,0,1,2,4,0,1,82,Highly Suitable
0,1,1,1,0,0,0,1,0,1,0,1,4,0,2,52,Suitable
0,1,1,1,1,1,1,0,1,0,0,1,2,2,2,58,Highly Suitable
0,1,0,1,1,0,0,0,1,1,1,4,4,2,1,92,Highly Suitable
1,1,0,0,1,1,0,0,0,0,0,8,0,0,1,36,Highly Suitable
1,0,1,0,1,1,1,0,1,0,0,1,1,2,1,73,Suitable
1,1,1,1,0,1,1,1,0,0,1,0,7,2,2,50,Highly Suitable
0,0,1,0,0,1,0,1,1,0,0,7,1,4,1,99,Highly Suitable
0,0,1,0,0,0,1,1,1,0,0,2,0,2,0,61,Needs Improvement
0,0,1,0,1,1,0,0,1,0,1,6,7,4,2,25,Highly Suitable
0,0,0,0,0,1,1,0,0,0,0,4,8,3,0,66,Suitable
1,0,0,0,1,0,1,1,1,0,0,6,8,1,0,32,Highly Suitable
1,0,0,0,0,1,0,0,1,1,1,2,1,0,0,82,Needs Improvement
1,1,0,1,0,0,0,1,1,0,1,3,5,5,0,57,Highly Suitable
1,1,1,1,1,0,0,1,0,1,1,4,3,1,1,35,Highly Suitable
0,1,1,0,1,1,0,0,0,1,0,4,5,0,2,27,Highly Suitable
0,0,1,1,1,1,1,1,0,1,1,4,0,5,0,99,Highly Suitable
1,0,0,1,1,1,0,1,1,1,0,2,6,2,2,44,Highly Suitable
1,0,1,0,0,0,1,0,0,1,0,6,5,2,2,81,Highly Suitable
1,0,0,0,0,0,1,1,0,0,1,6,3,1,0,26,Suitable
1,0,1,1,1,0,1,1,0,0,1,7,4,3,0,34,Highly Suitable
0,0,1,1,1,1,1,0,1,1,1,5,7,3,2,44,Highly Suitable
0,1,0,1,0,1,1,1,0,1,0,5,0,4,2,68,Highly Suitable
0,0,1,1,0,0,0,1,1,0,1,7,4,3,0,33,Highly Suitable
0,0,1,0,1,1,1,1,1,0,1,7,3,1,1,87,Highly Suitable
0,1,0,0,0,1,0,1,1,0,0,1,1,1,0,35,Not Suitable
1,0,0,0,0,0,1,0,0,1,1,1,4,4,0,50,Suitable
0,1,1,1,1,0,0,0,0,1,1,0,5,0,1,35,Needs Improvement
0,1,1,1,1,1,0,1,0,1,1,0,3,4,1,50,Highly Suitable
0,1,1,1,0,1,0,1,1,0,1,0,6,4,2,74,Highly Suitable
0,0,0,0,1,0,1,1,1,1,0,0,6,2,2,59,Suitable
1,0,1,0,1,0,1,0,0,0,1,2,5,3,0,28,Suitable
0,0,0,0,1,0,1,0,0,0,0,1,0,2,0,30,Not Suitable
0,1,0,1,0,1,0,0,1,1,1,7,4,3,1,21,Highly Suitable
1,0,0,1,0,1,0,1,0,1,1,3,8,2,1,70,Highly Suitable
1,1,0,1,1,1,0,0,1,1,0,8,6,4,0,70,Highly Suitable
0,0,1,0,1,0,0,1,0,0,0,5,7,5,0,56,Highly Suitable
1,0,1,1,0,0,0,1,1,0,0,0,6,2,1,69,Suitable
1,0,1,1,0,1,0,0,1,1,0,1,2,1,0,63,Suitable
0,0,0,0,1,1,0,1,0,1,0,2,4,2,1,82,Suitable
0,1,1,1,0,0,1,1,0,0,0,3,4,4,2,85,Highly Suitable
0,1,1,0,0,1,1,1,1,0,1,7,1,0,1,54,Highly Suitable
0,1,1,1,0,0,1,1,1,1,0,6,6,2,2,36,Highly Suitable
1,1,0,0,0,0,0,0,0,1,0,4,3,5,2,39,Suitable
1,0,1,0,0,1,1,0,1,0,1,8,2,2,0,78,Highly Suitable
0,1,1,0,0,1,1,1,1,1,1,5,6,4,0,72,Highly Suitable
0,0,1,1,1,0,0,1,0,0,1,4,2,1,2,80,Highly Suitable
1,0,1,1,1,1,1,0,1,0,1,7,3,5,2,49,Highly Suitable
1,1,0,0,0,1,0,1,1,1,0,5,2,5,2,68,Highly Suitable
0,1,1,0,0,1,1,0,1,1,0,7,2,3,0,24,Highly Suitable
0,1,0,0,1,0,0,0,1,0,1,3,0,2,0,26,Needs Improvement
0,0,1,1,1,1,1,1,0,0,1,8,1,3,1,29,Highly Suitable
1,1,1,0,1,1,0,0,1,0,1,6,7,5,1,91,Highly Suitable
0,0,0,1,1,0,0,1,1,0,0,8,1,3,1,39,Suitable
0,0,0,0,0,1,1,0,1,1,0,8,5,0,0,35,Suitable
0,1,0,0,0,0,0,1,0,1,0,3,5,4,2,85,Suitable
1,1,0,0,1,0,0,1,0,1,0,4,7,4,1,71,Highly Suitable
0,1,1,0,1,0,0,0,1,0,1,6,7,4,1,100,Highly Suitable
0,1,0,0,0,1,0,1,1,0,1,8,2,0,1,85,Highly Suitable
0,0,1,1,1,0,1,0,0,1,0,6,2,0,2,89,Highly Suitable
0,0,0,1,1,1,1,0,0,1,0,6,6,4,2,22,Highly Suitable
1,0,1,1,0,0,1,0,0,1,1,2,3,1,2,86,Highly Suitable
1,0,1,1,0,1,1,0,0,1,1,5,3,2,0,69,Highly Suitable
1,1,1,1,0,0,0,0,0,1,0,1,6,0,0,38,Suitable
1,0,1,1,1,0,0,1,0,1,0,2,5,2,1,36,Suitable
1,0,0,1,1,0,1,0,0,0,1,1,2,0,1,56,Needs Improvement
1,1,1,1,1,0,0,1,0,0,0,3,0,1,2,72,Highly Suitable
0,1,1,1,0,0,1,0,0,0,0,2,4,5,2,57,Highly Suitable
0,0,1,1,0,1,1,1,0,0,0,6,3,1,0,52,Suitable
1,1,0,1,1,0,0,0,1,1,1,0,0,5,2,25,Suitable
0,1,0,0,0,0,1,1,0,1,0,5,6,5,0,83,Highly Suitable
0,0,1,0,1,1,1,0,0,0,0,4,8,5,1,38,Highly Suitable
0,1,1,0,1,1,1,0,1,1,1,3,5,3,0,64,Highly Suitable
1,0,1,0,0,1,1,0,1,0,1,0,8,5,0,67,Highly Suitable
0,1,0,1,0,1,1,1,0,0,0,1,8,2,0,65,Highly Suitable
0,1,1,0,1,0,0,0,0,1,1,6,3,4,0,49,Suitable
1,0,1,1,0,1,1,0,0,1,0,1,0,5,1,76,Highly Suitable
1,1,0,0,0,1,0,1,0,1,0,3,6,1,1,28,Suitable
1,1,0,1,1,1,0,0,1,0,0,0,2,5,1,75,Highly Suitable
1,0,0,1,1,1,0,0,1,1,0,8,1,2,1,95,Highly Suitable
0,0,1,1,0,0,1,0,0,0,0,2,5,2,1,41,Needs Improvement
0,0,0,0,1,1,1,0,0,1,1,1,1,2,2,72,Suitable
0,0,0,0,0,0,1,1,0,0,1,7,0,0,2,79,Needs Improvement
0,1,1,0,0,1,0,1,0,1,0,2,3,2,0,31,Needs Improvement
0,0,0,1,1,0,0,0,1,1,1,1,8,3,0,59,Suitable
0,1,0,1,0,1,0,0,1,0,0,3,6,0,2,35,Highly Suitable
0,1,0,0,1,1,1,0,1,0,0,1,0,0,1,39,Needs Improvement
1,1,0,0,1,0,1,1,1,1,1,7,4,5,1,28,Highly Suitable
0,0,0,1,0,0,0,1,1,0,1,2,2,1,2,60,Suitable
1,1,0,1,0,1,0,0,1,0,1,3,4,0,1,98,Highly Suitable
1,0,0,0,0,1,1,0,0,1,0,8,1,2,0,85,Highly Suitable
1,0,1,1,1,1,1,1,0,1,0,4,7,1,2,100,Highly Suitable
1,0,1,0,1,1,1,0,0,1,0,7,5,2,2,21,Highly Suitable
1,1,0,1,0,0,1,0,0,1,1,6,3,3,2,91,Highly Suitable
0,1,1,1,1,0,1,1,0,0,0,1,2,0,0,24,Needs Improvement
1,0,0,0,1,0,1,1,1,0,0,8,4,2,1,62,Highly Suitable
0,1,0,1,1,1,1,0,0,1,0,8,7,0,1,77,Highly Suitable
1,0,1,1,0,0,0,0,1,0,1,3,4,2,0,73,Suitable
0,0,1,0,1,0,1,1,1,0,0,8,6,2,1,83,Highly Suitable
0,1,1,1,0,0,1,0,1,0,0,7,3,2,0,60,Highly Suitable
0,0,1,0,1,0,0,0,0,0,0,6,0,3,2,20,Suitable
0,0,1,0,0,1,0,1,1,1,1,7,8,1,2,89,Highly Suitable
1,0,1,0,1,1,1,0,1,0,0,8,2,4,0,20,Highly Suitable
0,1,1,0,1,0,0,1,0,0,1,5,1,2,0,58,Suitable
0,0,0,0,0,1,0,0,1,0,0,5,4,0,1,58,Needs Improvement
1,0,1,0,1,0,1,0,0,0,0,5,0,2,0,94,Suitable
1,1,0,0,1,1,1,0,0,1,0,0,8,3,2,29,Highly Suitable
0,0,0,1,1,1,1,1,1,0,1,8,1,5,2,84,Highly Suitable
0,1,1,0,0,1,1,0,1,0,1,3,7,2,0,95,Highly Suitable
0,0,1,0,0,0,1,0,0,0,0,7,6,0,1,66,Suitable
1,0,0,0,1,0,1,1,0,0,1,2,2,4,1,87,Highly Suitable
1,1,0,1,1,1,1,1,1,0,0,5,7,1,2,68,Highly Suitable
1,0,1,1,1,1,1,1,0,1,0,6,6,3,1,88,Highly Suitable
0,0,0,1,1,1,1,1,1,1,1,8,7,5,0,30,Highly Suitable
1,1,1,0,1,1,0,0,0,1,1,2,7,4,1,69,Highly Suitable
0,1,1,0,1,0,1,1,0,0,1,7,1,1,0,39,Suitable
0,0,1,1,0,0,0,0,0,1,0,5,5,1,0,65,Suitable
1,0,1,1,0,1,0,0,1,0,0,8,0,4,1,95,Highly Suitable
1,1,1,1,1,0,0,0,1,0,0,1,8,4,0,80,Highly Suitable
0,0,1,0,0,1,1,0,1,0,0,3,3,3,2,82,Suitable
1,0,0,1,0,0,0,0,0,1,1,1,0,3,2,82,Needs Improvement
0,0,0,1,1,0,0,1,0,0,1,1,7,2,1,37,Needs Improvement
1,0,0,0,1,1,0,1,0,0,0,4,6,3,0,54,Suitable
1,1,1,0,0,0,1,0,1,0,0,1,2,0,1,60,Suitable
0,1,1,1,1,0,1,1,0,1,1,6,5,2,0,53,Highly Suitable
0,1,0,1,1,0,1,1,1,1,0,5,6,4,0,28,Highly Suitable
0,1,0,1,0,1,0,1,1,1,1,6,3,0,2,70,Highly Suitable
0,0,0,0,1,1,1,0,1,1,0,7,1,3,1,39,Highly Suitable
1,0,0,1,1,1,0,0,1,0,0,2,8,3,1,44,Suitable
1,0,0,0,0,1,1,1,1,1,0,5,0,0,1,75,Suitable
0,1,1,1,0,0,1,0,1,1,1,8,4,2,2,50,Highly Suitable
0,1,0,1,1,1,0,1,1,1,0,0,5,4,2,78,Highly Suitable
1,1,0,0,0,0,0,0,1,0,0,1,6,4,2,32,Needs Improvement
0,1,1,1,1,0,0,1,0,0,1,0,6,3,2,80,Highly Suitable
0,1,0,0,0,0,0,1,0,0,0,4,5,4,1,28,Needs Improvement
1,0,0,1,1,1,0,1,1,1,1,4,5,3,1,55,Highly Suitable
1,1,0,1,0,1,0,0,1,0,1,4,8,5,1,54,Highly Suitable
0,0,0,0,1,1,1,0,1,1,1,8,2,4,0,57,Suitable
0,0,0,0,0,0,0,1,0,0,1,1,2,4,2,37,Needs Improvement
1,0,1,1,1,0,1,0,1,1,0,2,3,4,2,97,Highly Suitable
1,1,0,0,0,1,0,0,0,1,1,3,8,0,1,30,Suitable
1,0,1,1,1,1,0,0,1,0,1,5,4,4,2,20,Highly Suitable
1,1,1,0,1,1,1,0,0,1,1,0,1,3,2,87,Highly Suitable
0,0,0,1,0,1,0,0,0,0,0,8,8,4,1,65,Highly Suitable
1,0,0,0,0,1,1,1,1,0,0,8,7,2,0,43,Highly Suitable
0,1,1,1,1,1,0,1,0,0,1,2,0,4,0,70,Highly Suitable
0,0,1,0,1,1,0,1,0,0,1,6,8,3,0,32,Suitable
0,1,0,1,0,1,1,0,0,1,0,5,6,4,2,38,Highly Suitable
1,0,0,0,1,0,1,1,0,0,1,1,4,3,0,41,Needs Improvement
0,1,1,0,0,1,1,1,1,0,0,6,0,3,2,52,Highly Suitable
0,0,1,1,1,0,0,0,0,0,0,8,7,4,0,44,Highly Suitable
1,0,1,1,1,1,0,0,0,0,1,2,5,4,0,68,Highly Suitable
0,1,0,1,1,0,0,1,1,1,1,2,0,2,2,52,Suitable
0,1,0,0,0,1,1,1,1,0,0,6,8,2,2,34,Highly Suitable
0,0,1,0,0,0,0,0,0,0,0,1,6,1,1,93,Needs Improvement
1,0,1,0,0,1,0,0,0,0,0,5,1,1,2,35,Suitable
0,1,0,0,1,0,1,0,1,1,0,3,1,4,2,97,Highly Suitable
0,1,0,0,0,1,1,0,0,1,0,6,0,3,0,47,Needs Improvement
0,1,1,0,1,1,0,1,0,1,0,5,0,4,0,36,Suitable
0,1,0,1,0,0,1,0,0,1,0,3,6,4,1,83,Suitable
0,0,0,1,1,1,1,0,1,0,0,6,1,0,2,36,Highly Suitable
1,0,0,1,1,1,1,1,0,1,0,8,4,0,2,47,Highly Suitable
0,1,1,0,0,1,0,1,0,1,0,2,8,1,0,60,Suitable
1,1,1,1,1,0,0,0,1,1,0,2,2,1,1,99,Highly Suitable
1,1,1,0,1,0,0,1,0,0,0,2,3,5,2,43,Suitable
0,1,0,1,0,1,0,1,1,1,1,6,7,4,0,52,Highly Suitable
1,1,0,1,1,0,1,1,1,0,1,0,0,2,1,51,Suitable
1,0,1,0,0,0,1,0,1,0,0,0,5,4,1,69,Suitable
0,0,0,0,1,0,0,0,1,0,1,4,7,4,0,75,Suitable
0,1,0,0,0,0,0,1,0,1,1,8,0,0,1,85,Suitable
0,0,0,0,1,0,0,0,1,1,1,7,8,2,1,32,Suitable
0,0,1,1,1,0,1,1,1,0,0,3,3,0,2,34,Suitable
1,0,1,1,1,1,1,0,1,0,1,1,7,5,1,70,Highly Suitable
0,1,0,1,0,1,1,0,1,1,0,8,3,2,1,95,Highly Suitable
1,0,1,1,0,1,0,1,0,1,1,3,2,4,1,100,Highly Suitable
0,1,1,0,1,1,0,1,0,1,1,3,0,5,1,69,Highly Suitable
0,0,1,1,1,1,0,0,1,1,1,3,6,5,0,44,Highly Suitable
1,0,1,1,0,0,1,1,1,1,1,3,0,4,2,44,Highly Suitable
0,1,0,1,1,0,0,1,1,0,0,3,7,1,2,60,Highly Suitable
1,1,1,1,0,1,1,0,0,0,1,0,3,3,0,92,Highly Suitable
1,0,1,0,1,0,1,0,1,1,1,4,2,3,0,75,Highly Suitable
0,0,1,0,0,1,1,0,0,1,0,5,5,1,2,76,Suitable
0,1,0,1,1,1,0,0,0,0,0,7,2,3,2,31,Suitable
0,1,0,0,0,0,0,0,1,1,1,8,1,4,1,45,Suitable
0,0,1,1,0,1,1,1,0,0,1,1,4,2,0,31,Suitable
0,1,0,1,0,0,0,1,0,1,1,5,6,5,0,48,Suitable
0,1,1,0,0,1,1,1,1,1,0,1,2,0,1,59,Suitable
0,1,1,0,1,1,1,1,0,1,0,7,8,0,0,88,Highly Suitable
0,1,1,1,1,1,1,0,1,0,1,5,8,3,2,45,Highly Suitable
0,1,0,1,1,1,1,1,0,0,0,3,5,1,1,62,Highly Suitable
1,1,0,0,0,1,0,1,0,1,1,0,2,4,0,90,Highly Suitable
1,1,0,0,0,1,1,1,0,1,0,2,4,5,1,82,Highly Suitable
1,1,0,1,1,1,1,1,0,0,1,2,4,0,1,42,Highly Suitable
1,1,0,0,1,0,0,1,1,0,0,4,0,4,1,31,Needs Improvement
0,1,1,0,1,1,1,0,0,0,1,8,4,1,2,53,Highly Suitable
0,0,0,1,0,1,1,0,1,1,1,2,5,0,2,45,Suitable
1,0,0,1,0,1,0,1,0,0,1,7,6,0,2,25,Suitable
1,0,1,1,0,1,1,1,1,0,0,6,8,2,0,23,Highly Suitable
0,0,0,1,1,0,1,1,0,0,0,5,8,5,1,53,Highly Suitable
0,1,0,1,1,0,1,0,0,1,0,3,5,1,2,58,Highly Suitable
1,0,1,1,1,0,0,1,0,0,1,8,7,3,2,40,Highly Suitable
0,1,1,1,0,1,1,0,1,1,0,5,2,4,0,53,Highly Suitable
0,1,0,0,0,1,0,0,0,1,1,7,8,5,1,84,Highly Suitable
0,0,1,1,1,1,0,1,0,1,0,3,6,0,0,62,Suitable
0,1,1,0,0,1,0,0,0,0,1,5,7,1,0,77,Suitable
0,1,0,1,0,1,1,1,1,0,0,3,0,3,1,20,Suitable
1,0,1,1,1,0,1,0,1,0,1,7,5,1,2,91,Highly Suitable
0,0,0,0,1,0,0,0,1,1,0,1,4,3,1,94,Needs Improvement
1,1,0,1,0,0,0,0,1,0,1,7,6,4,1,80,Highly Suitable
1,0,0,0,0,0,0,1,0,0,1,6,8,2,2,22,Suitable
0,0,0,0,0,1,0,0,1,0,1,6,4,3,1,46,Needs Improvement
0,1,0,0,1,0,1,1,1,0,1,5,4,3,1,21,Highly Suitable
1,0,0,1,1,0,1,0,0,0,1,6,1,2,0,98,Highly Suitable
0,1,1,1,1,0,0,1,0,1,0,2,6,0,0,83,Highly Suitable
1,1,1,0,1,1,1,0,0,0,0,5,0,5,1,79,Highly Suitable
1,1,0,0,0,0,1,1,0,1,1,0,8,4,2,92,Highly Suitable
1,1,1,1,1,0,1,0,0,1,1,7,4,3,1,85,Highly Suitable
1,0,0,0,1,1,1,1,1,0,1,0,0,5,2,65,Suitable
1,0,1,0,0,0,0,0,1,0,0,5,4,4,2,95,Highly Suitable
1,1,0,0,0,0,0,1,0,1,0,2,7,3,0,67,Suitable
1,0,0,1,1,1,0,0,1,1,0,5,8,3,2,38,Highly Suitable
0,1,1,0,1,0,0,0,0,0,1,6,3,1,2,50,Highly Suitable
0,0,1,1,1,1,0,0,0,1,0,6,4,5,1,37,Highly Suitable
1,1,1,1,1,0,1,0,0,1,0,3,8,1,0,38,Highly Suitable
1,1,0,1,1,1,0,1,1,0,1,3,1,2,0,76,Highly Suitable
1,0,1,1,1,0,1,1,0,1,1,1,0,4,1,99,Highly Suitable
0,0,1,1,0,0,0,0,1,1,1,7,5,1,2,53,Highly Suitable
0,0,1,0,1,0,0,1,0,1,0,0,5,4,0,81,Suitable
0,0,0,1,1,0,1,1,1,0,0,3,8,4,0,86,Highly Suitable
1,0,1,1,0,1,1,1,1,0,0,3,5,1,1,41,Highly Suitable
0,1,1,1,0,1,0,1,0,1,1,6,0,5,0,93,Highly Suitable
0,0,0,0,0,1,0,1,0,0,0,3,4,2,0,50,Not Suitable
1,1,1,0,0,1,0,1,1,0,0,2,5,4,0,76,Highly Suitable
0,1,0,1,1,1,0,1,1,0,0,0,1,2,2,60,Highly Suitable
1,1,0,1,0,1,0,0,1,1,0,2,0,2,2,55,Highly Suitable
1,1,0,0,1,1,0,0,0,1,0,2,1,0,2,33,Suitable
0,1,0,1,0,0,1,0,0,0,0,5,0,0,0,87,Suitable
0,0,1,0,1,0,0,0,0,0,1,8,8,2,2,67,Highly Suitable
0,1,1,1,0,1,0,0,0,1,0,5,6,5,0,24,Highly Suitable
